metric_name,timestamp,metric_value,check,error,error_code,expected_response,group,method,name,proto,scenario,service,status,subproto,tls_version,url,extra_tags,metadata
http_reqs,1784713972,1.000000,,,,true,,GET,http://localhost:8080/work,HTTP/1.1,application_workload,,200,,,http://localhost:8080/work,,
http_req_duration,1784713972,99.711700,,,,true,,GET,http://localhost:8080/work,HTTP/1.1,application_workload,,200,,,http://localhost:8080/work,,
http_req_blocked,1784713972,27.116000,,,,true,,GET,http://localhost:8080/work,HTTP/1.1,application_workload,,200,,,http://localhost:8080/work,,
http_req_connecting,1784713972,0.534200,,,,true,,GET,http://localhost:8080/work,HTTP/1.1,application_workload,,200,,,http://localhost:8080/work,,
http_req_tls_handshaking,1784713972,0.000000,,,,true,,GET,http://localhost:8080/work,HTTP/1.1,application_workload,,200,,,http://localhost:8080/work,,
http_req_sending,1784713972,0.000000,,,,true,,GET,http://localhost:8080/work,HTTP/1.1,application_workload,,200,,,http://localhost:8080/work,,
http_req_waiting,1784713972,99.711700,,,,true,,GET,http://localhost:8080/work,HTTP/1.1,application_workload,,200,,,http://localhost:8080/work,,
http_req_receiving,1784713972,0.000000,,,,true,,GET,http://localhost:8080/work,HTTP/1.1,application_workload,,200,,,http://localhost:8080/work,,
http_req_failed,1784713972,0.000000,,,,true,,GET,http://localhost:8080/work,HTTP/1.1,application_workload,,200,,,http://localhost:8080/work,,
checks,1784713972,1.000000,status is 200,,,,,,,,application_workload,,,,,,,
data_sent,1784713972,74.000000,,,,,,,,,application_workload,,,,,,,
data_received,1784713972,269.000000,,,,,,,,,application_workload,,,,,,,
iteration_duration,1784713972,127.885700,,,,,,,,,application_workload,,,,,,,
iterations,1784713972,1.000000,,,,,,,,,application_workload,,,,,,,
http_reqs,1784713972,1.000000,,,,true,,GET,http://localhost:8080/work,HTTP/1.1,application_workload,,200,,,http://localhost:8080/work,,
http_req_duration,1784713972,105.780700,,,,true,,GET,http://localhost:8080/work,HTTP/1.1,application_workload,,200,,,http://localhost:8080/work,,
http_req_blocked,1784713972,0.379600,,,,true,,GET,http://localhost:8080/work,HTTP/1.1,application_workload,,200,,,http://localhost:8080/work,,
http_req_connecting,1784713972,0.379600,,,,true,,GET,http://localhost:8080/work,HTTP/1.1,application_workload,,200,,,http://localhost:8080/work,,
http_req_tls_handshaking,1784713972,0.000000,,,,true,,GET,http://localhost:8080/work,HTTP/1.1,application_workload,,200,,,http://localhost:8080/work,,
http_req_sending,1784713972,0.000000,,,,true,,GET,http://localhost:8080/work,HTTP/1.1,application_workload,,200,,,http://localhost:8080/work,,
http_req_waiting,1784713972,105.132000,,,,true,,GET,http://localhost:8080/work,HTTP/1.1,application_workload,,200,,,http://localhost:8080/work,,
http_req_receiving,1784713972,0.648700,,,,true,,GET,http://localhost:8080/work,HTTP/1.1,application_workload,,200,,,http://localhost:8080/work,,
http_req_failed,1784713972,0.000000,,,,true,,GET,http://localhost:8080/work,HTTP/1.1,application_workload,,200,,,http://localhost:8080/work,,
checks,1784713972,1.000000,status is 200,,,,,,,,application_workload,,,,,,,
data_sent,1784713972,74.000000,,,,,,,,,application_workload,,,,,,,
data_received,1784713972,268.000000,,,,,,,,,application_workload,,,,,,,
iteration_duration,1784713972,106.160300,,,,,,,,,application_workload,,,,,,,
iterations,1784713972,1.000000,,,,,,,,,application_workload,,,,,,,
http_reqs,1784713972,1.000000,,,,true,,GET,http://localhost:8080/work,HTTP/1.1,application_workload,,200,,,http://localhost:8080/work,,
http_req_duration,1784713972,133.440800,,,,true,,GET,http://localhost:8080/work,HTTP/1.1,application_workload,,200,,,http://localhost:8080/work,,
http_req_blocked,1784713972,1.831900,,,,true,,GET,http://localhost:8080/work,HTTP/1.1,application_workload,,200,,,http://localhost:8080/work,,
http_req_connecting,1784713972,1.104800,,,,true,,GET,http://localhost:8080/work,HTTP/1.1,application_workload,,200,,,http://localhost:8080/work,,
http_req_tls_handshaking,1784713972,0.000000,,,,true,,GET,http://localhost:8080/work,HTTP/1.1,application_workload,,200,,,http://localhost:8080/work,,
http_req_sending,1784713972,0.000000,,,,true,,GET,http://localhost:8080/work,HTTP/1.1,application_workload,,200,,,http://localhost:8080/work,,
http_req_waiting,1784713972,132.873000,,,,true,,GET,http://localhost:8080/work,HTTP/1.1,application_workload,,200,,,http://localhost:8080/work,,
http_req_receiving,1784713972,0.567800,,,,true,,GET,http://localhost:8080/work,HTTP/1.1,application_workload,,200,,,http://localhost:8080/work,,
http_req_failed,1784713972,0.000000,,,,true,,GET,http://localhost:8080/work,HTTP/1.1,application_workload,,200,,,http://localhost:8080/work,,
checks,1784713972,1.000000,status is 200,,,,,,,,application_workload,,,,,,,
data_sent,1784713972,74.000000,,,,,,,,,application_workload,,,,,,,
data_received,1784713972,270.000000,,,,,,,,,application_workload,,,,,,,
iteration_duration,1784713972,135.272700,,,,,,,,,application_workload,,,,,,,
iterations,1784713972,1.000000,,,,,,,,,application_workload,,,,,,,
http_reqs,1784713972,1.000000,,,,true,,GET,http://localhost:8080/work,HTTP/1.1,application_workload,,200,,,http://localhost:8080/work,,
http_req_duration,1784713972,196.822800,,,,true,,GET,http://localhost:8080/work,HTTP/1.1,application_workload,,200,,,http://localhost:8080/work,,
http_req_blocked,1784713972,1.220300,,,,true,,GET,http://localhost:8080/work,HTTP/1.1,application_workload,,200,,,http://localhost:8080/work,,
http_req_connecting,1784713972,0.643400,,,,true,,GET,http://localhost:8080/work,HTTP/1.1,application_workload,,200,,,http://localhost:8080/work,,
http_req_tls_handshaking,1784713972,0.000000,,,,true,,GET,http://localhost:8080/work,HTTP/1.1,application_workload,,200,,,http://localhost:8080/work,,
http_req_sending,1784713972,0.606700,,,,true,,GET,http://localhost:8080/work,HTTP/1.1,application_workload,,200,,,http://localhost:8080/work,,
http_req_waiting,1784713972,192.690400,,,,true,,GET,http://localhost:8080/work,HTTP/1.1,application_workload,,200,,,http://localhost:8080/work,,
http_req_receiving,1784713972,3.525700,,,,true,,GET,http://localhost:8080/work,HTTP/1.1,application_workload,,200,,,http://localhost:8080/work,,
http_req_failed,1784713972,0.000000,,,,true,,GET,http://localhost:8080/work,HTTP/1.1,application_workload,,200,,,http://localhost:8080/work,,
checks,1784713972,1.000000,status is 200,,,,,,,,application_workload,,,,,,,
data_sent,1784713972,74.000000,,,,,,,,,application_workload,,,,,,,
data_received,1784713972,269.000000,,,,,,,,,application_workload,,,,,,,
iteration_duration,1784713972,197.466200,,,,,,,,,application_workload,,,,,,,
iterations,1784713972,1.000000,,,,,,,,,application_workload,,,,,,,
http_reqs,1784713972,1.000000,,,,true,,GET,http://localhost:8080/work,HTTP/1.1,application_workload,,200,,,http://localhost:8080/work,,
http_req_duration,1784713972,195.025700,,,,true,,GET,http://localhost:8080/work,HTTP/1.1,application_workload,,200,,,http://localhost:8080/work,,
http_req_blocked,1784713972,0.207300,,,,true,,GET,http://localhost:8080/work,HTTP/1.1,application_workload,,200,,,http://localhost:8080/work,,
http_req_connecting,1784713972,0.000000,,,,true,,GET,http://localhost:8080/work,HTTP/1.1,application_workload,,200,,,http://localhost:8080/work,,
http_req_tls_handshaking,1784713972,0.000000,,,,true,,GET,http://localhost:8080/work,HTTP/1.1,application_workload,,200,,,http://localhost:8080/work,,
http_req_sending,1784713972,0.000000,,,,true,,GET,http://localhost:8080/work,HTTP/1.1,application_workload,,200,,,http://localhost:8080/work,,
http_req_waiting,1784713972,195.025700,,,,true,,GET,http://localhost:8080/work,HTTP/1.1,application_workload,,200,,,http://localhost:8080/work,,
http_req_receiving,1784713972,0.000000,,,,true,,GET,http://localhost:8080/work,HTTP/1.1,application_workload,,200,,,http://localhost:8080/work,,
http_req_failed,1784713972,0.000000,,,,true,,GET,http://localhost:8080/work,HTTP/1.1,application_workload,,200,,,http://localhost:8080/work,,
checks,1784713972,1.000000,status is 200,,,,,,,,application_workload,,,,,,,
data_sent,1784713972,74.000000,,,,,,,,,application_workload,,,,,,,
data_received,1784713972,269.000000,,,,,,,,,application_workload,,,,,,,
iteration_duration,1784713972,196.283100,,,,,,,,,application_workload,,,,,,,
iterations,1784713972,1.000000,,,,,,,,,application_workload,,,,,,,
vus,1784713972,1.000000,,,,,,,,,,,,,,,,
vus_max,1784713972,20.000000,,,,,,,,,,,,,,,,
http_reqs,1784713972,1.000000,,,,true,,GET,http://localhost:8080/work,HTTP/1.1,application_workload,,200,,,http://localhost:8080/work,,
http_req_duration,1784713972,194.431800,,,,true,,GET,http://localhost:8080/work,HTTP/1.1,application_workload,,200,,,http://localhost:8080/work,,
http_req_blocked,1784713972,0.265000,,,,true,,GET,http://localhost:8080/work,HTTP/1.1,application_workload,,200,,,http://localhost:8080/work,,
http_req_connecting,1784713972,0.265000,,,,true,,GET,http://localhost:8080/work,HTTP/1.1,application_workload,,200,,,http://localhost:8080/work,,
http_req_tls_handshaking,1784713972,0.000000,,,,true,,GET,http://localhost:8080/work,HTTP/1.1,application_workload,,200,,,http://localhost:8080/work,,
http_req_sending,1784713972,0.518100,,,,true,,GET,http://localhost:8080/work,HTTP/1.1,application_workload,,200,,,http://localhost:8080/work,,
http_req_waiting,1784713972,193.913700,,,,true,,GET,http://localhost:8080/work,HTTP/1.1,application_workload,,200,,,http://localhost:8080/work,,
http_req_receiving,1784713972,0.000000,,,,true,,GET,http://localhost:8080/work,HTTP/1.1,application_workload,,200,,,http://localhost:8080/work,,
http_req_failed,1784713972,0.000000,,,,true,,GET,http://localhost:8080/work,HTTP/1.1,application_workload,,200,,,http://localhost:8080/work,,
checks,1784713972,1.000000,status is 200,,,,,,,,application_workload,,,,,,,
data_sent,1784713972,74.000000,,,,,,,,,application_workload,,,,,,,
data_received,1784713972,268.000000,,,,,,,,,application_workload,,,,,,,
iteration_duration,1784713972,194.893800,,,,,,,,,application_workload,,,,,,,
iterations,1784713972,1.000000,,,,,,,,,application_workload,,,,,,,
http_reqs,1784713972,1.000000,,,,true,,GET,http://localhost:8080/work,HTTP/1.1,application_workload,,200,,,http://localhost:8080/work,,
http_req_duration,1784713972,73.498300,,,,true,,GET,http://localhost:8080/work,HTTP/1.1,application_workload,,200,,,http://localhost:8080/work,,
http_req_blocked,1784713972,0.000000,,,,true,,GET,http://localhost:8080/work,HTTP/1.1,application_workload,,200,,,http://localhost:8080/work,,
http_req_connecting,1784713972,0.000000,,,,true,,GET,http://localhost:8080/work,HTTP/1.1,application_workload,,200,,,http://localhost:8080/work,,
http_req_tls_handshaking,1784713972,0.000000,,,,true,,GET,http://localhost:8080/work,HTTP/1.1,application_workload,,200,,,http://localhost:8080/work,,
http_req_sending,1784713972,0.000000,,,,true,,GET,http://localhost:8080/work,HTTP/1.1,application_workload,,200,,,http://localhost:8080/work,,
http_req_waiting,1784713972,73.240400,,,,true,,GET,http://localhost:8080/work,HTTP/1.1,application_workload,,200,,,http://localhost:8080/work,,
http_req_receiving,1784713972,0.257900,,,,true,,GET,http://localhost:8080/work,HTTP/1.1,application_workload,,200,,,http://localhost:8080/work,,
http_req_failed,1784713972,0.000000,,,,true,,GET,http://localhost:8080/work,HTTP/1.1,application_workload,,200,,,http://localhost:8080/work,,
checks,1784713972,1.000000,status is 200,,,,,,,,application_workload,,,,,,,
data_sent,1784713972,74.000000,,,,,,,,,application_workload,,,,,,,
data_received,1784713972,268.000000,,,,,,,,,application_workload,,,,,,,
iteration_duration,1784713972,73.498300,,,,,,,,,application_workload,,,,,,,
iterations,1784713972,1.000000,,,,,,,,,application_workload,,,,,,,
http_reqs,1784713973,1.000000,,,,true,,GET,http://localhost:8080/work,HTTP/1.1,application_workload,,200,,,http://localhost:8080/work,,
http_req_duration,1784713973,57.072500,,,,true,,GET,http://localhost:8080/work,HTTP/1.1,application_workload,,200,,,http://localhost:8080/work,,
http_req_blocked,1784713973,2.938700,,,,true,,GET,http://localhost:8080/work,HTTP/1.1,application_workload,,200,,,http://localhost:8080/work,,
http_req_connecting,1784713973,2.938700,,,,true,,GET,http://localhost:8080/work,HTTP/1.1,application_workload,,200,,,http://localhost:8080/work,,
http_req_tls_handshaking,1784713973,0.000000,,,,true,,GET,http://localhost:8080/work,HTTP/1.1,application_workload,,200,,,http://localhost:8080/work,,
http_req_sending,1784713973,0.000000,,,,true,,GET,http://localhost:8080/work,HTTP/1.1,application_workload,,200,,,http://localhost:8080/work,,
http_req_waiting,1784713973,56.500700,,,,true,,GET,http://localhost:8080/work,HTTP/1.1,application_workload,,200,,,http://localhost:8080/work,,
http_req_receiving,1784713973,0.571800,,,,true,,GET,http://localhost:8080/work,HTTP/1.1,application_workload,,200,,,http://localhost:8080/work,,
http_req_failed,1784713973,0.000000,,,,true,,GET,http://localhost:8080/work,HTTP/1.1,application_workload,,200,,,http://localhost:8080/work,,
checks,1784713973,1.000000,status is 200,,,,,,,,application_workload,,,,,,,
data_sent,1784713973,74.000000,,,,,,,,,application_workload,,,,,,,
data_received,1784713973,267.000000,,,,,,,,,application_workload,,,,,,,
iteration_duration,1784713973,60.011200,,,,,,,,,application_workload,,,,,,,
iterations,1784713973,1.000000,,,,,,,,,application_workload,,,,,,,
http_reqs,1784713973,1.000000,,,,true,,GET,http://localhost:8080/work,HTTP/1.1,application_workload,,200,,,http://localhost:8080/work,,
http_req_duration,1784713973,132.584200,,,,true,,GET,http://localhost:8080/work,HTTP/1.1,application_workload,,200,,,http://localhost:8080/work,,
http_req_blocked,1784713973,0.000000,,,,true,,GET,http://localhost:8080/work,HTTP/1.1,application_workload,,200,,,http://localhost:8080/work,,
http_req_connecting,1784713973,0.000000,,,,true,,GET,http://localhost:8080/work,HTTP/1.1,application_workload,,200,,,http://localhost:8080/work,,
http_req_tls_handshaking,1784713973,0.000000,,,,true,,GET,http://localhost:8080/work,HTTP/1.1,application_workload,,200,,,http://localhost:8080/work,,
http_req_sending,1784713973,0.000000,,,,true,,GET,http://localhost:8080/work,HTTP/1.1,application_workload,,200,,,http://localhost:8080/work,,
http_req_waiting,1784713973,132.584200,,,,true,,GET,http://localhost:8080/work,HTTP/1.1,application_workload,,200,,,http://localhost:8080/work,,
http_req_receiving,1784713973,0.000000,,,,true,,GET,http://localhost:8080/work,HTTP/1.1,application_workload,,200,,,http://localhost:8080/work,,
http_req_failed,1784713973,0.000000,,,,true,,GET,http://localhost:8080/work,HTTP/1.1,application_workload,,200,,,http://localhost:8080/work,,
checks,1784713973,1.000000,status is 200,,,,,,,,application_workload,,,,,,,
data_sent,1784713973,74.000000,,,,,,,,,application_workload,,,,,,,
data_received,1784713973,268.000000,,,,,,,,,application_workload,,,,,,,
iteration_duration,1784713973,133.163100,,,,,,,,,application_workload,,,,,,,
iterations,1784713973,1.000000,,,,,,,,,application_workload,,,,,,,
http_reqs,1784713973,1.000000,,,,true,,GET,http://localhost:8080/work,HTTP/1.1,application_workload,,200,,,http://localhost:8080/work,,
http_req_duration,1784713973,270.177400,,,,true,,GET,http://localhost:8080/work,HTTP/1.1,application_workload,,200,,,http://localhost:8080/work,,
http_req_blocked,1784713973,0.277800,,,,true,,GET,http://localhost:8080/work,HTTP/1.1,application_workload,,200,,,http://localhost:8080/work,,
http_req_connecting,1784713973,0.277800,,,,true,,GET,http://localhost:8080/work,HTTP/1.1,application_workload,,200,,,http://localhost:8080/work,,
http_req_tls_handshaking,1784713973,0.000000,,,,true,,GET,http://localhost:8080/work,HTTP/1.1,application_workload,,200,,,http://localhost:8080/work,,
http_req_sending,1784713973,0.000000,,,,true,,GET,http://localhost:8080/work,HTTP/1.1,application_workload,,200,,,http://localhost:8080/work,,
http_req_waiting,1784713973,269.659200,,,,true,,GET,http://localhost:8080/work,HTTP/1.1,application_workload,,200,,,http://localhost:8080/work,,
http_req_receiving,1784713973,0.518200,,,,true,,GET,http://localhost:8080/work,HTTP/1.1,application_workload,,200,,,http://localhost:8080/work,,
http_req_failed,1784713973,0.000000,,,,true,,GET,http://localhost:8080/work,HTTP/1.1,application_workload,,200,,,http://localhost:8080/work,,
checks,1784713973,1.000000,status is 200,,,,,,,,application_workload,,,,,,,
data_sent,1784713973,74.000000,,,,,,,,,application_workload,,,,,,,
data_received,1784713973,270.000000,,,,,,,,,application_workload,,,,,,,
iteration_duration,1784713973,270.700400,,,,,,,,,application_workload,,,,,,,
iterations,1784713973,1.000000,,,,,,,,,application_workload,,,,,,,
http_reqs,1784713973,1.000000,,,,true,,GET,http://localhost:8080/work,HTTP/1.1,application_workload,,200,,,http://localhost:8080/work,,
http_req_duration,1784713973,215.524400,,,,true,,GET,http://localhost:8080/work,HTTP/1.1,application_workload,,200,,,http://localhost:8080/work,,
http_req_blocked,1784713973,0.000000,,,,true,,GET,http://localhost:8080/work,HTTP/1.1,application_workload,,200,,,http://localhost:8080/work,,
http_req_connecting,1784713973,0.000000,,,,true,,GET,http://localhost:8080/work,HTTP/1.1,application_workload,,200,,,http://localhost:8080/work,,
http_req_tls_handshaking,1784713973,0.000000,,,,true,,GET,http://localhost:8080/work,HTTP/1.1,application_workload,,200,,,http://localhost:8080/work,,
http_req_sending,1784713973,0.000000,,,,true,,GET,http://localhost:8080/work,HTTP/1.1,application_workload,,200,,,http://localhost:8080/work,,
http_req_waiting,1784713973,215.524400,,,,true,,GET,http://localhost:8080/work,HTTP/1.1,application_workload,,200,,,http://localhost:8080/work,,
http_req_receiving,1784713973,0.000000,,,,true,,GET,http://localhost:8080/work,HTTP/1.1,application_workload,,200,,,http://localhost:8080/work,,
http_req_failed,1784713973,0.000000,,,,true,,GET,http://localhost:8080/work,HTTP/1.1,application_workload,,200,,,http://localhost:8080/work,,
checks,1784713973,1.000000,status is 200,,,,,,,,application_workload,,,,,,,
data_sent,1784713973,74.000000,,,,,,,,,application_workload,,,,,,,
data_received,1784713973,266.000000,,,,,,,,,application_workload,,,,,,,
iteration_duration,1784713973,215.524400,,,,,,,,,application_workload,,,,,,,
iterations,1784713973,1.000000,,,,,,,,,application_workload,,,,,,,
vus,1784713973,1.000000,,,,,,,,,,,,,,,,
vus_max,1784713973,20.000000,,,,,,,,,,,,,,,,
http_reqs,1784713973,1.000000,,,,true,,GET,http://localhost:8080/work,HTTP/1.1,application_workload,,200,,,http://localhost:8080/work,,
http_req_duration,1784713973,65.419100,,,,true,,GET,http://localhost:8080/work,HTTP/1.1,application_workload,,200,,,http://localhost:8080/work,,
http_req_blocked,1784713973,0.000000,,,,true,,GET,http://localhost:8080/work,HTTP/1.1,application_workload,,200,,,http://localhost:8080/work,,
http_req_connecting,1784713973,0.000000,,,,true,,GET,http://localhost:8080/work,HTTP/1.1,application_workload,,200,,,http://localhost:8080/work,,
http_req_tls_handshaking,1784713973,0.000000,,,,true,,GET,http://localhost:8080/work,HTTP/1.1,application_workload,,200,,,http://localhost:8080/work,,
http_req_sending,1784713973,0.000000,,,,true,,GET,http://localhost:8080/work,HTTP/1.1,application_workload,,200,,,http://localhost:8080/work,,
http_req_waiting,1784713973,65.419100,,,,true,,GET,http://localhost:8080/work,HTTP/1.1,application_workload,,200,,,http://localhost:8080/work,,
http_req_receiving,1784713973,0.000000,,,,true,,GET,http://localhost:8080/work,HTTP/1.1,application_workload,,200,,,http://localhost:8080/work,,
http_req_failed,1784713973,0.000000,,,,true,,GET,http://localhost:8080/work,HTTP/1.1,application_workload,,200,,,http://localhost:8080/work,,
http_reqs,1784713973,1.000000,,,,true,,GET,http://localhost:8080/work,HTTP/1.1,application_workload,,200,,,http://localhost:8080/work,,
http_req_duration,1784713973,230.529500,,,,true,,GET,http://localhost:8080/work,HTTP/1.1,application_workload,,200,,,http://localhost:8080/work,,
http_req_blocked,1784713973,0.000000,,,,true,,GET,http://localhost:8080/work,HTTP/1.1,application_workload,,200,,,http://localhost:8080/work,,
http_req_connecting,1784713973,0.000000,,,,true,,GET,http://localhost:8080/work,HTTP/1.1,application_workload,,200,,,http://localhost:8080/work,,
http_req_tls_handshaking,1784713973,0.000000,,,,true,,GET,http://localhost:8080/work,HTTP/1.1,application_workload,,200,,,http://localhost:8080/work,,
http_req_sending,1784713973,0.000000,,,,true,,GET,http://localhost:8080/work,HTTP/1.1,application_workload,,200,,,http://localhost:8080/work,,
http_req_waiting,1784713973,189.119500,,,,true,,GET,http://localhost:8080/work,HTTP/1.1,application_workload,,200,,,http://localhost:8080/work,,
http_req_receiving,1784713973,41.410000,,,,true,,GET,http://localhost:8080/work,HTTP/1.1,application_workload,,200,,,http://localhost:8080/work,,
http_req_failed,1784713973,0.000000,,,,true,,GET,http://localhost:8080/work,HTTP/1.1,application_workload,,200,,,http://localhost:8080/work,,
checks,1784713973,1.000000,status is 200,,,,,,,,application_workload,,,,,,,
checks,1784713973,1.000000,status is 200,,,,,,,,application_workload,,,,,,,
data_sent,1784713973,74.000000,,,,,,,,,application_workload,,,,,,,
data_received,1784713973,267.000000,,,,,,,,,application_workload,,,,,,,
iteration_duration,1784713973,65.419100,,,,,,,,,application_workload,,,,,,,
iterations,1784713973,1.000000,,,,,,,,,application_workload,,,,,,,
data_sent,1784713973,74.000000,,,,,,,,,application_workload,,,,,,,
data_received,1784713973,269.000000,,,,,,,,,application_workload,,,,,,,
iteration_duration,1784713973,231.052700,,,,,,,,,application_workload,,,,,,,
iterations,1784713973,1.000000,,,,,,,,,application_workload,,,,,,,
http_reqs,1784713974,1.000000,,,,true,,GET,http://localhost:8080/work,HTTP/1.1,application_workload,,200,,,http://localhost:8080/work,,
http_req_duration,1784713974,101.218700,,,,true,,GET,http://localhost:8080/work,HTTP/1.1,application_workload,,200,,,http://localhost:8080/work,,
http_req_blocked,1784713974,1.565800,,,,true,,GET,http://localhost:8080/work,HTTP/1.1,application_workload,,200,,,http://localhost:8080/work,,
http_req_connecting,1784713974,1.049000,,,,true,,GET,http://localhost:8080/work,HTTP/1.1,application_workload,,200,,,http://localhost:8080/work,,
http_req_tls_handshaking,1784713974,0.000000,,,,true,,GET,http://localhost:8080/work,HTTP/1.1,application_workload,,200,,,http://localhost:8080/work,,
http_req_sending,1784713974,0.577100,,,,true,,GET,http://localhost:8080/work,HTTP/1.1,application_workload,,200,,,http://localhost:8080/work,,
http_req_waiting,1784713974,100.641600,,,,true,,GET,http://localhost:8080/work,HTTP/1.1,application_workload,,200,,,http://localhost:8080/work,,
http_req_receiving,1784713974,0.000000,,,,true,,GET,http://localhost:8080/work,HTTP/1.1,application_workload,,200,,,http://localhost:8080/work,,
http_req_failed,1784713974,0.000000,,,,true,,GET,http://localhost:8080/work,HTTP/1.1,application_workload,,200,,,http://localhost:8080/work,,
checks,1784713974,1.000000,status is 200,,,,,,,,application_workload,,,,,,,
data_sent,1784713974,74.000000,,,,,,,,,application_workload,,,,,,,
data_received,1784713974,269.000000,,,,,,,,,application_workload,,,,,,,
iteration_duration,1784713974,102.823700,,,,,,,,,application_workload,,,,,,,
iterations,1784713974,1.000000,,,,,,,,,application_workload,,,,,,,
http_reqs,1784713974,1.000000,,,,true,,GET,http://localhost:8080/work,HTTP/1.1,application_workload,,200,,,http://localhost:8080/work,,
http_req_duration,1784713974,91.692100,,,,true,,GET,http://localhost:8080/work,HTTP/1.1,application_workload,,200,,,http://localhost:8080/work,,
http_req_blocked,1784713974,0.996700,,,,true,,GET,http://localhost:8080/work,HTTP/1.1,application_workload,,200,,,http://localhost:8080/work,,
http_req_connecting,1784713974,0.996700,,,,true,,GET,http://localhost:8080/work,HTTP/1.1,application_workload,,200,,,http://localhost:8080/work,,
http_req_tls_handshaking,1784713974,0.000000,,,,true,,GET,http://localhost:8080/work,HTTP/1.1,application_workload,,200,,,http://localhost:8080/work,,
http_req_sending,1784713974,0.000000,,,,true,,GET,http://localhost:8080/work,HTTP/1.1,application_workload,,200,,,http://localhost:8080/work,,
http_req_waiting,1784713974,91.692100,,,,true,,GET,http://localhost:8080/work,HTTP/1.1,application_workload,,200,,,http://localhost:8080/work,,
http_req_receiving,1784713974,0.000000,,,,true,,GET,http://localhost:8080/work,HTTP/1.1,application_workload,,200,,,http://localhost:8080/work,,
http_req_failed,1784713974,0.000000,,,,true,,GET,http://localhost:8080/work,HTTP/1.1,application_workload,,200,,,http://localhost:8080/work,,
checks,1784713974,1.000000,status is 200,,,,,,,,application_workload,,,,,,,
data_sent,1784713974,74.000000,,,,,,,,,application_workload,,,,,,,
data_received,1784713974,269.000000,,,,,,,,,application_workload,,,,,,,
iteration_duration,1784713974,93.234100,,,,,,,,,application_workload,,,,,,,
iterations,1784713974,1.000000,,,,,,,,,application_workload,,,,,,,
http_reqs,1784713974,1.000000,,,,true,,GET,http://localhost:8080/work,HTTP/1.1,application_workload,,200,,,http://localhost:8080/work,,
http_req_duration,1784713974,227.828000,,,,true,,GET,http://localhost:8080/work,HTTP/1.1,application_workload,,200,,,http://localhost:8080/work,,
http_req_blocked,1784713974,1.161100,,,,true,,GET,http://localhost:8080/work,HTTP/1.1,application_workload,,200,,,http://localhost:8080/work,,
http_req_connecting,1784713974,1.081200,,,,true,,GET,http://localhost:8080/work,HTTP/1.1,application_workload,,200,,,http://localhost:8080/work,,
http_req_tls_handshaking,1784713974,0.000000,,,,true,,GET,http://localhost:8080/work,HTTP/1.1,application_workload,,200,,,http://localhost:8080/work,,
http_req_sending,1784713974,0.117700,,,,true,,GET,http://localhost:8080/work,HTTP/1.1,application_workload,,200,,,http://localhost:8080/work,,
http_req_waiting,1784713974,227.123200,,,,true,,GET,http://localhost:8080/work,HTTP/1.1,application_workload,,200,,,http://localhost:8080/work,,
http_req_receiving,1784713974,0.587100,,,,true,,GET,http://localhost:8080/work,HTTP/1.1,application_workload,,200,,,http://localhost:8080/work,,
http_req_failed,1784713974,0.000000,,,,true,,GET,http://localhost:8080/work,HTTP/1.1,application_workload,,200,,,http://localhost:8080/work,,
checks,1784713974,1.000000,status is 200,,,,,,,,application_workload,,,,,,,
data_sent,1784713974,74.000000,,,,,,,,,application_workload,,,,,,,
data_received,1784713974,269.000000,,,,,,,,,application_workload,,,,,,,
iteration_duration,1784713974,228.909200,,,,,,,,,application_workload,,,,,,,
iterations,1784713974,1.000000,,,,,,,,,application_workload,,,,,,,
vus,1784713974,2.000000,,,,,,,,,,,,,,,,
vus_max,1784713974,20.000000,,,,,,,,,,,,,,,,
http_reqs,1784713974,1.000000,,,,true,,GET,http://localhost:8080/work,HTTP/1.1,application_workload,,200,,,http://localhost:8080/work,,
http_req_duration,1784713974,405.656900,,,,true,,GET,http://localhost:8080/work,HTTP/1.1,application_workload,,200,,,http://localhost:8080/work,,
http_req_blocked,1784713974,1.444600,,,,true,,GET,http://localhost:8080/work,HTTP/1.1,application_workload,,200,,,http://localhost:8080/work,,
http_req_connecting,1784713974,1.444600,,,,true,,GET,http://localhost:8080/work,HTTP/1.1,application_workload,,200,,,http://localhost:8080/work,,
http_req_tls_handshaking,1784713974,0.000000,,,,true,,GET,http://localhost:8080/work,HTTP/1.1,application_workload,,200,,,http://localhost:8080/work,,
http_req_sending,1784713974,0.000000,,,,true,,GET,http://localhost:8080/work,HTTP/1.1,application_workload,,200,,,http://localhost:8080/work,,
http_req_waiting,1784713974,405.656900,,,,true,,GET,http://localhost:8080/work,HTTP/1.1,application_workload,,200,,,http://localhost:8080/work,,
http_req_receiving,1784713974,0.000000,,,,true,,GET,http://localhost:8080/work,HTTP/1.1,application_workload,,200,,,http://localhost:8080/work,,
http_req_failed,1784713974,0.000000,,,,true,,GET,http://localhost:8080/work,HTTP/1.1,application_workload,,200,,,http://localhost:8080/work,,
checks,1784713974,1.000000,status is 200,,,,,,,,application_workload,,,,,,,
data_sent,1784713974,74.000000,,,,,,,,,application_workload,,,,,,,
data_received,1784713974,268.000000,,,,,,,,,application_workload,,,,,,,
iteration_duration,1784713974,407.639700,,,,,,,,,application_workload,,,,,,,
iterations,1784713974,1.000000,,,,,,,,,application_workload,,,,,,,
http_reqs,1784713975,1.000000,,,,true,,GET,http://localhost:8080/work,HTTP/1.1,application_workload,,200,,,http://localhost:8080/work,,
http_req_duration,1784713975,287.756000,,,,true,,GET,http://localhost:8080/work,HTTP/1.1,application_workload,,200,,,http://localhost:8080/work,,
http_req_blocked,1784713975,1.769300,,,,true,,GET,http://localhost:8080/work,HTTP/1.1,application_workload,,200,,,http://localhost:8080/work,,
http_req_connecting,1784713975,1.769300,,,,true,,GET,http://localhost:8080/work,HTTP/1.1,application_workload,,200,,,http://localhost:8080/work,,
http_req_tls_handshaking,1784713975,0.000000,,,,true,,GET,http://localhost:8080/work,HTTP/1.1,application_workload,,200,,,http://localhost:8080/work,,
http_req_sending,1784713975,0.000000,,,,true,,GET,http://localhost:8080/work,HTTP/1.1,application_workload,,200,,,http://localhost:8080/work,,
http_req_waiting,1784713975,287.756000,,,,true,,GET,http://localhost:8080/work,HTTP/1.1,application_workload,,200,,,http://localhost:8080/work,,
http_req_receiving,1784713975,0.000000,,,,true,,GET,http://localhost:8080/work,HTTP/1.1,application_workload,,200,,,http://localhost:8080/work,,
http_req_failed,1784713975,0.000000,,,,true,,GET,http://localhost:8080/work,HTTP/1.1,application_workload,,200,,,http://localhost:8080/work,,
checks,1784713975,1.000000,status is 200,,,,,,,,application_workload,,,,,,,
data_sent,1784713975,74.000000,,,,,,,,,application_workload,,,,,,,
data_received,1784713975,269.000000,,,,,,,,,application_workload,,,,,,,
iteration_duration,1784713975,293.186200,,,,,,,,,application_workload,,,,,,,
iterations,1784713975,1.000000,,,,,,,,,application_workload,,,,,,,
http_reqs,1784713975,1.000000,,,,true,,GET,http://localhost:8080/work,HTTP/1.1,application_workload,,200,,,http://localhost:8080/work,,
http_req_duration,1784713975,213.462800,,,,true,,GET,http://localhost:8080/work,HTTP/1.1,application_workload,,200,,,http://localhost:8080/work,,
http_req_blocked,1784713975,8.002300,,,,true,,GET,http://localhost:8080/work,HTTP/1.1,application_workload,,200,,,http://localhost:8080/work,,
http_req_connecting,1784713975,8.002300,,,,true,,GET,http://localhost:8080/work,HTTP/1.1,application_workload,,200,,,http://localhost:8080/work,,
http_req_tls_handshaking,1784713975,0.000000,,,,true,,GET,http://localhost:8080/work,HTTP/1.1,application_workload,,200,,,http://localhost:8080/work,,
http_req_sending,1784713975,0.000000,,,,true,,GET,http://localhost:8080/work,HTTP/1.1,application_workload,,200,,,http://localhost:8080/work,,
http_req_waiting,1784713975,212.889500,,,,true,,GET,http://localhost:8080/work,HTTP/1.1,application_workload,,200,,,http://localhost:8080/work,,
http_req_receiving,1784713975,0.573300,,,,true,,GET,http://localhost:8080/work,HTTP/1.1,application_workload,,200,,,http://localhost:8080/work,,
http_req_failed,1784713975,0.000000,,,,true,,GET,http://localhost:8080/work,HTTP/1.1,application_workload,,200,,,http://localhost:8080/work,,
checks,1784713975,1.000000,status is 200,,,,,,,,application_workload,,,,,,,
data_sent,1784713975,74.000000,,,,,,,,,application_workload,,,,,,,
data_received,1784713975,268.000000,,,,,,,,,application_workload,,,,,,,
iteration_duration,1784713975,221.465100,,,,,,,,,application_workload,,,,,,,
iterations,1784713975,1.000000,,,,,,,,,application_workload,,,,,,,
http_reqs,1784713975,1.000000,,,,true,,GET,http://localhost:8080/work,HTTP/1.1,application_workload,,200,,,http://localhost:8080/work,,
http_req_duration,1784713975,159.019900,,,,true,,GET,http://localhost:8080/work,HTTP/1.1,application_workload,,200,,,http://localhost:8080/work,,
http_req_blocked,1784713975,0.000000,,,,true,,GET,http://localhost:8080/work,HTTP/1.1,application_workload,,200,,,http://localhost:8080/work,,
http_req_connecting,1784713975,0.000000,,,,true,,GET,http://localhost:8080/work,HTTP/1.1,application_workload,,200,,,http://localhost:8080/work,,
http_req_tls_handshaking,1784713975,0.000000,,,,true,,GET,http://localhost:8080/work,HTTP/1.1,application_workload,,200,,,http://localhost:8080/work,,
http_req_sending,1784713975,0.000000,,,,true,,GET,http://localhost:8080/work,HTTP/1.1,application_workload,,200,,,http://localhost:8080/work,,
http_req_waiting,1784713975,159.019900,,,,true,,GET,http://localhost:8080/work,HTTP/1.1,application_workload,,200,,,http://localhost:8080/work,,
http_req_receiving,1784713975,0.000000,,,,true,,GET,http://localhost:8080/work,HTTP/1.1,application_workload,,200,,,http://localhost:8080/work,,
http_req_failed,1784713975,0.000000,,,,true,,GET,http://localhost:8080/work,HTTP/1.1,application_workload,,200,,,http://localhost:8080/work,,
checks,1784713975,1.000000,status is 200,,,,,,,,application_workload,,,,,,,
data_sent,1784713975,74.000000,,,,,,,,,application_workload,,,,,,,
data_received,1784713975,268.000000,,,,,,,,,application_workload,,,,,,,
iteration_duration,1784713975,159.019900,,,,,,,,,application_workload,,,,,,,
iterations,1784713975,1.000000,,,,,,,,,application_workload,,,,,,,
http_reqs,1784713975,1.000000,,,,true,,GET,http://localhost:8080/work,HTTP/1.1,application_workload,,200,,,http://localhost:8080/work,,
http_req_duration,1784713975,94.290300,,,,true,,GET,http://localhost:8080/work,HTTP/1.1,application_workload,,200,,,http://localhost:8080/work,,
http_req_blocked,1784713975,0.558800,,,,true,,GET,http://localhost:8080/work,HTTP/1.1,application_workload,,200,,,http://localhost:8080/work,,
http_req_connecting,1784713975,0.558800,,,,true,,GET,http://localhost:8080/work,HTTP/1.1,application_workload,,200,,,http://localhost:8080/work,,
http_req_tls_handshaking,1784713975,0.000000,,,,true,,GET,http://localhost:8080/work,HTTP/1.1,application_workload,,200,,,http://localhost:8080/work,,
http_req_sending,1784713975,0.000000,,,,true,,GET,http://localhost:8080/work,HTTP/1.1,application_workload,,200,,,http://localhost:8080/work,,
http_req_waiting,1784713975,94.020400,,,,true,,GET,http://localhost:8080/work,HTTP/1.1,application_workload,,200,,,http://localhost:8080/work,,
http_req_receiving,1784713975,0.269900,,,,true,,GET,http://localhost:8080/work,HTTP/1.1,application_workload,,200,,,http://localhost:8080/work,,
http_req_failed,1784713975,0.000000,,,,true,,GET,http://localhost:8080/work,HTTP/1.1,application_workload,,200,,,http://localhost:8080/work,,
checks,1784713975,1.000000,status is 200,,,,,,,,application_workload,,,,,,,
data_sent,1784713975,74.000000,,,,,,,,,application_workload,,,,,,,
data_received,1784713975,268.000000,,,,,,,,,application_workload,,,,,,,
iteration_duration,1784713975,94.895800,,,,,,,,,application_workload,,,,,,,
iterations,1784713975,1.000000,,,,,,,,,application_workload,,,,,,,
http_reqs,1784713975,1.000000,,,,true,,GET,http://localhost:8080/work,HTTP/1.1,application_workload,,200,,,http://localhost:8080/work,,
http_req_duration,1784713975,123.881500,,,,true,,GET,http://localhost:8080/work,HTTP/1.1,application_workload,,200,,,http://localhost:8080/work,,
http_req_blocked,1784713975,0.997600,,,,true,,GET,http://localhost:8080/work,HTTP/1.1,application_workload,,200,,,http://localhost:8080/work,,
http_req_connecting,1784713975,0.832300,,,,true,,GET,http://localhost:8080/work,HTTP/1.1,application_workload,,200,,,http://localhost:8080/work,,
http_req_tls_handshaking,1784713975,0.000000,,,,true,,GET,http://localhost:8080/work,HTTP/1.1,application_workload,,200,,,http://localhost:8080/work,,
http_req_sending,1784713975,0.000000,,,,true,,GET,http://localhost:8080/work,HTTP/1.1,application_workload,,200,,,http://localhost:8080/work,,
http_req_waiting,1784713975,123.323500,,,,true,,GET,http://localhost:8080/work,HTTP/1.1,application_workload,,200,,,http://localhost:8080/work,,
http_req_receiving,1784713975,0.558000,,,,true,,GET,http://localhost:8080/work,HTTP/1.1,application_workload,,200,,,http://localhost:8080/work,,
http_req_failed,1784713975,0.000000,,,,true,,GET,http://localhost:8080/work,HTTP/1.1,application_workload,,200,,,http://localhost:8080/work,,
checks,1784713975,1.000000,status is 200,,,,,,,,application_workload,,,,,,,
data_sent,1784713975,74.000000,,,,,,,,,application_workload,,,,,,,
data_received,1784713975,269.000000,,,,,,,,,application_workload,,,,,,,
iteration_duration,1784713975,125.590300,,,,,,,,,application_workload,,,,,,,
iterations,1784713975,1.000000,,,,,,,,,application_workload,,,,,,,
http_reqs,1784713975,1.000000,,,,true,,GET,http://localhost:8080/work,HTTP/1.1,application_workload,,200,,,http://localhost:8080/work,,
http_req_duration,1784713975,158.899100,,,,true,,GET,http://localhost:8080/work,HTTP/1.1,application_workload,,200,,,http://localhost:8080/work,,
http_req_blocked,1784713975,1.129700,,,,true,,GET,http://localhost:8080/work,HTTP/1.1,application_workload,,200,,,http://localhost:8080/work,,
http_req_connecting,1784713975,1.129700,,,,true,,GET,http://localhost:8080/work,HTTP/1.1,application_workload,,200,,,http://localhost:8080/work,,
http_req_tls_handshaking,1784713975,0.000000,,,,true,,GET,http://localhost:8080/work,HTTP/1.1,application_workload,,200,,,http://localhost:8080/work,,
http_req_sending,1784713975,0.000000,,,,true,,GET,http://localhost:8080/work,HTTP/1.1,application_workload,,200,,,http://localhost:8080/work,,
http_req_waiting,1784713975,158.826700,,,,true,,GET,http://localhost:8080/work,HTTP/1.1,application_workload,,200,,,http://localhost:8080/work,,
http_req_receiving,1784713975,0.072400,,,,true,,GET,http://localhost:8080/work,HTTP/1.1,application_workload,,200,,,http://localhost:8080/work,,
http_req_failed,1784713975,0.000000,,,,true,,GET,http://localhost:8080/work,HTTP/1.1,application_workload,,200,,,http://localhost:8080/work,,
checks,1784713975,1.000000,status is 200,,,,,,,,application_workload,,,,,,,
data_sent,1784713975,74.000000,,,,,,,,,application_workload,,,,,,,
data_received,1784713975,269.000000,,,,,,,,,application_workload,,,,,,,
iteration_duration,1784713975,160.567300,,,,,,,,,application_workload,,,,,,,
iterations,1784713975,1.000000,,,,,,,,,application_workload,,,,,,,
vus,1784713975,1.000000,,,,,,,,,,,,,,,,
vus_max,1784713975,20.000000,,,,,,,,,,,,,,,,
http_reqs,1784713975,1.000000,,,,true,,GET,http://localhost:8080/work,HTTP/1.1,application_workload,,200,,,http://localhost:8080/work,,
http_req_duration,1784713975,198.855100,,,,true,,GET,http://localhost:8080/work,HTTP/1.1,application_workload,,200,,,http://localhost:8080/work,,
http_req_blocked,1784713975,1.208100,,,,true,,GET,http://localhost:8080/work,HTTP/1.1,application_workload,,200,,,http://localhost:8080/work,,
http_req_connecting,1784713975,1.208100,,,,true,,GET,http://localhost:8080/work,HTTP/1.1,application_workload,,200,,,http://localhost:8080/work,,
http_req_tls_handshaking,1784713975,0.000000,,,,true,,GET,http://localhost:8080/work,HTTP/1.1,application_workload,,200,,,http://localhost:8080/work,,
http_req_sending,1784713975,0.000000,,,,true,,GET,http://localhost:8080/work,HTTP/1.1,application_workload,,200,,,http://localhost:8080/work,,
http_req_waiting,1784713975,198.557100,,,,true,,GET,http://localhost:8080/work,HTTP/1.1,application_workload,,200,,,http://localhost:8080/work,,
http_req_receiving,1784713975,0.298000,,,,true,,GET,http://localhost:8080/work,HTTP/1.1,application_workload,,200,,,http://localhost:8080/work,,
http_req_failed,1784713975,0.000000,,,,true,,GET,http://localhost:8080/work,HTTP/1.1,application_workload,,200,,,http://localhost:8080/work,,
checks,1784713975,1.000000,status is 200,,,,,,,,application_workload,,,,,,,
data_sent,1784713975,74.000000,,,,,,,,,application_workload,,,,,,,
data_received,1784713975,268.000000,,,,,,,,,application_workload,,,,,,,
iteration_duration,1784713975,200.260300,,,,,,,,,application_workload,,,,,,,
iterations,1784713975,1.000000,,,,,,,,,application_workload,,,,,,,
http_reqs,1784713976,1.000000,,,,true,,GET,http://localhost:8080/work,HTTP/1.1,application_workload,,200,,,http://localhost:8080/work,,
http_req_duration,1784713976,227.592700,,,,true,,GET,http://localhost:8080/work,HTTP/1.1,application_workload,,200,,,http://localhost:8080/work,,
http_req_blocked,1784713976,1.312200,,,,true,,GET,http://localhost:8080/work,HTTP/1.1,application_workload,,200,,,http://localhost:8080/work,,
http_req_connecting,1784713976,0.000000,,,,true,,GET,http://localhost:8080/work,HTTP/1.1,application_workload,,200,,,http://localhost:8080/work,,
http_req_tls_handshaking,1784713976,0.000000,,,,true,,GET,http://localhost:8080/work,HTTP/1.1,application_workload,,200,,,http://localhost:8080/work,,
http_req_sending,1784713976,134.880000,,,,true,,GET,http://localhost:8080/work,HTTP/1.1,application_workload,,200,,,http://localhost:8080/work,,
http_req_waiting,1784713976,92.712700,,,,true,,GET,http://localhost:8080/work,HTTP/1.1,application_workload,,200,,,http://localhost:8080/work,,
http_req_receiving,1784713976,0.000000,,,,true,,GET,http://localhost:8080/work,HTTP/1.1,application_workload,,200,,,http://localhost:8080/work,,
http_req_failed,1784713976,0.000000,,,,true,,GET,http://localhost:8080/work,HTTP/1.1,application_workload,,200,,,http://localhost:8080/work,,
checks,1784713976,1.000000,status is 200,,,,,,,,application_workload,,,,,,,
data_sent,1784713976,148.000000,,,,,,,,,application_workload,,,,,,,
data_received,1784713976,269.000000,,,,,,,,,application_workload,,,,,,,
iteration_duration,1784713976,228.229400,,,,,,,,,application_workload,,,,,,,
iterations,1784713976,1.000000,,,,,,,,,application_workload,,,,,,,
http_reqs,1784713976,1.000000,,,,true,,GET,http://localhost:8080/work,HTTP/1.1,application_workload,,200,,,http://localhost:8080/work,,
http_req_duration,1784713976,192.105500,,,,true,,GET,http://localhost:8080/work,HTTP/1.1,application_workload,,200,,,http://localhost:8080/work,,
http_req_blocked,1784713976,4.033600,,,,true,,GET,http://localhost:8080/work,HTTP/1.1,application_workload,,200,,,http://localhost:8080/work,,
http_req_connecting,1784713976,4.033600,,,,true,,GET,http://localhost:8080/work,HTTP/1.1,application_workload,,200,,,http://localhost:8080/work,,
http_req_tls_handshaking,1784713976,0.000000,,,,true,,GET,http://localhost:8080/work,HTTP/1.1,application_workload,,200,,,http://localhost:8080/work,,
http_req_sending,1784713976,0.000000,,,,true,,GET,http://localhost:8080/work,HTTP/1.1,application_workload,,200,,,http://localhost:8080/work,,
http_req_waiting,1784713976,192.105500,,,,true,,GET,http://localhost:8080/work,HTTP/1.1,application_workload,,200,,,http://localhost:8080/work,,
http_req_receiving,1784713976,0.000000,,,,true,,GET,http://localhost:8080/work,HTTP/1.1,application_workload,,200,,,http://localhost:8080/work,,
http_req_failed,1784713976,0.000000,,,,true,,GET,http://localhost:8080/work,HTTP/1.1,application_workload,,200,,,http://localhost:8080/work,,
checks,1784713976,1.000000,status is 200,,,,,,,,application_workload,,,,,,,
data_sent,1784713976,74.000000,,,,,,,,,application_workload,,,,,,,
data_received,1784713976,268.000000,,,,,,,,,application_workload,,,,,,,
iteration_duration,1784713976,200.144700,,,,,,,,,application_workload,,,,,,,
iterations,1784713976,1.000000,,,,,,,,,application_workload,,,,,,,
http_reqs,1784713976,1.000000,,,,true,,GET,http://localhost:8080/work,HTTP/1.1,application_workload,,200,,,http://localhost:8080/work,,
http_req_duration,1784713976,193.290800,,,,true,,GET,http://localhost:8080/work,HTTP/1.1,application_workload,,200,,,http://localhost:8080/work,,
http_req_blocked,1784713976,0.773800,,,,true,,GET,http://localhost:8080/work,HTTP/1.1,application_workload,,200,,,http://localhost:8080/work,,
http_req_connecting,1784713976,0.000000,,,,true,,GET,http://localhost:8080/work,HTTP/1.1,application_workload,,200,,,http://localhost:8080/work,,
http_req_tls_handshaking,1784713976,0.000000,,,,true,,GET,http://localhost:8080/work,HTTP/1.1,application_workload,,200,,,http://localhost:8080/work,,
http_req_sending,1784713976,0.773800,,,,true,,GET,http://localhost:8080/work,HTTP/1.1,application_workload,,200,,,http://localhost:8080/work,,
http_req_waiting,1784713976,192.517000,,,,true,,GET,http://localhost:8080/work,HTTP/1.1,application_workload,,200,,,http://localhost:8080/work,,
http_req_receiving,1784713976,0.000000,,,,true,,GET,http://localhost:8080/work,HTTP/1.1,application_workload,,200,,,http://localhost:8080/work,,
http_req_failed,1784713976,0.000000,,,,true,,GET,http://localhost:8080/work,HTTP/1.1,application_workload,,200,,,http://localhost:8080/work,,
checks,1784713976,1.000000,status is 200,,,,,,,,application_workload,,,,,,,
data_sent,1784713976,74.000000,,,,,,,,,application_workload,,,,,,,
data_received,1784713976,269.000000,,,,,,,,,application_workload,,,,,,,
iteration_duration,1784713976,193.290800,,,,,,,,,application_workload,,,,,,,
iterations,1784713976,1.000000,,,,,,,,,application_workload,,,,,,,
http_reqs,1784713976,1.000000,,,,true,,GET,http://localhost:8080/work,HTTP/1.1,application_workload,,200,,,http://localhost:8080/work,,
http_req_duration,1784713976,120.166600,,,,true,,GET,http://localhost:8080/work,HTTP/1.1,application_workload,,200,,,http://localhost:8080/work,,
http_req_blocked,1784713976,5.508600,,,,true,,GET,http://localhost:8080/work,HTTP/1.1,application_workload,,200,,,http://localhost:8080/work,,
http_req_connecting,1784713976,5.508600,,,,true,,GET,http://localhost:8080/work,HTTP/1.1,application_workload,,200,,,http://localhost:8080/work,,
http_req_tls_handshaking,1784713976,0.000000,,,,true,,GET,http://localhost:8080/work,HTTP/1.1,application_workload,,200,,,http://localhost:8080/work,,
http_req_sending,1784713976,0.000000,,,,true,,GET,http://localhost:8080/work,HTTP/1.1,application_workload,,200,,,http://localhost:8080/work,,
http_req_waiting,1784713976,120.166600,,,,true,,GET,http://localhost:8080/work,HTTP/1.1,application_workload,,200,,,http://localhost:8080/work,,
http_req_receiving,1784713976,0.000000,,,,true,,GET,http://localhost:8080/work,HTTP/1.1,application_workload,,200,,,http://localhost:8080/work,,
http_req_failed,1784713976,0.000000,,,,true,,GET,http://localhost:8080/work,HTTP/1.1,application_workload,,200,,,http://localhost:8080/work,,
checks,1784713976,1.000000,status is 200,,,,,,,,application_workload,,,,,,,
data_sent,1784713976,74.000000,,,,,,,,,application_workload,,,,,,,
data_received,1784713976,267.000000,,,,,,,,,application_workload,,,,,,,
iteration_duration,1784713976,126.352400,,,,,,,,,application_workload,,,,,,,
iterations,1784713976,1.000000,,,,,,,,,application_workload,,,,,,,
http_reqs,1784713976,1.000000,,,,true,,GET,http://localhost:8080/work,HTTP/1.1,application_workload,,200,,,http://localhost:8080/work,,
http_req_duration,1784713976,159.717200,,,,true,,GET,http://localhost:8080/work,HTTP/1.1,application_workload,,200,,,http://localhost:8080/work,,
http_req_blocked,1784713976,2.938500,,,,true,,GET,http://localhost:8080/work,HTTP/1.1,application_workload,,200,,,http://localhost:8080/work,,
http_req_connecting,1784713976,2.873500,,,,true,,GET,http://localhost:8080/work,HTTP/1.1,application_workload,,200,,,http://localhost:8080/work,,
http_req_tls_handshaking,1784713976,0.000000,,,,true,,GET,http://localhost:8080/work,HTTP/1.1,application_workload,,200,,,http://localhost:8080/work,,
http_req_sending,1784713976,0.065000,,,,true,,GET,http://localhost:8080/work,HTTP/1.1,application_workload,,200,,,http://localhost:8080/work,,
http_req_waiting,1784713976,159.430900,,,,true,,GET,http://localhost:8080/work,HTTP/1.1,application_workload,,200,,,http://localhost:8080/work,,
http_req_receiving,1784713976,0.221300,,,,true,,GET,http://localhost:8080/work,HTTP/1.1,application_workload,,200,,,http://localhost:8080/work,,
http_req_failed,1784713976,0.000000,,,,true,,GET,http://localhost:8080/work,HTTP/1.1,application_workload,,200,,,http://localhost:8080/work,,
checks,1784713976,1.000000,status is 200,,,,,,,,application_workload,,,,,,,
data_sent,1784713976,74.000000,,,,,,,,,application_workload,,,,,,,
data_received,1784713976,268.000000,,,,,,,,,application_workload,,,,,,,
iteration_duration,1784713976,162.590700,,,,,,,,,application_workload,,,,,,,
iterations,1784713976,1.000000,,,,,,,,,application_workload,,,,,,,
http_reqs,1784713976,1.000000,,,,true,,GET,http://localhost:8080/work,HTTP/1.1,application_workload,,200,,,http://localhost:8080/work,,
http_req_duration,1784713976,133.150400,,,,true,,GET,http://localhost:8080/work,HTTP/1.1,application_workload,,200,,,http://localhost:8080/work,,
http_req_blocked,1784713976,7.991700,,,,true,,GET,http://localhost:8080/work,HTTP/1.1,application_workload,,200,,,http://localhost:8080/work,,
http_req_connecting,1784713976,0.000000,,,,true,,GET,http://localhost:8080/work,HTTP/1.1,application_workload,,200,,,http://localhost:8080/work,,
http_req_tls_handshaking,1784713976,0.000000,,,,true,,GET,http://localhost:8080/work,HTTP/1.1,application_workload,,200,,,http://localhost:8080/work,,
http_req_sending,1784713976,42.270100,,,,true,,GET,http://localhost:8080/work,HTTP/1.1,application_workload,,200,,,http://localhost:8080/work,,
http_req_waiting,1784713976,90.880300,,,,true,,GET,http://localhost:8080/work,HTTP/1.1,application_workload,,200,,,http://localhost:8080/work,,
http_req_receiving,1784713976,0.000000,,,,true,,GET,http://localhost:8080/work,HTTP/1.1,application_workload,,200,,,http://localhost:8080/work,,
http_req_failed,1784713976,0.000000,,,,true,,GET,http://localhost:8080/work,HTTP/1.1,application_workload,,200,,,http://localhost:8080/work,,
checks,1784713976,1.000000,status is 200,,,,,,,,application_workload,,,,,,,
data_sent,1784713976,148.000000,,,,,,,,,application_workload,,,,,,,
data_received,1784713976,267.000000,,,,,,,,,application_workload,,,,,,,
iteration_duration,1784713976,134.165800,,,,,,,,,application_workload,,,,,,,
iterations,1784713976,1.000000,,,,,,,,,application_workload,,,,,,,
vus,1784713976,0.000000,,,,,,,,,,,,,,,,
vus_max,1784713976,20.000000,,,,,,,,,,,,,,,,
http_reqs,1784713977,1.000000,,,,true,,GET,http://localhost:8080/work,HTTP/1.1,application_workload,,200,,,http://localhost:8080/work,,
http_req_duration,1784713977,302.841900,,,,true,,GET,http://localhost:8080/work,HTTP/1.1,application_workload,,200,,,http://localhost:8080/work,,
http_req_blocked,1784713977,1.364800,,,,true,,GET,http://localhost:8080/work,HTTP/1.1,application_workload,,200,,,http://localhost:8080/work,,
http_req_connecting,1784713977,0.000000,,,,true,,GET,http://localhost:8080/work,HTTP/1.1,application_workload,,200,,,http://localhost:8080/work,,
http_req_tls_handshaking,1784713977,0.000000,,,,true,,GET,http://localhost:8080/work,HTTP/1.1,application_workload,,200,,,http://localhost:8080/work,,
http_req_sending,1784713977,14.196600,,,,true,,GET,http://localhost:8080/work,HTTP/1.1,application_workload,,200,,,http://localhost:8080/work,,
http_req_waiting,1784713977,287.769500,,,,true,,GET,http://localhost:8080/work,HTTP/1.1,application_workload,,200,,,http://localhost:8080/work,,
http_req_receiving,1784713977,0.875800,,,,true,,GET,http://localhost:8080/work,HTTP/1.1,application_workload,,200,,,http://localhost:8080/work,,
http_req_failed,1784713977,0.000000,,,,true,,GET,http://localhost:8080/work,HTTP/1.1,application_workload,,200,,,http://localhost:8080/work,,
http_reqs,1784713977,1.000000,,,,true,,GET,http://localhost:8080/work,HTTP/1.1,application_workload,,200,,,http://localhost:8080/work,,
http_req_duration,1784713977,471.109200,,,,true,,GET,http://localhost:8080/work,HTTP/1.1,application_workload,,200,,,http://localhost:8080/work,,
http_req_blocked,1784713977,1.310100,,,,true,,GET,http://localhost:8080/work,HTTP/1.1,application_workload,,200,,,http://localhost:8080/work,,
http_req_connecting,1784713977,0.000000,,,,true,,GET,http://localhost:8080/work,HTTP/1.1,application_workload,,200,,,http://localhost:8080/work,,
http_req_tls_handshaking,1784713977,0.000000,,,,true,,GET,http://localhost:8080/work,HTTP/1.1,application_workload,,200,,,http://localhost:8080/work,,
http_req_sending,1784713977,181.633800,,,,true,,GET,http://localhost:8080/work,HTTP/1.1,application_workload,,200,,,http://localhost:8080/work,,
http_req_waiting,1784713977,287.874300,,,,true,,GET,http://localhost:8080/work,HTTP/1.1,application_workload,,200,,,http://localhost:8080/work,,
http_req_receiving,1784713977,1.601100,,,,true,,GET,http://localhost:8080/work,HTTP/1.1,application_workload,,200,,,http://localhost:8080/work,,
http_req_failed,1784713977,0.000000,,,,true,,GET,http://localhost:8080/work,HTTP/1.1,application_workload,,200,,,http://localhost:8080/work,,
checks,1784713977,1.000000,status is 200,,,,,,,,application_workload,,,,,,,
data_sent,1784713977,148.000000,,,,,,,,,application_workload,,,,,,,
data_received,1784713977,269.000000,,,,,,,,,application_workload,,,,,,,
iteration_duration,1784713977,471.753800,,,,,,,,,application_workload,,,,,,,
iterations,1784713977,1.000000,,,,,,,,,application_workload,,,,,,,
checks,1784713977,1.000000,status is 200,,,,,,,,application_workload,,,,,,,
data_sent,1784713977,148.000000,,,,,,,,,application_workload,,,,,,,
data_received,1784713977,270.000000,,,,,,,,,application_workload,,,,,,,
iteration_duration,1784713977,303.486500,,,,,,,,,application_workload,,,,,,,
iterations,1784713977,1.000000,,,,,,,,,application_workload,,,,,,,
vus,1784713977,4.000000,,,,,,,,,,,,,,,,
vus_max,1784713977,20.000000,,,,,,,,,,,,,,,,
http_reqs,1784713977,1.000000,,,,true,,GET,http://localhost:8080/work,HTTP/1.1,application_workload,,200,,,http://localhost:8080/work,,
http_req_duration,1784713977,564.765100,,,,true,,GET,http://localhost:8080/work,HTTP/1.1,application_workload,,200,,,http://localhost:8080/work,,
http_req_blocked,1784713977,3.533800,,,,true,,GET,http://localhost:8080/work,HTTP/1.1,application_workload,,200,,,http://localhost:8080/work,,
http_req_connecting,1784713977,2.932500,,,,true,,GET,http://localhost:8080/work,HTTP/1.1,application_workload,,200,,,http://localhost:8080/work,,
http_req_tls_handshaking,1784713977,0.000000,,,,true,,GET,http://localhost:8080/work,HTTP/1.1,application_workload,,200,,,http://localhost:8080/work,,
http_req_sending,1784713977,0.924200,,,,true,,GET,http://localhost:8080/work,HTTP/1.1,application_workload,,200,,,http://localhost:8080/work,,
http_req_waiting,1784713977,563.840900,,,,true,,GET,http://localhost:8080/work,HTTP/1.1,application_workload,,200,,,http://localhost:8080/work,,
http_req_receiving,1784713977,0.000000,,,,true,,GET,http://localhost:8080/work,HTTP/1.1,application_workload,,200,,,http://localhost:8080/work,,
http_req_failed,1784713977,0.000000,,,,true,,GET,http://localhost:8080/work,HTTP/1.1,application_workload,,200,,,http://localhost:8080/work,,
http_reqs,1784713977,1.000000,,,,true,,GET,http://localhost:8080/work,HTTP/1.1,application_workload,,200,,,http://localhost:8080/work,,
http_req_duration,1784713977,732.290600,,,,true,,GET,http://localhost:8080/work,HTTP/1.1,application_workload,,200,,,http://localhost:8080/work,,
http_req_blocked,1784713977,1.853500,,,,true,,GET,http://localhost:8080/work,HTTP/1.1,application_workload,,200,,,http://localhost:8080/work,,
http_req_connecting,1784713977,1.853500,,,,true,,GET,http://localhost:8080/work,HTTP/1.1,application_workload,,200,,,http://localhost:8080/work,,
http_req_tls_handshaking,1784713977,0.000000,,,,true,,GET,http://localhost:8080/work,HTTP/1.1,application_workload,,200,,,http://localhost:8080/work,,
http_req_sending,1784713977,0.000000,,,,true,,GET,http://localhost:8080/work,HTTP/1.1,application_workload,,200,,,http://localhost:8080/work,,
http_req_waiting,1784713977,633.568700,,,,true,,GET,http://localhost:8080/work,HTTP/1.1,application_workload,,200,,,http://localhost:8080/work,,
http_req_receiving,1784713977,98.721900,,,,true,,GET,http://localhost:8080/work,HTTP/1.1,application_workload,,200,,,http://localhost:8080/work,,
http_req_failed,1784713977,0.000000,,,,true,,GET,http://localhost:8080/work,HTTP/1.1,application_workload,,200,,,http://localhost:8080/work,,
checks,1784713977,1.000000,status is 200,,,,,,,,application_workload,,,,,,,
checks,1784713977,1.000000,status is 200,,,,,,,,application_workload,,,,,,,
data_sent,1784713977,74.000000,,,,,,,,,application_workload,,,,,,,
data_received,1784713977,269.000000,,,,,,,,,application_workload,,,,,,,
iteration_duration,1784713977,734.144100,,,,,,,,,application_workload,,,,,,,
iterations,1784713977,1.000000,,,,,,,,,application_workload,,,,,,,
data_sent,1784713977,74.000000,,,,,,,,,application_workload,,,,,,,
data_received,1784713977,269.000000,,,,,,,,,application_workload,,,,,,,
iteration_duration,1784713977,567.697600,,,,,,,,,application_workload,,,,,,,
iterations,1784713977,1.000000,,,,,,,,,application_workload,,,,,,,
http_reqs,1784713978,1.000000,,,,true,,GET,http://localhost:8080/work,HTTP/1.1,application_workload,,200,,,http://localhost:8080/work,,
http_req_duration,1784713978,567.537500,,,,true,,GET,http://localhost:8080/work,HTTP/1.1,application_workload,,200,,,http://localhost:8080/work,,
http_req_blocked,1784713978,2.484300,,,,true,,GET,http://localhost:8080/work,HTTP/1.1,application_workload,,200,,,http://localhost:8080/work,,
http_req_connecting,1784713978,0.000000,,,,true,,GET,http://localhost:8080/work,HTTP/1.1,application_workload,,200,,,http://localhost:8080/work,,
http_req_tls_handshaking,1784713978,0.000000,,,,true,,GET,http://localhost:8080/work,HTTP/1.1,application_workload,,200,,,http://localhost:8080/work,,
http_req_sending,1784713978,211.823400,,,,true,,GET,http://localhost:8080/work,HTTP/1.1,application_workload,,200,,,http://localhost:8080/work,,
http_req_waiting,1784713978,354.939800,,,,true,,GET,http://localhost:8080/work,HTTP/1.1,application_workload,,200,,,http://localhost:8080/work,,
http_req_receiving,1784713978,0.774300,,,,true,,GET,http://localhost:8080/work,HTTP/1.1,application_workload,,200,,,http://localhost:8080/work,,
http_req_failed,1784713978,0.000000,,,,true,,GET,http://localhost:8080/work,HTTP/1.1,application_workload,,200,,,http://localhost:8080/work,,
checks,1784713978,1.000000,status is 200,,,,,,,,application_workload,,,,,,,
data_sent,1784713978,148.000000,,,,,,,,,application_workload,,,,,,,
data_received,1784713978,269.000000,,,,,,,,,application_workload,,,,,,,
iteration_duration,1784713978,571.346400,,,,,,,,,application_workload,,,,,,,
iterations,1784713978,1.000000,,,,,,,,,application_workload,,,,,,,
http_reqs,1784713978,1.000000,,,,true,,GET,http://localhost:8080/work,HTTP/1.1,application_workload,,200,,,http://localhost:8080/work,,
http_req_duration,1784713978,743.561000,,,,true,,GET,http://localhost:8080/work,HTTP/1.1,application_workload,,200,,,http://localhost:8080/work,,
http_req_blocked,1784713978,1.145100,,,,true,,GET,http://localhost:8080/work,HTTP/1.1,application_workload,,200,,,http://localhost:8080/work,,
http_req_connecting,1784713978,1.112000,,,,true,,GET,http://localhost:8080/work,HTTP/1.1,application_workload,,200,,,http://localhost:8080/work,,
http_req_tls_handshaking,1784713978,0.000000,,,,true,,GET,http://localhost:8080/work,HTTP/1.1,application_workload,,200,,,http://localhost:8080/work,,
http_req_sending,1784713978,0.033100,,,,true,,GET,http://localhost:8080/work,HTTP/1.1,application_workload,,200,,,http://localhost:8080/work,,
http_req_waiting,1784713978,542.789000,,,,true,,GET,http://localhost:8080/work,HTTP/1.1,application_workload,,200,,,http://localhost:8080/work,,
http_req_receiving,1784713978,200.738900,,,,true,,GET,http://localhost:8080/work,HTTP/1.1,application_workload,,200,,,http://localhost:8080/work,,
http_req_failed,1784713978,0.000000,,,,true,,GET,http://localhost:8080/work,HTTP/1.1,application_workload,,200,,,http://localhost:8080/work,,
checks,1784713978,1.000000,status is 200,,,,,,,,application_workload,,,,,,,
data_sent,1784713978,74.000000,,,,,,,,,application_workload,,,,,,,
data_received,1784713978,269.000000,,,,,,,,,application_workload,,,,,,,
iteration_duration,1784713978,744.673000,,,,,,,,,application_workload,,,,,,,
iterations,1784713978,1.000000,,,,,,,,,application_workload,,,,,,,
http_reqs,1784713978,1.000000,,,,true,,GET,http://localhost:8080/work,HTTP/1.1,application_workload,,200,,,http://localhost:8080/work,,
http_req_duration,1784713978,1158.445000,,,,true,,GET,http://localhost:8080/work,HTTP/1.1,application_workload,,200,,,http://localhost:8080/work,,
http_req_blocked,1784713978,3.485700,,,,true,,GET,http://localhost:8080/work,HTTP/1.1,application_workload,,200,,,http://localhost:8080/work,,
http_req_connecting,1784713978,3.485700,,,,true,,GET,http://localhost:8080/work,HTTP/1.1,application_workload,,200,,,http://localhost:8080/work,,
http_req_tls_handshaking,1784713978,0.000000,,,,true,,GET,http://localhost:8080/work,HTTP/1.1,application_workload,,200,,,http://localhost:8080/work,,
http_req_sending,1784713978,0.000000,,,,true,,GET,http://localhost:8080/work,HTTP/1.1,application_workload,,200,,,http://localhost:8080/work,,
http_req_waiting,1784713978,988.711000,,,,true,,GET,http://localhost:8080/work,HTTP/1.1,application_workload,,200,,,http://localhost:8080/work,,
http_req_receiving,1784713978,169.734000,,,,true,,GET,http://localhost:8080/work,HTTP/1.1,application_workload,,200,,,http://localhost:8080/work,,
http_req_failed,1784713978,0.000000,,,,true,,GET,http://localhost:8080/work,HTTP/1.1,application_workload,,200,,,http://localhost:8080/work,,
checks,1784713978,1.000000,status is 200,,,,,,,,application_workload,,,,,,,
data_sent,1784713978,74.000000,,,,,,,,,application_workload,,,,,,,
data_received,1784713978,267.000000,,,,,,,,,application_workload,,,,,,,
iteration_duration,1784713978,1161.930700,,,,,,,,,application_workload,,,,,,,
iterations,1784713978,1.000000,,,,,,,,,application_workload,,,,,,,
http_reqs,1784713978,1.000000,,,,true,,GET,http://localhost:8080/work,HTTP/1.1,application_workload,,200,,,http://localhost:8080/work,,
http_req_duration,1784713978,703.876400,,,,true,,GET,http://localhost:8080/work,HTTP/1.1,application_workload,,200,,,http://localhost:8080/work,,
http_req_blocked,1784713978,2.484300,,,,true,,GET,http://localhost:8080/work,HTTP/1.1,application_workload,,200,,,http://localhost:8080/work,,
http_req_connecting,1784713978,0.000000,,,,true,,GET,http://localhost:8080/work,HTTP/1.1,application_workload,,200,,,http://localhost:8080/work,,
http_req_tls_handshaking,1784713978,0.000000,,,,true,,GET,http://localhost:8080/work,HTTP/1.1,application_workload,,200,,,http://localhost:8080/work,,
http_req_sending,1784713978,50.296300,,,,true,,GET,http://localhost:8080/work,HTTP/1.1,application_workload,,200,,,http://localhost:8080/work,,
http_req_waiting,1784713978,612.935100,,,,true,,GET,http://localhost:8080/work,HTTP/1.1,application_workload,,200,,,http://localhost:8080/work,,
http_req_receiving,1784713978,40.645000,,,,true,,GET,http://localhost:8080/work,HTTP/1.1,application_workload,,200,,,http://localhost:8080/work,,
http_req_failed,1784713978,0.000000,,,,true,,GET,http://localhost:8080/work,HTTP/1.1,application_workload,,200,,,http://localhost:8080/work,,
checks,1784713978,1.000000,status is 200,,,,,,,,application_workload,,,,,,,
data_sent,1784713978,148.000000,,,,,,,,,application_workload,,,,,,,
data_received,1784713978,269.000000,,,,,,,,,application_workload,,,,,,,
iteration_duration,1784713978,704.414600,,,,,,,,,application_workload,,,,,,,
iterations,1784713978,1.000000,,,,,,,,,application_workload,,,,,,,
vus,1784713978,4.000000,,,,,,,,,,,,,,,,
vus_max,1784713978,20.000000,,,,,,,,,,,,,,,,
http_reqs,1784713978,1.000000,,,,true,,GET,http://localhost:8080/work,HTTP/1.1,application_workload,,200,,,http://localhost:8080/work,,
http_req_duration,1784713978,733.498700,,,,true,,GET,http://localhost:8080/work,HTTP/1.1,application_workload,,200,,,http://localhost:8080/work,,
http_req_blocked,1784713978,1.454700,,,,true,,GET,http://localhost:8080/work,HTTP/1.1,application_workload,,200,,,http://localhost:8080/work,,
http_req_connecting,1784713978,0.000000,,,,true,,GET,http://localhost:8080/work,HTTP/1.1,application_workload,,200,,,http://localhost:8080/work,,
http_req_tls_handshaking,1784713978,0.000000,,,,true,,GET,http://localhost:8080/work,HTTP/1.1,application_workload,,200,,,http://localhost:8080/work,,
http_req_sending,1784713978,257.184600,,,,true,,GET,http://localhost:8080/work,HTTP/1.1,application_workload,,200,,,http://localhost:8080/work,,
http_req_waiting,1784713978,438.265800,,,,true,,GET,http://localhost:8080/work,HTTP/1.1,application_workload,,200,,,http://localhost:8080/work,,
http_req_receiving,1784713978,38.048300,,,,true,,GET,http://localhost:8080/work,HTTP/1.1,application_workload,,200,,,http://localhost:8080/work,,
http_req_failed,1784713978,0.000000,,,,true,,GET,http://localhost:8080/work,HTTP/1.1,application_workload,,200,,,http://localhost:8080/work,,
checks,1784713978,1.000000,status is 200,,,,,,,,application_workload,,,,,,,
data_sent,1784713978,148.000000,,,,,,,,,application_workload,,,,,,,
data_received,1784713978,270.000000,,,,,,,,,application_workload,,,,,,,
iteration_duration,1784713978,734.077200,,,,,,,,,application_workload,,,,,,,
iterations,1784713978,1.000000,,,,,,,,,application_workload,,,,,,,
http_reqs,1784713979,1.000000,,,,true,,GET,http://localhost:8080/work,HTTP/1.1,application_workload,,200,,,http://localhost:8080/work,,
http_req_duration,1784713979,758.673800,,,,true,,GET,http://localhost:8080/work,HTTP/1.1,application_workload,,200,,,http://localhost:8080/work,,
http_req_blocked,1784713979,0.000000,,,,true,,GET,http://localhost:8080/work,HTTP/1.1,application_workload,,200,,,http://localhost:8080/work,,
http_req_connecting,1784713979,0.000000,,,,true,,GET,http://localhost:8080/work,HTTP/1.1,application_workload,,200,,,http://localhost:8080/work,,
http_req_tls_handshaking,1784713979,0.000000,,,,true,,GET,http://localhost:8080/work,HTTP/1.1,application_workload,,200,,,http://localhost:8080/work,,
http_req_sending,1784713979,1.062500,,,,true,,GET,http://localhost:8080/work,HTTP/1.1,application_workload,,200,,,http://localhost:8080/work,,
http_req_waiting,1784713979,653.743300,,,,true,,GET,http://localhost:8080/work,HTTP/1.1,application_workload,,200,,,http://localhost:8080/work,,
http_req_receiving,1784713979,103.868000,,,,true,,GET,http://localhost:8080/work,HTTP/1.1,application_workload,,200,,,http://localhost:8080/work,,
http_req_failed,1784713979,0.000000,,,,true,,GET,http://localhost:8080/work,HTTP/1.1,application_workload,,200,,,http://localhost:8080/work,,
checks,1784713979,1.000000,status is 200,,,,,,,,application_workload,,,,,,,
data_sent,1784713979,74.000000,,,,,,,,,application_workload,,,,,,,
data_received,1784713979,268.000000,,,,,,,,,application_workload,,,,,,,
iteration_duration,1784713979,758.725600,,,,,,,,,application_workload,,,,,,,
iterations,1784713979,1.000000,,,,,,,,,application_workload,,,,,,,
http_reqs,1784713979,1.000000,,,,true,,GET,http://localhost:8080/work,HTTP/1.1,application_workload,,200,,,http://localhost:8080/work,,
http_req_duration,1784713979,1126.829300,,,,true,,GET,http://localhost:8080/work,HTTP/1.1,application_workload,,200,,,http://localhost:8080/work,,
http_req_blocked,1784713979,0.578400,,,,true,,GET,http://localhost:8080/work,HTTP/1.1,application_workload,,200,,,http://localhost:8080/work,,
http_req_connecting,1784713979,0.000000,,,,true,,GET,http://localhost:8080/work,HTTP/1.1,application_workload,,200,,,http://localhost:8080/work,,
http_req_tls_handshaking,1784713979,0.000000,,,,true,,GET,http://localhost:8080/work,HTTP/1.1,application_workload,,200,,,http://localhost:8080/work,,
http_req_sending,1784713979,80.061100,,,,true,,GET,http://localhost:8080/work,HTTP/1.1,application_workload,,200,,,http://localhost:8080/work,,
http_req_waiting,1784713979,1046.652000,,,,true,,GET,http://localhost:8080/work,HTTP/1.1,application_workload,,200,,,http://localhost:8080/work,,
http_req_receiving,1784713979,0.116200,,,,true,,GET,http://localhost:8080/work,HTTP/1.1,application_workload,,200,,,http://localhost:8080/work,,
http_req_failed,1784713979,0.000000,,,,true,,GET,http://localhost:8080/work,HTTP/1.1,application_workload,,200,,,http://localhost:8080/work,,
checks,1784713979,1.000000,status is 200,,,,,,,,application_workload,,,,,,,
data_sent,1784713979,148.000000,,,,,,,,,application_workload,,,,,,,
data_received,1784713979,269.000000,,,,,,,,,application_workload,,,,,,,
iteration_duration,1784713979,1127.411500,,,,,,,,,application_workload,,,,,,,
iterations,1784713979,1.000000,,,,,,,,,application_workload,,,,,,,
http_reqs,1784713979,1.000000,,,,true,,GET,http://localhost:8080/work,HTTP/1.1,application_workload,,200,,,http://localhost:8080/work,,
http_req_duration,1784713979,929.794100,,,,true,,GET,http://localhost:8080/work,HTTP/1.1,application_workload,,200,,,http://localhost:8080/work,,
http_req_blocked,1784713979,2.595600,,,,true,,GET,http://localhost:8080/work,HTTP/1.1,application_workload,,200,,,http://localhost:8080/work,,
http_req_connecting,1784713979,0.000000,,,,true,,GET,http://localhost:8080/work,HTTP/1.1,application_workload,,200,,,http://localhost:8080/work,,
http_req_tls_handshaking,1784713979,0.000000,,,,true,,GET,http://localhost:8080/work,HTTP/1.1,application_workload,,200,,,http://localhost:8080/work,,
http_req_sending,1784713979,180.463700,,,,true,,GET,http://localhost:8080/work,HTTP/1.1,application_workload,,200,,,http://localhost:8080/work,,
http_req_waiting,1784713979,748.620400,,,,true,,GET,http://localhost:8080/work,HTTP/1.1,application_workload,,200,,,http://localhost:8080/work,,
http_req_receiving,1784713979,0.710000,,,,true,,GET,http://localhost:8080/work,HTTP/1.1,application_workload,,200,,,http://localhost:8080/work,,
http_req_failed,1784713979,0.000000,,,,true,,GET,http://localhost:8080/work,HTTP/1.1,application_workload,,200,,,http://localhost:8080/work,,
checks,1784713979,1.000000,status is 200,,,,,,,,application_workload,,,,,,,
data_sent,1784713979,148.000000,,,,,,,,,application_workload,,,,,,,
data_received,1784713979,270.000000,,,,,,,,,application_workload,,,,,,,
iteration_duration,1784713979,930.135500,,,,,,,,,application_workload,,,,,,,
iterations,1784713979,1.000000,,,,,,,,,application_workload,,,,,,,
vus,1784713979,7.000000,,,,,,,,,,,,,,,,
vus_max,1784713979,20.000000,,,,,,,,,,,,,,,,
http_reqs,1784713979,1.000000,,,,true,,GET,http://localhost:8080/work,HTTP/1.1,application_workload,,200,,,http://localhost:8080/work,,
http_req_duration,1784713979,880.623500,,,,true,,GET,http://localhost:8080/work,HTTP/1.1,application_workload,,200,,,http://localhost:8080/work,,
http_req_blocked,1784713979,1.315700,,,,true,,GET,http://localhost:8080/work,HTTP/1.1,application_workload,,200,,,http://localhost:8080/work,,
http_req_connecting,1784713979,0.000000,,,,true,,GET,http://localhost:8080/work,HTTP/1.1,application_workload,,200,,,http://localhost:8080/work,,
http_req_tls_handshaking,1784713979,0.000000,,,,true,,GET,http://localhost:8080/work,HTTP/1.1,application_workload,,200,,,http://localhost:8080/work,,
http_req_sending,1784713979,7.479900,,,,true,,GET,http://localhost:8080/work,HTTP/1.1,application_workload,,200,,,http://localhost:8080/work,,
http_req_waiting,1784713979,873.143600,,,,true,,GET,http://localhost:8080/work,HTTP/1.1,application_workload,,200,,,http://localhost:8080/work,,
http_req_receiving,1784713979,0.000000,,,,true,,GET,http://localhost:8080/work,HTTP/1.1,application_workload,,200,,,http://localhost:8080/work,,
http_req_failed,1784713979,0.000000,,,,true,,GET,http://localhost:8080/work,HTTP/1.1,application_workload,,200,,,http://localhost:8080/work,,
checks,1784713979,1.000000,status is 200,,,,,,,,application_workload,,,,,,,
data_sent,1784713979,148.000000,,,,,,,,,application_workload,,,,,,,
data_received,1784713979,269.000000,,,,,,,,,application_workload,,,,,,,
iteration_duration,1784713979,880.623500,,,,,,,,,application_workload,,,,,,,
iterations,1784713979,1.000000,,,,,,,,,application_workload,,,,,,,
http_reqs,1784713979,1.000000,,,,true,,GET,http://localhost:8080/work,HTTP/1.1,application_workload,,200,,,http://localhost:8080/work,,
http_req_duration,1784713979,737.086200,,,,true,,GET,http://localhost:8080/work,HTTP/1.1,application_workload,,200,,,http://localhost:8080/work,,
http_req_blocked,1784713979,1.419000,,,,true,,GET,http://localhost:8080/work,HTTP/1.1,application_workload,,200,,,http://localhost:8080/work,,
http_req_connecting,1784713979,1.419000,,,,true,,GET,http://localhost:8080/work,HTTP/1.1,application_workload,,200,,,http://localhost:8080/work,,
http_req_tls_handshaking,1784713979,0.000000,,,,true,,GET,http://localhost:8080/work,HTTP/1.1,application_workload,,200,,,http://localhost:8080/work,,
http_req_sending,1784713979,0.000000,,,,true,,GET,http://localhost:8080/work,HTTP/1.1,application_workload,,200,,,http://localhost:8080/work,,
http_req_waiting,1784713979,737.086200,,,,true,,GET,http://localhost:8080/work,HTTP/1.1,application_workload,,200,,,http://localhost:8080/work,,
http_req_receiving,1784713979,0.000000,,,,true,,GET,http://localhost:8080/work,HTTP/1.1,application_workload,,200,,,http://localhost:8080/work,,
http_req_failed,1784713979,0.000000,,,,true,,GET,http://localhost:8080/work,HTTP/1.1,application_workload,,200,,,http://localhost:8080/work,,
checks,1784713979,1.000000,status is 200,,,,,,,,application_workload,,,,,,,
data_sent,1784713979,74.000000,,,,,,,,,application_workload,,,,,,,
data_received,1784713979,269.000000,,,,,,,,,application_workload,,,,,,,
iteration_duration,1784713979,739.015800,,,,,,,,,application_workload,,,,,,,
iterations,1784713979,1.000000,,,,,,,,,application_workload,,,,,,,
http_reqs,1784713980,1.000000,,,,true,,GET,http://localhost:8080/work,HTTP/1.1,application_workload,,200,,,http://localhost:8080/work,,
http_req_duration,1784713980,1300.693500,,,,true,,GET,http://localhost:8080/work,HTTP/1.1,application_workload,,200,,,http://localhost:8080/work,,
http_req_blocked,1784713980,3.291200,,,,true,,GET,http://localhost:8080/work,HTTP/1.1,application_workload,,200,,,http://localhost:8080/work,,
http_req_connecting,1784713980,0.000000,,,,true,,GET,http://localhost:8080/work,HTTP/1.1,application_workload,,200,,,http://localhost:8080/work,,
http_req_tls_handshaking,1784713980,0.000000,,,,true,,GET,http://localhost:8080/work,HTTP/1.1,application_workload,,200,,,http://localhost:8080/work,,
http_req_sending,1784713980,347.520500,,,,true,,GET,http://localhost:8080/work,HTTP/1.1,application_workload,,200,,,http://localhost:8080/work,,
http_req_waiting,1784713980,953.173000,,,,true,,GET,http://localhost:8080/work,HTTP/1.1,application_workload,,200,,,http://localhost:8080/work,,
http_req_receiving,1784713980,0.000000,,,,true,,GET,http://localhost:8080/work,HTTP/1.1,application_workload,,200,,,http://localhost:8080/work,,
http_req_failed,1784713980,0.000000,,,,true,,GET,http://localhost:8080/work,HTTP/1.1,application_workload,,200,,,http://localhost:8080/work,,
checks,1784713980,1.000000,status is 200,,,,,,,,application_workload,,,,,,,
data_sent,1784713980,148.000000,,,,,,,,,application_workload,,,,,,,
data_received,1784713980,270.000000,,,,,,,,,application_workload,,,,,,,
iteration_duration,1784713980,1301.218200,,,,,,,,,application_workload,,,,,,,
iterations,1784713980,1.000000,,,,,,,,,application_workload,,,,,,,
http_reqs,1784713980,1.000000,,,,true,,GET,http://localhost:8080/work,HTTP/1.1,application_workload,,200,,,http://localhost:8080/work,,
http_req_duration,1784713980,926.089500,,,,true,,GET,http://localhost:8080/work,HTTP/1.1,application_workload,,200,,,http://localhost:8080/work,,
http_req_blocked,1784713980,0.000000,,,,true,,GET,http://localhost:8080/work,HTTP/1.1,application_workload,,200,,,http://localhost:8080/work,,
http_req_connecting,1784713980,0.000000,,,,true,,GET,http://localhost:8080/work,HTTP/1.1,application_workload,,200,,,http://localhost:8080/work,,
http_req_tls_handshaking,1784713980,0.000000,,,,true,,GET,http://localhost:8080/work,HTTP/1.1,application_workload,,200,,,http://localhost:8080/work,,
http_req_sending,1784713980,0.000000,,,,true,,GET,http://localhost:8080/work,HTTP/1.1,application_workload,,200,,,http://localhost:8080/work,,
http_req_waiting,1784713980,926.089500,,,,true,,GET,http://localhost:8080/work,HTTP/1.1,application_workload,,200,,,http://localhost:8080/work,,
http_req_receiving,1784713980,0.000000,,,,true,,GET,http://localhost:8080/work,HTTP/1.1,application_workload,,200,,,http://localhost:8080/work,,
http_req_failed,1784713980,0.000000,,,,true,,GET,http://localhost:8080/work,HTTP/1.1,application_workload,,200,,,http://localhost:8080/work,,
checks,1784713980,1.000000,status is 200,,,,,,,,application_workload,,,,,,,
data_sent,1784713980,74.000000,,,,,,,,,application_workload,,,,,,,
data_received,1784713980,269.000000,,,,,,,,,application_workload,,,,,,,
iteration_duration,1784713980,926.089500,,,,,,,,,application_workload,,,,,,,
iterations,1784713980,1.000000,,,,,,,,,application_workload,,,,,,,
http_reqs,1784713980,1.000000,,,,true,,GET,http://localhost:8080/work,HTTP/1.1,application_workload,,200,,,http://localhost:8080/work,,
http_req_duration,1784713980,350.751800,,,,true,,GET,http://localhost:8080/work,HTTP/1.1,application_workload,,200,,,http://localhost:8080/work,,
http_req_blocked,1784713980,0.000000,,,,true,,GET,http://localhost:8080/work,HTTP/1.1,application_workload,,200,,,http://localhost:8080/work,,
http_req_connecting,1784713980,0.000000,,,,true,,GET,http://localhost:8080/work,HTTP/1.1,application_workload,,200,,,http://localhost:8080/work,,
http_req_tls_handshaking,1784713980,0.000000,,,,true,,GET,http://localhost:8080/work,HTTP/1.1,application_workload,,200,,,http://localhost:8080/work,,
http_req_sending,1784713980,0.000000,,,,true,,GET,http://localhost:8080/work,HTTP/1.1,application_workload,,200,,,http://localhost:8080/work,,
http_req_waiting,1784713980,350.751800,,,,true,,GET,http://localhost:8080/work,HTTP/1.1,application_workload,,200,,,http://localhost:8080/work,,
http_req_receiving,1784713980,0.000000,,,,true,,GET,http://localhost:8080/work,HTTP/1.1,application_workload,,200,,,http://localhost:8080/work,,
http_req_failed,1784713980,0.000000,,,,true,,GET,http://localhost:8080/work,HTTP/1.1,application_workload,,200,,,http://localhost:8080/work,,
http_reqs,1784713980,1.000000,,,,true,,GET,http://localhost:8080/work,HTTP/1.1,application_workload,,200,,,http://localhost:8080/work,,
http_req_duration,1784713980,511.541300,,,,true,,GET,http://localhost:8080/work,HTTP/1.1,application_workload,,200,,,http://localhost:8080/work,,
http_req_blocked,1784713980,0.000000,,,,true,,GET,http://localhost:8080/work,HTTP/1.1,application_workload,,200,,,http://localhost:8080/work,,
http_req_connecting,1784713980,0.000000,,,,true,,GET,http://localhost:8080/work,HTTP/1.1,application_workload,,200,,,http://localhost:8080/work,,
http_req_tls_handshaking,1784713980,0.000000,,,,true,,GET,http://localhost:8080/work,HTTP/1.1,application_workload,,200,,,http://localhost:8080/work,,
http_req_sending,1784713980,42.986600,,,,true,,GET,http://localhost:8080/work,HTTP/1.1,application_workload,,200,,,http://localhost:8080/work,,
http_req_waiting,1784713980,468.554700,,,,true,,GET,http://localhost:8080/work,HTTP/1.1,application_workload,,200,,,http://localhost:8080/work,,
http_req_receiving,1784713980,0.000000,,,,true,,GET,http://localhost:8080/work,HTTP/1.1,application_workload,,200,,,http://localhost:8080/work,,
http_req_failed,1784713980,0.000000,,,,true,,GET,http://localhost:8080/work,HTTP/1.1,application_workload,,200,,,http://localhost:8080/work,,
checks,1784713980,1.000000,status is 200,,,,,,,,application_workload,,,,,,,
checks,1784713980,1.000000,status is 200,,,,,,,,application_workload,,,,,,,
data_sent,1784713980,74.000000,,,,,,,,,application_workload,,,,,,,
data_received,1784713980,269.000000,,,,,,,,,application_workload,,,,,,,
data_sent,1784713980,148.000000,,,,,,,,,application_workload,,,,,,,
data_received,1784713980,269.000000,,,,,,,,,application_workload,,,,,,,
iteration_duration,1784713980,350.751800,,,,,,,,,application_workload,,,,,,,
iterations,1784713980,1.000000,,,,,,,,,application_workload,,,,,,,
iteration_duration,1784713980,511.541300,,,,,,,,,application_workload,,,,,,,
iterations,1784713980,1.000000,,,,,,,,,application_workload,,,,,,,
http_reqs,1784713980,1.000000,,,,true,,GET,http://localhost:8080/work,HTTP/1.1,application_workload,,200,,,http://localhost:8080/work,,
http_req_duration,1784713980,685.771500,,,,true,,GET,http://localhost:8080/work,HTTP/1.1,application_workload,,200,,,http://localhost:8080/work,,
http_req_blocked,1784713980,0.000000,,,,true,,GET,http://localhost:8080/work,HTTP/1.1,application_workload,,200,,,http://localhost:8080/work,,
http_req_connecting,1784713980,0.000000,,,,true,,GET,http://localhost:8080/work,HTTP/1.1,application_workload,,200,,,http://localhost:8080/work,,
http_req_tls_handshaking,1784713980,0.000000,,,,true,,GET,http://localhost:8080/work,HTTP/1.1,application_workload,,200,,,http://localhost:8080/work,,
http_req_sending,1784713980,216.680000,,,,true,,GET,http://localhost:8080/work,HTTP/1.1,application_workload,,200,,,http://localhost:8080/work,,
http_req_waiting,1784713980,468.554700,,,,true,,GET,http://localhost:8080/work,HTTP/1.1,application_workload,,200,,,http://localhost:8080/work,,
http_req_receiving,1784713980,0.536800,,,,true,,GET,http://localhost:8080/work,HTTP/1.1,application_workload,,200,,,http://localhost:8080/work,,
http_req_failed,1784713980,0.000000,,,,true,,GET,http://localhost:8080/work,HTTP/1.1,application_workload,,200,,,http://localhost:8080/work,,
checks,1784713980,1.000000,status is 200,,,,,,,,application_workload,,,,,,,
data_sent,1784713980,148.000000,,,,,,,,,application_workload,,,,,,,
data_received,1784713980,269.000000,,,,,,,,,application_workload,,,,,,,
iteration_duration,1784713980,686.316400,,,,,,,,,application_workload,,,,,,,
iterations,1784713980,1.000000,,,,,,,,,application_workload,,,,,,,
http_reqs,1784713980,1.000000,,,,true,,GET,http://localhost:8080/work,HTTP/1.1,application_workload,,200,,,http://localhost:8080/work,,
http_req_duration,1784713980,955.500200,,,,true,,GET,http://localhost:8080/work,HTTP/1.1,application_workload,,200,,,http://localhost:8080/work,,
http_req_blocked,1784713980,2.312300,,,,true,,GET,http://localhost:8080/work,HTTP/1.1,application_workload,,200,,,http://localhost:8080/work,,
http_req_connecting,1784713980,2.312300,,,,true,,GET,http://localhost:8080/work,HTTP/1.1,application_workload,,200,,,http://localhost:8080/work,,
http_req_tls_handshaking,1784713980,0.000000,,,,true,,GET,http://localhost:8080/work,HTTP/1.1,application_workload,,200,,,http://localhost:8080/work,,
http_req_sending,1784713980,0.000000,,,,true,,GET,http://localhost:8080/work,HTTP/1.1,application_workload,,200,,,http://localhost:8080/work,,
http_req_waiting,1784713980,954.934000,,,,true,,GET,http://localhost:8080/work,HTTP/1.1,application_workload,,200,,,http://localhost:8080/work,,
http_req_receiving,1784713980,0.566200,,,,true,,GET,http://localhost:8080/work,HTTP/1.1,application_workload,,200,,,http://localhost:8080/work,,
http_req_failed,1784713980,0.000000,,,,true,,GET,http://localhost:8080/work,HTTP/1.1,application_workload,,200,,,http://localhost:8080/work,,
checks,1784713980,1.000000,status is 200,,,,,,,,application_workload,,,,,,,
data_sent,1784713980,74.000000,,,,,,,,,application_workload,,,,,,,
data_received,1784713980,269.000000,,,,,,,,,application_workload,,,,,,,
iteration_duration,1784713980,957.994600,,,,,,,,,application_workload,,,,,,,
iterations,1784713980,1.000000,,,,,,,,,application_workload,,,,,,,
vus,1784713980,4.000000,,,,,,,,,,,,,,,,
vus_max,1784713980,20.000000,,,,,,,,,,,,,,,,
http_reqs,1784713980,1.000000,,,,true,,GET,http://localhost:8080/work,HTTP/1.1,application_workload,,200,,,http://localhost:8080/work,,
http_req_duration,1784713980,64.042000,,,,true,,GET,http://localhost:8080/work,HTTP/1.1,application_workload,,200,,,http://localhost:8080/work,,
http_req_blocked,1784713980,0.000000,,,,true,,GET,http://localhost:8080/work,HTTP/1.1,application_workload,,200,,,http://localhost:8080/work,,
http_req_connecting,1784713980,0.000000,,,,true,,GET,http://localhost:8080/work,HTTP/1.1,application_workload,,200,,,http://localhost:8080/work,,
http_req_tls_handshaking,1784713980,0.000000,,,,true,,GET,http://localhost:8080/work,HTTP/1.1,application_workload,,200,,,http://localhost:8080/work,,
http_req_sending,1784713980,0.000000,,,,true,,GET,http://localhost:8080/work,HTTP/1.1,application_workload,,200,,,http://localhost:8080/work,,
http_req_waiting,1784713980,63.830200,,,,true,,GET,http://localhost:8080/work,HTTP/1.1,application_workload,,200,,,http://localhost:8080/work,,
http_req_receiving,1784713980,0.211800,,,,true,,GET,http://localhost:8080/work,HTTP/1.1,application_workload,,200,,,http://localhost:8080/work,,
http_req_failed,1784713980,0.000000,,,,true,,GET,http://localhost:8080/work,HTTP/1.1,application_workload,,200,,,http://localhost:8080/work,,
checks,1784713980,1.000000,status is 200,,,,,,,,application_workload,,,,,,,
data_sent,1784713980,74.000000,,,,,,,,,application_workload,,,,,,,
data_received,1784713980,269.000000,,,,,,,,,application_workload,,,,,,,
iteration_duration,1784713980,64.605000,,,,,,,,,application_workload,,,,,,,
iterations,1784713980,1.000000,,,,,,,,,application_workload,,,,,,,
http_reqs,1784713981,1.000000,,,,true,,GET,http://localhost:8080/work,HTTP/1.1,application_workload,,200,,,http://localhost:8080/work,,
http_req_duration,1784713981,694.884200,,,,true,,GET,http://localhost:8080/work,HTTP/1.1,application_workload,,200,,,http://localhost:8080/work,,
http_req_blocked,1784713981,0.605800,,,,true,,GET,http://localhost:8080/work,HTTP/1.1,application_workload,,200,,,http://localhost:8080/work,,
http_req_connecting,1784713981,0.000000,,,,true,,GET,http://localhost:8080/work,HTTP/1.1,application_workload,,200,,,http://localhost:8080/work,,
http_req_tls_handshaking,1784713981,0.000000,,,,true,,GET,http://localhost:8080/work,HTTP/1.1,application_workload,,200,,,http://localhost:8080/work,,
http_req_sending,1784713981,398.347800,,,,true,,GET,http://localhost:8080/work,HTTP/1.1,application_workload,,200,,,http://localhost:8080/work,,
http_req_waiting,1784713981,193.452100,,,,true,,GET,http://localhost:8080/work,HTTP/1.1,application_workload,,200,,,http://localhost:8080/work,,
http_req_receiving,1784713981,103.084300,,,,true,,GET,http://localhost:8080/work,HTTP/1.1,application_workload,,200,,,http://localhost:8080/work,,
http_req_failed,1784713981,0.000000,,,,true,,GET,http://localhost:8080/work,HTTP/1.1,application_workload,,200,,,http://localhost:8080/work,,
checks,1784713981,1.000000,status is 200,,,,,,,,application_workload,,,,,,,
data_sent,1784713981,148.000000,,,,,,,,,application_workload,,,,,,,
data_received,1784713981,270.000000,,,,,,,,,application_workload,,,,,,,
iteration_duration,1784713981,695.777600,,,,,,,,,application_workload,,,,,,,
iterations,1784713981,1.000000,,,,,,,,,application_workload,,,,,,,
http_reqs,1784713981,1.000000,,,,true,,GET,http://localhost:8080/work,HTTP/1.1,application_workload,,200,,,http://localhost:8080/work,,
http_req_duration,1784713981,1222.336100,,,,true,,GET,http://localhost:8080/work,HTTP/1.1,application_workload,,200,,,http://localhost:8080/work,,
http_req_blocked,1784713981,0.000000,,,,true,,GET,http://localhost:8080/work,HTTP/1.1,application_workload,,200,,,http://localhost:8080/work,,
http_req_connecting,1784713981,0.000000,,,,true,,GET,http://localhost:8080/work,HTTP/1.1,application_workload,,200,,,http://localhost:8080/work,,
http_req_tls_handshaking,1784713981,0.000000,,,,true,,GET,http://localhost:8080/work,HTTP/1.1,application_workload,,200,,,http://localhost:8080/work,,
http_req_sending,1784713981,731.909400,,,,true,,GET,http://localhost:8080/work,HTTP/1.1,application_workload,,200,,,http://localhost:8080/work,,
http_req_waiting,1784713981,489.869800,,,,true,,GET,http://localhost:8080/work,HTTP/1.1,application_workload,,200,,,http://localhost:8080/work,,
http_req_receiving,1784713981,0.556900,,,,true,,GET,http://localhost:8080/work,HTTP/1.1,application_workload,,200,,,http://localhost:8080/work,,
http_req_failed,1784713981,0.000000,,,,true,,GET,http://localhost:8080/work,HTTP/1.1,application_workload,,200,,,http://localhost:8080/work,,
http_reqs,1784713981,1.000000,,,,true,,GET,http://localhost:8080/work,HTTP/1.1,application_workload,,200,,,http://localhost:8080/work,,
http_req_duration,1784713981,1388.439900,,,,true,,GET,http://localhost:8080/work,HTTP/1.1,application_workload,,200,,,http://localhost:8080/work,,
http_req_blocked,1784713981,1.880200,,,,true,,GET,http://localhost:8080/work,HTTP/1.1,application_workload,,200,,,http://localhost:8080/work,,
http_req_connecting,1784713981,0.000000,,,,true,,GET,http://localhost:8080/work,HTTP/1.1,application_workload,,200,,,http://localhost:8080/work,,
http_req_tls_handshaking,1784713981,0.000000,,,,true,,GET,http://localhost:8080/work,HTTP/1.1,application_workload,,200,,,http://localhost:8080/work,,
http_req_sending,1784713981,899.893400,,,,true,,GET,http://localhost:8080/work,HTTP/1.1,application_workload,,200,,,http://localhost:8080/work,,
http_req_waiting,1784713981,296.536400,,,,true,,GET,http://localhost:8080/work,HTTP/1.1,application_workload,,200,,,http://localhost:8080/work,,
http_req_receiving,1784713981,192.010100,,,,true,,GET,http://localhost:8080/work,HTTP/1.1,application_workload,,200,,,http://localhost:8080/work,,
http_req_failed,1784713981,0.000000,,,,true,,GET,http://localhost:8080/work,HTTP/1.1,application_workload,,200,,,http://localhost:8080/work,,
http_reqs,1784713981,1.000000,,,,true,,GET,http://localhost:8080/work,HTTP/1.1,application_workload,,200,,,http://localhost:8080/work,,
http_req_duration,1784713981,1054.407400,,,,true,,GET,http://localhost:8080/work,HTTP/1.1,application_workload,,200,,,http://localhost:8080/work,,
http_req_blocked,1784713981,1.306100,,,,true,,GET,http://localhost:8080/work,HTTP/1.1,application_workload,,200,,,http://localhost:8080/work,,
http_req_connecting,1784713981,0.000000,,,,true,,GET,http://localhost:8080/work,HTTP/1.1,application_workload,,200,,,http://localhost:8080/work,,
http_req_tls_handshaking,1784713981,0.000000,,,,true,,GET,http://localhost:8080/work,HTTP/1.1,application_workload,,200,,,http://localhost:8080/work,,
http_req_sending,1784713981,567.422200,,,,true,,GET,http://localhost:8080/work,HTTP/1.1,application_workload,,200,,,http://localhost:8080/work,,
http_req_waiting,1784713981,486.985200,,,,true,,GET,http://localhost:8080/work,HTTP/1.1,application_workload,,200,,,http://localhost:8080/work,,
http_req_receiving,1784713981,0.000000,,,,true,,GET,http://localhost:8080/work,HTTP/1.1,application_workload,,200,,,http://localhost:8080/work,,
http_req_failed,1784713981,0.000000,,,,true,,GET,http://localhost:8080/work,HTTP/1.1,application_workload,,200,,,http://localhost:8080/work,,
checks,1784713981,1.000000,status is 200,,,,,,,,application_workload,,,,,,,
checks,1784713981,1.000000,status is 200,,,,,,,,application_workload,,,,,,,
data_sent,1784713981,148.000000,,,,,,,,,application_workload,,,,,,,
data_received,1784713981,269.000000,,,,,,,,,application_workload,,,,,,,
iteration_duration,1784713981,1222.979700,,,,,,,,,application_workload,,,,,,,
iterations,1784713981,1.000000,,,,,,,,,application_workload,,,,,,,
checks,1784713981,1.000000,status is 200,,,,,,,,application_workload,,,,,,,
data_sent,1784713981,148.000000,,,,,,,,,application_workload,,,,,,,
data_received,1784713981,269.000000,,,,,,,,,application_workload,,,,,,,
iteration_duration,1784713981,1388.439900,,,,,,,,,application_workload,,,,,,,
iterations,1784713981,1.000000,,,,,,,,,application_workload,,,,,,,
data_sent,1784713981,148.000000,,,,,,,,,application_workload,,,,,,,
data_received,1784713981,269.000000,,,,,,,,,application_workload,,,,,,,
iteration_duration,1784713981,1054.407400,,,,,,,,,application_workload,,,,,,,
iterations,1784713981,1.000000,,,,,,,,,application_workload,,,,,,,
vus,1784713981,5.000000,,,,,,,,,,,,,,,,
vus_max,1784713981,20.000000,,,,,,,,,,,,,,,,
http_reqs,1784713982,1.000000,,,,true,,GET,http://localhost:8080/work,HTTP/1.1,application_workload,,200,,,http://localhost:8080/work,,
http_req_duration,1784713982,258.596300,,,,true,,GET,http://localhost:8080/work,HTTP/1.1,application_workload,,200,,,http://localhost:8080/work,,
http_req_blocked,1784713982,0.000000,,,,true,,GET,http://localhost:8080/work,HTTP/1.1,application_workload,,200,,,http://localhost:8080/work,,
http_req_connecting,1784713982,0.000000,,,,true,,GET,http://localhost:8080/work,HTTP/1.1,application_workload,,200,,,http://localhost:8080/work,,
http_req_tls_handshaking,1784713982,0.000000,,,,true,,GET,http://localhost:8080/work,HTTP/1.1,application_workload,,200,,,http://localhost:8080/work,,
http_req_sending,1784713982,0.000000,,,,true,,GET,http://localhost:8080/work,HTTP/1.1,application_workload,,200,,,http://localhost:8080/work,,
http_req_waiting,1784713982,64.627000,,,,true,,GET,http://localhost:8080/work,HTTP/1.1,application_workload,,200,,,http://localhost:8080/work,,
http_req_receiving,1784713982,193.969300,,,,true,,GET,http://localhost:8080/work,HTTP/1.1,application_workload,,200,,,http://localhost:8080/work,,
http_req_failed,1784713982,0.000000,,,,true,,GET,http://localhost:8080/work,HTTP/1.1,application_workload,,200,,,http://localhost:8080/work,,
checks,1784713982,1.000000,status is 200,,,,,,,,application_workload,,,,,,,
data_sent,1784713982,74.000000,,,,,,,,,application_workload,,,,,,,
data_received,1784713982,269.000000,,,,,,,,,application_workload,,,,,,,
iteration_duration,1784713982,259.119200,,,,,,,,,application_workload,,,,,,,
iterations,1784713982,1.000000,,,,,,,,,application_workload,,,,,,,
http_reqs,1784713982,1.000000,,,,true,,GET,http://localhost:8080/work,HTTP/1.1,application_workload,,200,,,http://localhost:8080/work,,
http_req_duration,1784713982,1419.015000,,,,true,,GET,http://localhost:8080/work,HTTP/1.1,application_workload,,200,,,http://localhost:8080/work,,
http_req_blocked,1784713982,0.571400,,,,true,,GET,http://localhost:8080/work,HTTP/1.1,application_workload,,200,,,http://localhost:8080/work,,
http_req_connecting,1784713982,0.000000,,,,true,,GET,http://localhost:8080/work,HTTP/1.1,application_workload,,200,,,http://localhost:8080/work,,
http_req_tls_handshaking,1784713982,0.000000,,,,true,,GET,http://localhost:8080/work,HTTP/1.1,application_workload,,200,,,http://localhost:8080/work,,
http_req_sending,1784713982,848.268100,,,,true,,GET,http://localhost:8080/work,HTTP/1.1,application_workload,,200,,,http://localhost:8080/work,,
http_req_waiting,1784713982,570.746900,,,,true,,GET,http://localhost:8080/work,HTTP/1.1,application_workload,,200,,,http://localhost:8080/work,,
http_req_receiving,1784713982,0.000000,,,,true,,GET,http://localhost:8080/work,HTTP/1.1,application_workload,,200,,,http://localhost:8080/work,,
http_req_failed,1784713982,0.000000,,,,true,,GET,http://localhost:8080/work,HTTP/1.1,application_workload,,200,,,http://localhost:8080/work,,
checks,1784713982,1.000000,status is 200,,,,,,,,application_workload,,,,,,,
data_sent,1784713982,148.000000,,,,,,,,,application_workload,,,,,,,
data_received,1784713982,269.000000,,,,,,,,,application_workload,,,,,,,
iteration_duration,1784713982,1419.015000,,,,,,,,,application_workload,,,,,,,
iterations,1784713982,1.000000,,,,,,,,,application_workload,,,,,,,
http_reqs,1784713982,1.000000,,,,true,,GET,http://localhost:8080/work,HTTP/1.1,application_workload,,200,,,http://localhost:8080/work,,
http_req_duration,1784713982,1324.501700,,,,true,,GET,http://localhost:8080/work,HTTP/1.1,application_workload,,200,,,http://localhost:8080/work,,
http_req_blocked,1784713982,5.361700,,,,true,,GET,http://localhost:8080/work,HTTP/1.1,application_workload,,200,,,http://localhost:8080/work,,
http_req_connecting,1784713982,0.000000,,,,true,,GET,http://localhost:8080/work,HTTP/1.1,application_workload,,200,,,http://localhost:8080/work,,
http_req_tls_handshaking,1784713982,0.000000,,,,true,,GET,http://localhost:8080/work,HTTP/1.1,application_workload,,200,,,http://localhost:8080/work,,
http_req_sending,1784713982,836.268300,,,,true,,GET,http://localhost:8080/work,HTTP/1.1,application_workload,,200,,,http://localhost:8080/work,,
http_req_waiting,1784713982,411.435100,,,,true,,GET,http://localhost:8080/work,HTTP/1.1,application_workload,,200,,,http://localhost:8080/work,,
http_req_receiving,1784713982,76.798300,,,,true,,GET,http://localhost:8080/work,HTTP/1.1,application_workload,,200,,,http://localhost:8080/work,,
http_req_failed,1784713982,0.000000,,,,true,,GET,http://localhost:8080/work,HTTP/1.1,application_workload,,200,,,http://localhost:8080/work,,
checks,1784713982,1.000000,status is 200,,,,,,,,application_workload,,,,,,,
data_sent,1784713982,148.000000,,,,,,,,,application_workload,,,,,,,
data_received,1784713982,269.000000,,,,,,,,,application_workload,,,,,,,
iteration_duration,1784713982,1324.501700,,,,,,,,,application_workload,,,,,,,
iterations,1784713982,1.000000,,,,,,,,,application_workload,,,,,,,
http_reqs,1784713982,1.000000,,,,true,,GET,http://localhost:8080/work,HTTP/1.1,application_workload,,200,,,http://localhost:8080/work,,
http_req_duration,1784713982,1164.363400,,,,true,,GET,http://localhost:8080/work,HTTP/1.1,application_workload,,200,,,http://localhost:8080/work,,
http_req_blocked,1784713982,7.706400,,,,true,,GET,http://localhost:8080/work,HTTP/1.1,application_workload,,200,,,http://localhost:8080/work,,
http_req_connecting,1784713982,0.000000,,,,true,,GET,http://localhost:8080/work,HTTP/1.1,application_workload,,200,,,http://localhost:8080/work,,
http_req_tls_handshaking,1784713982,0.000000,,,,true,,GET,http://localhost:8080/work,HTTP/1.1,application_workload,,200,,,http://localhost:8080/work,,
http_req_sending,1784713982,677.128000,,,,true,,GET,http://localhost:8080/work,HTTP/1.1,application_workload,,200,,,http://localhost:8080/work,,
http_req_waiting,1784713982,487.235400,,,,true,,GET,http://localhost:8080/work,HTTP/1.1,application_workload,,200,,,http://localhost:8080/work,,
http_req_receiving,1784713982,0.000000,,,,true,,GET,http://localhost:8080/work,HTTP/1.1,application_workload,,200,,,http://localhost:8080/work,,
http_req_failed,1784713982,0.000000,,,,true,,GET,http://localhost:8080/work,HTTP/1.1,application_workload,,200,,,http://localhost:8080/work,,
checks,1784713982,1.000000,status is 200,,,,,,,,application_workload,,,,,,,
data_sent,1784713982,148.000000,,,,,,,,,application_workload,,,,,,,
data_received,1784713982,268.000000,,,,,,,,,application_workload,,,,,,,
iteration_duration,1784713982,1164.363400,,,,,,,,,application_workload,,,,,,,
iterations,1784713982,1.000000,,,,,,,,,application_workload,,,,,,,
http_reqs,1784713982,1.000000,,,,true,,GET,http://localhost:8080/work,HTTP/1.1,application_workload,,200,,,http://localhost:8080/work,,
http_req_duration,1784713982,1156.979600,,,,true,,GET,http://localhost:8080/work,HTTP/1.1,application_workload,,200,,,http://localhost:8080/work,,
http_req_blocked,1784713982,1.878100,,,,true,,GET,http://localhost:8080/work,HTTP/1.1,application_workload,,200,,,http://localhost:8080/work,,
http_req_connecting,1784713982,0.000000,,,,true,,GET,http://localhost:8080/work,HTTP/1.1,application_workload,,200,,,http://localhost:8080/work,,
http_req_tls_handshaking,1784713982,0.000000,,,,true,,GET,http://localhost:8080/work,HTTP/1.1,application_workload,,200,,,http://localhost:8080/work,,
http_req_sending,1784713982,596.446400,,,,true,,GET,http://localhost:8080/work,HTTP/1.1,application_workload,,200,,,http://localhost:8080/work,,
http_req_waiting,1784713982,559.941300,,,,true,,GET,http://localhost:8080/work,HTTP/1.1,application_workload,,200,,,http://localhost:8080/work,,
http_req_receiving,1784713982,0.591900,,,,true,,GET,http://localhost:8080/work,HTTP/1.1,application_workload,,200,,,http://localhost:8080/work,,
http_req_failed,1784713982,0.000000,,,,true,,GET,http://localhost:8080/work,HTTP/1.1,application_workload,,200,,,http://localhost:8080/work,,
checks,1784713982,1.000000,status is 200,,,,,,,,application_workload,,,,,,,
data_sent,1784713982,148.000000,,,,,,,,,application_workload,,,,,,,
data_received,1784713982,269.000000,,,,,,,,,application_workload,,,,,,,
iteration_duration,1784713982,1156.979600,,,,,,,,,application_workload,,,,,,,
iterations,1784713982,1.000000,,,,,,,,,application_workload,,,,,,,
http_reqs,1784713982,1.000000,,,,true,,GET,http://localhost:8080/work,HTTP/1.1,application_workload,,200,,,http://localhost:8080/work,,
http_req_duration,1784713982,1130.026200,,,,true,,GET,http://localhost:8080/work,HTTP/1.1,application_workload,,200,,,http://localhost:8080/work,,
http_req_blocked,1784713982,2.315900,,,,true,,GET,http://localhost:8080/work,HTTP/1.1,application_workload,,200,,,http://localhost:8080/work,,
http_req_connecting,1784713982,0.000000,,,,true,,GET,http://localhost:8080/work,HTTP/1.1,application_workload,,200,,,http://localhost:8080/work,,
http_req_tls_handshaking,1784713982,0.000000,,,,true,,GET,http://localhost:8080/work,HTTP/1.1,application_workload,,200,,,http://localhost:8080/work,,
http_req_sending,1784713982,601.000800,,,,true,,GET,http://localhost:8080/work,HTTP/1.1,application_workload,,200,,,http://localhost:8080/work,,
http_req_waiting,1784713982,528.483500,,,,true,,GET,http://localhost:8080/work,HTTP/1.1,application_workload,,200,,,http://localhost:8080/work,,
http_req_receiving,1784713982,0.541900,,,,true,,GET,http://localhost:8080/work,HTTP/1.1,application_workload,,200,,,http://localhost:8080/work,,
http_req_failed,1784713982,0.000000,,,,true,,GET,http://localhost:8080/work,HTTP/1.1,application_workload,,200,,,http://localhost:8080/work,,
checks,1784713982,1.000000,status is 200,,,,,,,,application_workload,,,,,,,
data_sent,1784713982,148.000000,,,,,,,,,application_workload,,,,,,,
data_received,1784713982,268.000000,,,,,,,,,application_workload,,,,,,,
iteration_duration,1784713982,1130.551800,,,,,,,,,application_workload,,,,,,,
iterations,1784713982,1.000000,,,,,,,,,application_workload,,,,,,,
vus,1784713982,5.000000,,,,,,,,,,,,,,,,
vus_max,1784713982,20.000000,,,,,,,,,,,,,,,,
http_reqs,1784713983,1.000000,,,,true,,GET,http://localhost:8080/work,HTTP/1.1,application_workload,,200,,,http://localhost:8080/work,,
http_req_duration,1784713983,1228.276100,,,,true,,GET,http://localhost:8080/work,HTTP/1.1,application_workload,,200,,,http://localhost:8080/work,,
http_req_blocked,1784713983,2.071700,,,,true,,GET,http://localhost:8080/work,HTTP/1.1,application_workload,,200,,,http://localhost:8080/work,,
http_req_connecting,1784713983,0.000000,,,,true,,GET,http://localhost:8080/work,HTTP/1.1,application_workload,,200,,,http://localhost:8080/work,,
http_req_tls_handshaking,1784713983,0.000000,,,,true,,GET,http://localhost:8080/work,HTTP/1.1,application_workload,,200,,,http://localhost:8080/work,,
http_req_sending,1784713983,707.244900,,,,true,,GET,http://localhost:8080/work,HTTP/1.1,application_workload,,200,,,http://localhost:8080/work,,
http_req_waiting,1784713983,520.379500,,,,true,,GET,http://localhost:8080/work,HTTP/1.1,application_workload,,200,,,http://localhost:8080/work,,
http_req_receiving,1784713983,0.651700,,,,true,,GET,http://localhost:8080/work,HTTP/1.1,application_workload,,200,,,http://localhost:8080/work,,
http_req_failed,1784713983,0.000000,,,,true,,GET,http://localhost:8080/work,HTTP/1.1,application_workload,,200,,,http://localhost:8080/work,,
http_reqs,1784713983,1.000000,,,,true,,GET,http://localhost:8080/work,HTTP/1.1,application_workload,,200,,,http://localhost:8080/work,,
http_req_duration,1784713983,1399.903700,,,,true,,GET,http://localhost:8080/work,HTTP/1.1,application_workload,,200,,,http://localhost:8080/work,,
http_req_blocked,1784713983,0.000000,,,,true,,GET,http://localhost:8080/work,HTTP/1.1,application_workload,,200,,,http://localhost:8080/work,,
http_req_connecting,1784713983,0.000000,,,,true,,GET,http://localhost:8080/work,HTTP/1.1,application_workload,,200,,,http://localhost:8080/work,,
http_req_tls_handshaking,1784713983,0.000000,,,,true,,GET,http://localhost:8080/work,HTTP/1.1,application_workload,,200,,,http://localhost:8080/work,,
http_req_sending,1784713983,848.266700,,,,true,,GET,http://localhost:8080/work,HTTP/1.1,application_workload,,200,,,http://localhost:8080/work,,
http_req_waiting,1784713983,551.637000,,,,true,,GET,http://localhost:8080/work,HTTP/1.1,application_workload,,200,,,http://localhost:8080/work,,
http_req_receiving,1784713983,0.000000,,,,true,,GET,http://localhost:8080/work,HTTP/1.1,application_workload,,200,,,http://localhost:8080/work,,
http_req_failed,1784713983,0.000000,,,,true,,GET,http://localhost:8080/work,HTTP/1.1,application_workload,,200,,,http://localhost:8080/work,,
checks,1784713983,1.000000,status is 200,,,,,,,,application_workload,,,,,,,
data_sent,1784713983,148.000000,,,,,,,,,application_workload,,,,,,,
data_received,1784713983,269.000000,,,,,,,,,application_workload,,,,,,,
iteration_duration,1784713983,1228.276100,,,,,,,,,application_workload,,,,,,,
iterations,1784713983,1.000000,,,,,,,,,application_workload,,,,,,,
checks,1784713983,1.000000,status is 200,,,,,,,,application_workload,,,,,,,
data_sent,1784713983,148.000000,,,,,,,,,application_workload,,,,,,,
data_received,1784713983,270.000000,,,,,,,,,application_workload,,,,,,,
iteration_duration,1784713983,1400.713300,,,,,,,,,application_workload,,,,,,,
iterations,1784713983,1.000000,,,,,,,,,application_workload,,,,,,,
http_reqs,1784713983,1.000000,,,,true,,GET,http://localhost:8080/work,HTTP/1.1,application_workload,,200,,,http://localhost:8080/work,,
http_req_duration,1784713983,1200.361300,,,,true,,GET,http://localhost:8080/work,HTTP/1.1,application_workload,,200,,,http://localhost:8080/work,,
http_req_blocked,1784713983,2.124800,,,,true,,GET,http://localhost:8080/work,HTTP/1.1,application_workload,,200,,,http://localhost:8080/work,,
http_req_connecting,1784713983,0.000000,,,,true,,GET,http://localhost:8080/work,HTTP/1.1,application_workload,,200,,,http://localhost:8080/work,,
http_req_tls_handshaking,1784713983,0.000000,,,,true,,GET,http://localhost:8080/work,HTTP/1.1,application_workload,,200,,,http://localhost:8080/work,,
http_req_sending,1784713983,610.468200,,,,true,,GET,http://localhost:8080/work,HTTP/1.1,application_workload,,200,,,http://localhost:8080/work,,
http_req_waiting,1784713983,589.714600,,,,true,,GET,http://localhost:8080/work,HTTP/1.1,application_workload,,200,,,http://localhost:8080/work,,
http_req_receiving,1784713983,0.178500,,,,true,,GET,http://localhost:8080/work,HTTP/1.1,application_workload,,200,,,http://localhost:8080/work,,
http_req_failed,1784713983,0.000000,,,,true,,GET,http://localhost:8080/work,HTTP/1.1,application_workload,,200,,,http://localhost:8080/work,,
http_reqs,1784713983,1.000000,,,,true,,GET,http://localhost:8080/work,HTTP/1.1,application_workload,,200,,,http://localhost:8080/work,,
http_req_duration,1784713983,1332.472200,,,,true,,GET,http://localhost:8080/work,HTTP/1.1,application_workload,,200,,,http://localhost:8080/work,,
http_req_blocked,1784713983,2.175000,,,,true,,GET,http://localhost:8080/work,HTTP/1.1,application_workload,,200,,,http://localhost:8080/work,,
http_req_connecting,1784713983,0.000000,,,,true,,GET,http://localhost:8080/work,HTTP/1.1,application_workload,,200,,,http://localhost:8080/work,,
http_req_tls_handshaking,1784713983,0.000000,,,,true,,GET,http://localhost:8080/work,HTTP/1.1,application_workload,,200,,,http://localhost:8080/work,,
http_req_sending,1784713983,743.841600,,,,true,,GET,http://localhost:8080/work,HTTP/1.1,application_workload,,200,,,http://localhost:8080/work,,
http_req_waiting,1784713983,588.630600,,,,true,,GET,http://localhost:8080/work,HTTP/1.1,application_workload,,200,,,http://localhost:8080/work,,
http_req_receiving,1784713983,0.000000,,,,true,,GET,http://localhost:8080/work,HTTP/1.1,application_workload,,200,,,http://localhost:8080/work,,
http_req_failed,1784713983,0.000000,,,,true,,GET,http://localhost:8080/work,HTTP/1.1,application_workload,,200,,,http://localhost:8080/work,,
checks,1784713983,1.000000,status is 200,,,,,,,,application_workload,,,,,,,
checks,1784713983,1.000000,status is 200,,,,,,,,application_workload,,,,,,,
data_sent,1784713983,148.000000,,,,,,,,,application_workload,,,,,,,
data_received,1784713983,268.000000,,,,,,,,,application_workload,,,,,,,
iteration_duration,1784713983,1200.361300,,,,,,,,,application_workload,,,,,,,
iterations,1784713983,1.000000,,,,,,,,,application_workload,,,,,,,
data_sent,1784713983,148.000000,,,,,,,,,application_workload,,,,,,,
data_received,1784713983,269.000000,,,,,,,,,application_workload,,,,,,,
iteration_duration,1784713983,1332.472200,,,,,,,,,application_workload,,,,,,,
iterations,1784713983,1.000000,,,,,,,,,application_workload,,,,,,,
http_reqs,1784713983,1.000000,,,,true,,GET,http://localhost:8080/work,HTTP/1.1,application_workload,,200,,,http://localhost:8080/work,,
http_req_duration,1784713983,1135.903200,,,,true,,GET,http://localhost:8080/work,HTTP/1.1,application_workload,,200,,,http://localhost:8080/work,,
http_req_blocked,1784713983,1.028200,,,,true,,GET,http://localhost:8080/work,HTTP/1.1,application_workload,,200,,,http://localhost:8080/work,,
http_req_connecting,1784713983,0.000000,,,,true,,GET,http://localhost:8080/work,HTTP/1.1,application_workload,,200,,,http://localhost:8080/work,,
http_req_tls_handshaking,1784713983,0.000000,,,,true,,GET,http://localhost:8080/work,HTTP/1.1,application_workload,,200,,,http://localhost:8080/work,,
http_req_sending,1784713983,740.766800,,,,true,,GET,http://localhost:8080/work,HTTP/1.1,application_workload,,200,,,http://localhost:8080/work,,
http_req_waiting,1784713983,394.931800,,,,true,,GET,http://localhost:8080/work,HTTP/1.1,application_workload,,200,,,http://localhost:8080/work,,
http_req_receiving,1784713983,0.204600,,,,true,,GET,http://localhost:8080/work,HTTP/1.1,application_workload,,200,,,http://localhost:8080/work,,
http_req_failed,1784713983,0.000000,,,,true,,GET,http://localhost:8080/work,HTTP/1.1,application_workload,,200,,,http://localhost:8080/work,,
checks,1784713983,1.000000,status is 200,,,,,,,,application_workload,,,,,,,
data_sent,1784713983,148.000000,,,,,,,,,application_workload,,,,,,,
data_received,1784713983,269.000000,,,,,,,,,application_workload,,,,,,,
iteration_duration,1784713983,1136.202300,,,,,,,,,application_workload,,,,,,,
iterations,1784713983,1.000000,,,,,,,,,application_workload,,,,,,,
vus,1784713983,6.000000,,,,,,,,,,,,,,,,
vus_max,1784713983,20.000000,,,,,,,,,,,,,,,,
http_reqs,1784713984,1.000000,,,,true,,GET,http://localhost:8080/work,HTTP/1.1,application_workload,,200,,,http://localhost:8080/work,,
http_req_duration,1784713984,1464.918500,,,,true,,GET,http://localhost:8080/work,HTTP/1.1,application_workload,,200,,,http://localhost:8080/work,,
http_req_blocked,1784713984,1.563500,,,,true,,GET,http://localhost:8080/work,HTTP/1.1,application_workload,,200,,,http://localhost:8080/work,,
http_req_connecting,1784713984,0.000000,,,,true,,GET,http://localhost:8080/work,HTTP/1.1,application_workload,,200,,,http://localhost:8080/work,,
http_req_tls_handshaking,1784713984,0.000000,,,,true,,GET,http://localhost:8080/work,HTTP/1.1,application_workload,,200,,,http://localhost:8080/work,,
http_req_sending,1784713984,740.193500,,,,true,,GET,http://localhost:8080/work,HTTP/1.1,application_workload,,200,,,http://localhost:8080/work,,
http_req_waiting,1784713984,526.878100,,,,true,,GET,http://localhost:8080/work,HTTP/1.1,application_workload,,200,,,http://localhost:8080/work,,
http_req_receiving,1784713984,197.846900,,,,true,,GET,http://localhost:8080/work,HTTP/1.1,application_workload,,200,,,http://localhost:8080/work,,
http_req_failed,1784713984,0.000000,,,,true,,GET,http://localhost:8080/work,HTTP/1.1,application_workload,,200,,,http://localhost:8080/work,,
http_reqs,1784713984,1.000000,,,,true,,GET,http://localhost:8080/work,HTTP/1.1,application_workload,,200,,,http://localhost:8080/work,,
http_req_duration,1784713984,1130.700100,,,,true,,GET,http://localhost:8080/work,HTTP/1.1,application_workload,,200,,,http://localhost:8080/work,,
http_req_blocked,1784713984,0.000000,,,,true,,GET,http://localhost:8080/work,HTTP/1.1,application_workload,,200,,,http://localhost:8080/work,,
http_req_connecting,1784713984,0.000000,,,,true,,GET,http://localhost:8080/work,HTTP/1.1,application_workload,,200,,,http://localhost:8080/work,,
http_req_tls_handshaking,1784713984,0.000000,,,,true,,GET,http://localhost:8080/work,HTTP/1.1,application_workload,,200,,,http://localhost:8080/work,,
http_req_sending,1784713984,404.334900,,,,true,,GET,http://localhost:8080/work,HTTP/1.1,application_workload,,200,,,http://localhost:8080/work,,
http_req_waiting,1784713984,725.765000,,,,true,,GET,http://localhost:8080/work,HTTP/1.1,application_workload,,200,,,http://localhost:8080/work,,
http_req_receiving,1784713984,0.600200,,,,true,,GET,http://localhost:8080/work,HTTP/1.1,application_workload,,200,,,http://localhost:8080/work,,
http_req_failed,1784713984,0.000000,,,,true,,GET,http://localhost:8080/work,HTTP/1.1,application_workload,,200,,,http://localhost:8080/work,,
checks,1784713984,1.000000,status is 200,,,,,,,,application_workload,,,,,,,
checks,1784713984,1.000000,status is 200,,,,,,,,application_workload,,,,,,,
data_sent,1784713984,148.000000,,,,,,,,,application_workload,,,,,,,
data_received,1784713984,269.000000,,,,,,,,,application_workload,,,,,,,
iteration_duration,1784713984,1464.995200,,,,,,,,,application_workload,,,,,,,
iterations,1784713984,1.000000,,,,,,,,,application_workload,,,,,,,
data_sent,1784713984,148.000000,,,,,,,,,application_workload,,,,,,,
data_received,1784713984,270.000000,,,,,,,,,application_workload,,,,,,,
iteration_duration,1784713984,1131.254100,,,,,,,,,application_workload,,,,,,,
iterations,1784713984,1.000000,,,,,,,,,application_workload,,,,,,,
http_reqs,1784713984,1.000000,,,,true,,GET,http://localhost:8080/work,HTTP/1.1,application_workload,,200,,,http://localhost:8080/work,,
http_req_duration,1784713984,1158.474400,,,,true,,GET,http://localhost:8080/work,HTTP/1.1,application_workload,,200,,,http://localhost:8080/work,,
http_req_blocked,1784713984,2.496500,,,,true,,GET,http://localhost:8080/work,HTTP/1.1,application_workload,,200,,,http://localhost:8080/work,,
http_req_connecting,1784713984,0.000000,,,,true,,GET,http://localhost:8080/work,HTTP/1.1,application_workload,,200,,,http://localhost:8080/work,,
http_req_tls_handshaking,1784713984,0.000000,,,,true,,GET,http://localhost:8080/work,HTTP/1.1,application_workload,,200,,,http://localhost:8080/work,,
http_req_sending,1784713984,510.814200,,,,true,,GET,http://localhost:8080/work,HTTP/1.1,application_workload,,200,,,http://localhost:8080/work,,
http_req_waiting,1784713984,647.549800,,,,true,,GET,http://localhost:8080/work,HTTP/1.1,application_workload,,200,,,http://localhost:8080/work,,
http_req_receiving,1784713984,0.110400,,,,true,,GET,http://localhost:8080/work,HTTP/1.1,application_workload,,200,,,http://localhost:8080/work,,
http_req_failed,1784713984,0.000000,,,,true,,GET,http://localhost:8080/work,HTTP/1.1,application_workload,,200,,,http://localhost:8080/work,,
checks,1784713984,1.000000,status is 200,,,,,,,,application_workload,,,,,,,
data_sent,1784713984,148.000000,,,,,,,,,application_workload,,,,,,,
data_received,1784713984,269.000000,,,,,,,,,application_workload,,,,,,,
iteration_duration,1784713984,1159.706100,,,,,,,,,application_workload,,,,,,,
iterations,1784713984,1.000000,,,,,,,,,application_workload,,,,,,,
http_reqs,1784713984,1.000000,,,,true,,GET,http://localhost:8080/work,HTTP/1.1,application_workload,,200,,,http://localhost:8080/work,,
http_req_duration,1784713984,1366.323900,,,,true,,GET,http://localhost:8080/work,HTTP/1.1,application_workload,,200,,,http://localhost:8080/work,,
http_req_blocked,1784713984,1.517000,,,,true,,GET,http://localhost:8080/work,HTTP/1.1,application_workload,,200,,,http://localhost:8080/work,,
http_req_connecting,1784713984,0.000000,,,,true,,GET,http://localhost:8080/work,HTTP/1.1,application_workload,,200,,,http://localhost:8080/work,,
http_req_tls_handshaking,1784713984,0.000000,,,,true,,GET,http://localhost:8080/work,HTTP/1.1,application_workload,,200,,,http://localhost:8080/work,,
http_req_sending,1784713984,238.824700,,,,true,,GET,http://localhost:8080/work,HTTP/1.1,application_workload,,200,,,http://localhost:8080/work,,
http_req_waiting,1784713984,1126.660100,,,,true,,GET,http://localhost:8080/work,HTTP/1.1,application_workload,,200,,,http://localhost:8080/work,,
http_req_receiving,1784713984,0.839100,,,,true,,GET,http://localhost:8080/work,HTTP/1.1,application_workload,,200,,,http://localhost:8080/work,,
http_req_failed,1784713984,0.000000,,,,true,,GET,http://localhost:8080/work,HTTP/1.1,application_workload,,200,,,http://localhost:8080/work,,
checks,1784713984,1.000000,status is 200,,,,,,,,application_workload,,,,,,,
data_sent,1784713984,148.000000,,,,,,,,,application_workload,,,,,,,
data_received,1784713984,269.000000,,,,,,,,,application_workload,,,,,,,
iteration_duration,1784713984,1368.095600,,,,,,,,,application_workload,,,,,,,
iterations,1784713984,1.000000,,,,,,,,,application_workload,,,,,,,
vus,1784713984,9.000000,,,,,,,,,,,,,,,,
vus_max,1784713984,20.000000,,,,,,,,,,,,,,,,
http_reqs,1784713984,1.000000,,EOF,1000,false,,GET,http://localhost:8080/work,,application_workload,,0,,,http://localhost:8080/work,,
http_req_duration,1784713984,1841.127100,,EOF,1000,false,,GET,http://localhost:8080/work,,application_workload,,0,,,http://localhost:8080/work,,
http_req_blocked,1784713984,2.109400,,EOF,1000,false,,GET,http://localhost:8080/work,,application_workload,,0,,,http://localhost:8080/work,,
http_req_connecting,1784713984,0.000000,,EOF,1000,false,,GET,http://localhost:8080/work,,application_workload,,0,,,http://localhost:8080/work,,
http_req_tls_handshaking,1784713984,0.000000,,EOF,1000,false,,GET,http://localhost:8080/work,,application_workload,,0,,,http://localhost:8080/work,,
http_req_sending,1784713984,574.165500,,EOF,1000,false,,GET,http://localhost:8080/work,,application_workload,,0,,,http://localhost:8080/work,,
http_req_waiting,1784713984,1266.961600,,EOF,1000,false,,GET,http://localhost:8080/work,,application_workload,,0,,,http://localhost:8080/work,,
http_req_receiving,1784713984,0.000000,,EOF,1000,false,,GET,http://localhost:8080/work,,application_workload,,0,,,http://localhost:8080/work,,
http_req_failed,1784713984,1.000000,,EOF,1000,false,,GET,http://localhost:8080/work,,application_workload,,0,,,http://localhost:8080/work,,
checks,1784713984,0.000000,status is 200,,,,,,,,application_workload,,,,,,,
data_sent,1784713984,148.000000,,,,,,,,,application_workload,,,,,,,
data_received,1784713984,0.000000,,,,,,,,,application_workload,,,,,,,
iteration_duration,1784713984,1849.452400,,,,,,,,,application_workload,,,,,,,
iterations,1784713984,1.000000,,,,,,,,,application_workload,,,,,,,
http_reqs,1784713984,1.000000,,dial: connection refused,1212,false,,GET,http://localhost:8080/work,,application_workload,,0,,,http://localhost:8080/work,,
http_req_duration,1784713984,1194.929800,,dial: connection refused,1212,false,,GET,http://localhost:8080/work,,application_workload,,0,,,http://localhost:8080/work,,
http_req_blocked,1784713984,0.000000,,dial: connection refused,1212,false,,GET,http://localhost:8080/work,,application_workload,,0,,,http://localhost:8080/work,,
http_req_connecting,1784713984,0.000000,,dial: connection refused,1212,false,,GET,http://localhost:8080/work,,application_workload,,0,,,http://localhost:8080/work,,
http_req_tls_handshaking,1784713984,0.000000,,dial: connection refused,1212,false,,GET,http://localhost:8080/work,,application_workload,,0,,,http://localhost:8080/work,,
http_req_sending,1784713984,0.000000,,dial: connection refused,1212,false,,GET,http://localhost:8080/work,,application_workload,,0,,,http://localhost:8080/work,,
http_req_waiting,1784713984,1194.929800,,dial: connection refused,1212,false,,GET,http://localhost:8080/work,,application_workload,,0,,,http://localhost:8080/work,,
http_req_receiving,1784713984,0.000000,,dial: connection refused,1212,false,,GET,http://localhost:8080/work,,application_workload,,0,,,http://localhost:8080/work,,
http_req_failed,1784713984,1.000000,,dial: connection refused,1212,false,,GET,http://localhost:8080/work,,application_workload,,0,,,http://localhost:8080/work,,
checks,1784713984,0.000000,status is 200,,,,,,,,application_workload,,,,,,,
data_sent,1784713984,74.000000,,,,,,,,,application_workload,,,,,,,
data_received,1784713984,0.000000,,,,,,,,,application_workload,,,,,,,
iteration_duration,1784713984,1199.175800,,,,,,,,,application_workload,,,,,,,
iterations,1784713984,1.000000,,,,,,,,,application_workload,,,,,,,
http_reqs,1784713984,1.000000,,read: connection reset by peer,1220,false,,GET,http://localhost:8080/work,,application_workload,,0,,,http://localhost:8080/work,,
http_req_duration,1784713984,47.518900,,read: connection reset by peer,1220,false,,GET,http://localhost:8080/work,,application_workload,,0,,,http://localhost:8080/work,,
http_req_blocked,1784713984,0.539500,,read: connection reset by peer,1220,false,,GET,http://localhost:8080/work,,application_workload,,0,,,http://localhost:8080/work,,
http_req_connecting,1784713984,0.000000,,read: connection reset by peer,1220,false,,GET,http://localhost:8080/work,,application_workload,,0,,,http://localhost:8080/work,,
http_req_tls_handshaking,1784713984,0.000000,,read: connection reset by peer,1220,false,,GET,http://localhost:8080/work,,application_workload,,0,,,http://localhost:8080/work,,
http_req_sending,1784713984,4.379700,,read: connection reset by peer,1220,false,,GET,http://localhost:8080/work,,application_workload,,0,,,http://localhost:8080/work,,
http_req_waiting,1784713984,43.139200,,read: connection reset by peer,1220,false,,GET,http://localhost:8080/work,,application_workload,,0,,,http://localhost:8080/work,,
http_req_receiving,1784713984,0.000000,,read: connection reset by peer,1220,false,,GET,http://localhost:8080/work,,application_workload,,0,,,http://localhost:8080/work,,
http_req_failed,1784713984,1.000000,,read: connection reset by peer,1220,false,,GET,http://localhost:8080/work,,application_workload,,0,,,http://localhost:8080/work,,
checks,1784713984,0.000000,status is 200,,,,,,,,application_workload,,,,,,,
data_sent,1784713984,148.000000,,,,,,,,,application_workload,,,,,,,
data_received,1784713984,0.000000,,,,,,,,,application_workload,,,,,,,
iteration_duration,1784713984,48.642300,,,,,,,,,application_workload,,,,,,,
iterations,1784713984,1.000000,,,,,,,,,application_workload,,,,,,,
http_reqs,1784713984,1.000000,,read: connection reset by peer,1220,false,,GET,http://localhost:8080/work,,application_workload,,0,,,http://localhost:8080/work,,
http_req_duration,1784713984,551.366800,,read: connection reset by peer,1220,false,,GET,http://localhost:8080/work,,application_workload,,0,,,http://localhost:8080/work,,
http_req_blocked,1784713984,0.000000,,read: connection reset by peer,1220,false,,GET,http://localhost:8080/work,,application_workload,,0,,,http://localhost:8080/work,,
http_req_connecting,1784713984,0.000000,,read: connection reset by peer,1220,false,,GET,http://localhost:8080/work,,application_workload,,0,,,http://localhost:8080/work,,
http_req_tls_handshaking,1784713984,0.000000,,read: connection reset by peer,1220,false,,GET,http://localhost:8080/work,,application_workload,,0,,,http://localhost:8080/work,,
http_req_sending,1784713984,507.697400,,read: connection reset by peer,1220,false,,GET,http://localhost:8080/work,,application_workload,,0,,,http://localhost:8080/work,,
http_req_waiting,1784713984,43.669400,,read: connection reset by peer,1220,false,,GET,http://localhost:8080/work,,application_workload,,0,,,http://localhost:8080/work,,
http_req_receiving,1784713984,0.000000,,read: connection reset by peer,1220,false,,GET,http://localhost:8080/work,,application_workload,,0,,,http://localhost:8080/work,,
http_req_failed,1784713984,1.000000,,read: connection reset by peer,1220,false,,GET,http://localhost:8080/work,,application_workload,,0,,,http://localhost:8080/work,,
checks,1784713984,0.000000,status is 200,,,,,,,,application_workload,,,,,,,
data_sent,1784713984,148.000000,,,,,,,,,application_workload,,,,,,,
data_received,1784713984,0.000000,,,,,,,,,application_workload,,,,,,,
iteration_duration,1784713984,552.981200,,,,,,,,,application_workload,,,,,,,
iterations,1784713984,1.000000,,,,,,,,,application_workload,,,,,,,
http_reqs,1784713984,1.000000,,read: connection reset by peer,1220,false,,GET,http://localhost:8080/work,,application_workload,,0,,,http://localhost:8080/work,,
http_req_duration,1784713984,892.088700,,read: connection reset by peer,1220,false,,GET,http://localhost:8080/work,,application_workload,,0,,,http://localhost:8080/work,,
http_req_blocked,1784713984,2.055000,,read: connection reset by peer,1220,false,,GET,http://localhost:8080/work,,application_workload,,0,,,http://localhost:8080/work,,
http_req_connecting,1784713984,0.000000,,read: connection reset by peer,1220,false,,GET,http://localhost:8080/work,,application_workload,,0,,,http://localhost:8080/work,,
http_req_tls_handshaking,1784713984,0.000000,,read: connection reset by peer,1220,false,,GET,http://localhost:8080/work,,application_workload,,0,,,http://localhost:8080/work,,
http_req_sending,1784713984,842.192800,,read: connection reset by peer,1220,false,,GET,http://localhost:8080/work,,application_workload,,0,,,http://localhost:8080/work,,
http_req_waiting,1784713984,49.895900,,read: connection reset by peer,1220,false,,GET,http://localhost:8080/work,,application_workload,,0,,,http://localhost:8080/work,,
http_req_receiving,1784713984,0.000000,,read: connection reset by peer,1220,false,,GET,http://localhost:8080/work,,application_workload,,0,,,http://localhost:8080/work,,
http_req_failed,1784713984,1.000000,,read: connection reset by peer,1220,false,,GET,http://localhost:8080/work,,application_workload,,0,,,http://localhost:8080/work,,
http_reqs,1784713984,1.000000,,read: connection reset by peer,1220,false,,GET,http://localhost:8080/work,,application_workload,,0,,,http://localhost:8080/work,,
http_req_duration,1784713984,225.902800,,read: connection reset by peer,1220,false,,GET,http://localhost:8080/work,,application_workload,,0,,,http://localhost:8080/work,,
http_req_blocked,1784713984,2.055000,,read: connection reset by peer,1220,false,,GET,http://localhost:8080/work,,application_workload,,0,,,http://localhost:8080/work,,
http_req_connecting,1784713984,0.000000,,read: connection reset by peer,1220,false,,GET,http://localhost:8080/work,,application_workload,,0,,,http://localhost:8080/work,,
http_req_tls_handshaking,1784713984,0.000000,,read: connection reset by peer,1220,false,,GET,http://localhost:8080/work,,application_workload,,0,,,http://localhost:8080/work,,
http_req_sending,1784713984,175.490300,,read: connection reset by peer,1220,false,,GET,http://localhost:8080/work,,application_workload,,0,,,http://localhost:8080/work,,
http_req_waiting,1784713984,50.412500,,read: connection reset by peer,1220,false,,GET,http://localhost:8080/work,,application_workload,,0,,,http://localhost:8080/work,,
http_req_receiving,1784713984,0.000000,,read: connection reset by peer,1220,false,,GET,http://localhost:8080/work,,application_workload,,0,,,http://localhost:8080/work,,
http_req_failed,1784713984,1.000000,,read: connection reset by peer,1220,false,,GET,http://localhost:8080/work,,application_workload,,0,,,http://localhost:8080/work,,
checks,1784713984,0.000000,status is 200,,,,,,,,application_workload,,,,,,,
data_sent,1784713984,148.000000,,,,,,,,,application_workload,,,,,,,
data_received,1784713984,0.000000,,,,,,,,,application_workload,,,,,,,
iteration_duration,1784713984,899.332900,,,,,,,,,application_workload,,,,,,,
iterations,1784713984,1.000000,,,,,,,,,application_workload,,,,,,,
http_reqs,1784713984,1.000000,,read: connection reset by peer,1220,false,,GET,http://localhost:8080/work,,application_workload,,0,,,http://localhost:8080/work,,
http_req_duration,1784713984,399.001000,,read: connection reset by peer,1220,false,,GET,http://localhost:8080/work,,application_workload,,0,,,http://localhost:8080/work,,
http_req_blocked,1784713984,0.000000,,read: connection reset by peer,1220,false,,GET,http://localhost:8080/work,,application_workload,,0,,,http://localhost:8080/work,,
http_req_connecting,1784713984,0.000000,,read: connection reset by peer,1220,false,,GET,http://localhost:8080/work,,application_workload,,0,,,http://localhost:8080/work,,
http_req_tls_handshaking,1784713984,0.000000,,read: connection reset by peer,1220,false,,GET,http://localhost:8080/work,,application_workload,,0,,,http://localhost:8080/work,,
http_req_sending,1784713984,341.883500,,read: connection reset by peer,1220,false,,GET,http://localhost:8080/work,,application_workload,,0,,,http://localhost:8080/work,,
http_req_waiting,1784713984,57.117500,,read: connection reset by peer,1220,false,,GET,http://localhost:8080/work,,application_workload,,0,,,http://localhost:8080/work,,
http_req_receiving,1784713984,0.000000,,read: connection reset by peer,1220,false,,GET,http://localhost:8080/work,,application_workload,,0,,,http://localhost:8080/work,,
http_req_failed,1784713984,1.000000,,read: connection reset by peer,1220,false,,GET,http://localhost:8080/work,,application_workload,,0,,,http://localhost:8080/work,,
checks,1784713984,0.000000,status is 200,,,,,,,,application_workload,,,,,,,
data_sent,1784713984,148.000000,,,,,,,,,application_workload,,,,,,,
data_received,1784713984,0.000000,,,,,,,,,application_workload,,,,,,,
iteration_duration,1784713984,236.196500,,,,,,,,,application_workload,,,,,,,
iterations,1784713984,1.000000,,,,,,,,,application_workload,,,,,,,
checks,1784713984,0.000000,status is 200,,,,,,,,application_workload,,,,,,,
data_sent,1784713984,148.000000,,,,,,,,,application_workload,,,,,,,
data_received,1784713984,0.000000,,,,,,,,,application_workload,,,,,,,
iteration_duration,1784713984,406.662300,,,,,,,,,application_workload,,,,,,,
iterations,1784713984,1.000000,,,,,,,,,application_workload,,,,,,,
http_reqs,1784713984,1.000000,,read: connection reset by peer,1220,false,,GET,http://localhost:8080/work,,application_workload,,0,,,http://localhost:8080/work,,
http_req_duration,1784713984,739.198400,,read: connection reset by peer,1220,false,,GET,http://localhost:8080/work,,application_workload,,0,,,http://localhost:8080/work,,
http_req_blocked,1784713984,0.000000,,read: connection reset by peer,1220,false,,GET,http://localhost:8080/work,,application_workload,,0,,,http://localhost:8080/work,,
http_req_connecting,1784713984,0.000000,,read: connection reset by peer,1220,false,,GET,http://localhost:8080/work,,application_workload,,0,,,http://localhost:8080/work,,
http_req_tls_handshaking,1784713984,0.000000,,read: connection reset by peer,1220,false,,GET,http://localhost:8080/work,,application_workload,,0,,,http://localhost:8080/work,,
http_req_sending,1784713984,674.273100,,read: connection reset by peer,1220,false,,GET,http://localhost:8080/work,,application_workload,,0,,,http://localhost:8080/work,,
http_req_waiting,1784713984,64.925300,,read: connection reset by peer,1220,false,,GET,http://localhost:8080/work,,application_workload,,0,,,http://localhost:8080/work,,
http_req_receiving,1784713984,0.000000,,read: connection reset by peer,1220,false,,GET,http://localhost:8080/work,,application_workload,,0,,,http://localhost:8080/work,,
http_req_failed,1784713984,1.000000,,read: connection reset by peer,1220,false,,GET,http://localhost:8080/work,,application_workload,,0,,,http://localhost:8080/work,,
http_reqs,1784713984,1.000000,,read: connection reset by peer,1220,false,,GET,http://localhost:8080/work,,application_workload,,0,,,http://localhost:8080/work,,
http_req_duration,1784713984,1075.102500,,read: connection reset by peer,1220,false,,GET,http://localhost:8080/work,,application_workload,,0,,,http://localhost:8080/work,,
http_req_blocked,1784713984,4.539500,,read: connection reset by peer,1220,false,,GET,http://localhost:8080/work,,application_workload,,0,,,http://localhost:8080/work,,
http_req_connecting,1784713984,0.000000,,read: connection reset by peer,1220,false,,GET,http://localhost:8080/work,,application_workload,,0,,,http://localhost:8080/work,,
http_req_tls_handshaking,1784713984,0.000000,,read: connection reset by peer,1220,false,,GET,http://localhost:8080/work,,application_workload,,0,,,http://localhost:8080/work,,
http_req_sending,1784713984,1012.199100,,read: connection reset by peer,1220,false,,GET,http://localhost:8080/work,,application_workload,,0,,,http://localhost:8080/work,,
http_req_waiting,1784713984,62.903400,,read: connection reset by peer,1220,false,,GET,http://localhost:8080/work,,application_workload,,0,,,http://localhost:8080/work,,
http_req_receiving,1784713984,0.000000,,read: connection reset by peer,1220,false,,GET,http://localhost:8080/work,,application_workload,,0,,,http://localhost:8080/work,,
http_req_failed,1784713984,1.000000,,read: connection reset by peer,1220,false,,GET,http://localhost:8080/work,,application_workload,,0,,,http://localhost:8080/work,,
checks,1784713984,0.000000,status is 200,,,,,,,,application_workload,,,,,,,
data_sent,1784713984,148.000000,,,,,,,,,application_workload,,,,,,,
data_received,1784713984,0.000000,,,,,,,,,application_workload,,,,,,,
iteration_duration,1784713984,741.112900,,,,,,,,,application_workload,,,,,,,
iterations,1784713984,1.000000,,,,,,,,,application_workload,,,,,,,
checks,1784713984,0.000000,status is 200,,,,,,,,application_workload,,,,,,,
data_sent,1784713984,148.000000,,,,,,,,,application_workload,,,,,,,
data_received,1784713984,0.000000,,,,,,,,,application_workload,,,,,,,
iteration_duration,1784713984,1076.444200,,,,,,,,,application_workload,,,,,,,
iterations,1784713984,1.000000,,,,,,,,,application_workload,,,,,,,
http_reqs,1784713985,1.000000,,dial: connection refused,1212,false,,GET,http://localhost:8080/work,,application_workload,,0,,,http://localhost:8080/work,,
http_req_duration,1784713985,0.000000,,dial: connection refused,1212,false,,GET,http://localhost:8080/work,,application_workload,,0,,,http://localhost:8080/work,,
http_req_blocked,1784713985,0.000000,,dial: connection refused,1212,false,,GET,http://localhost:8080/work,,application_workload,,0,,,http://localhost:8080/work,,
http_req_connecting,1784713985,0.000000,,dial: connection refused,1212,false,,GET,http://localhost:8080/work,,application_workload,,0,,,http://localhost:8080/work,,
http_req_tls_handshaking,1784713985,0.000000,,dial: connection refused,1212,false,,GET,http://localhost:8080/work,,application_workload,,0,,,http://localhost:8080/work,,
http_req_sending,1784713985,0.000000,,dial: connection refused,1212,false,,GET,http://localhost:8080/work,,application_workload,,0,,,http://localhost:8080/work,,
http_req_waiting,1784713985,0.000000,,dial: connection refused,1212,false,,GET,http://localhost:8080/work,,application_workload,,0,,,http://localhost:8080/work,,
http_req_receiving,1784713985,0.000000,,dial: connection refused,1212,false,,GET,http://localhost:8080/work,,application_workload,,0,,,http://localhost:8080/work,,
http_req_failed,1784713985,1.000000,,dial: connection refused,1212,false,,GET,http://localhost:8080/work,,application_workload,,0,,,http://localhost:8080/work,,
checks,1784713985,0.000000,status is 200,,,,,,,,application_workload,,,,,,,
data_sent,1784713985,0.000000,,,,,,,,,application_workload,,,,,,,
data_received,1784713985,0.000000,,,,,,,,,application_workload,,,,,,,
iteration_duration,1784713985,0.000000,,,,,,,,,application_workload,,,,,,,
iterations,1784713985,1.000000,,,,,,,,,application_workload,,,,,,,
http_reqs,1784713985,1.000000,,dial: connection refused,1212,false,,GET,http://localhost:8080/work,,application_workload,,0,,,http://localhost:8080/work,,
http_req_duration,1784713985,0.000000,,dial: connection refused,1212,false,,GET,http://localhost:8080/work,,application_workload,,0,,,http://localhost:8080/work,,
http_req_blocked,1784713985,0.000000,,dial: connection refused,1212,false,,GET,http://localhost:8080/work,,application_workload,,0,,,http://localhost:8080/work,,
http_req_connecting,1784713985,0.000000,,dial: connection refused,1212,false,,GET,http://localhost:8080/work,,application_workload,,0,,,http://localhost:8080/work,,
http_req_tls_handshaking,1784713985,0.000000,,dial: connection refused,1212,false,,GET,http://localhost:8080/work,,application_workload,,0,,,http://localhost:8080/work,,
http_req_sending,1784713985,0.000000,,dial: connection refused,1212,false,,GET,http://localhost:8080/work,,application_workload,,0,,,http://localhost:8080/work,,
http_req_waiting,1784713985,0.000000,,dial: connection refused,1212,false,,GET,http://localhost:8080/work,,application_workload,,0,,,http://localhost:8080/work,,
http_req_receiving,1784713985,0.000000,,dial: connection refused,1212,false,,GET,http://localhost:8080/work,,application_workload,,0,,,http://localhost:8080/work,,
http_req_failed,1784713985,1.000000,,dial: connection refused,1212,false,,GET,http://localhost:8080/work,,application_workload,,0,,,http://localhost:8080/work,,
checks,1784713985,0.000000,status is 200,,,,,,,,application_workload,,,,,,,
data_sent,1784713985,0.000000,,,,,,,,,application_workload,,,,,,,
data_received,1784713985,0.000000,,,,,,,,,application_workload,,,,,,,
iteration_duration,1784713985,2.533500,,,,,,,,,application_workload,,,,,,,
iterations,1784713985,1.000000,,,,,,,,,application_workload,,,,,,,
http_reqs,1784713985,1.000000,,dial: connection refused,1212,false,,GET,http://localhost:8080/work,,application_workload,,0,,,http://localhost:8080/work,,
http_req_duration,1784713985,0.000000,,dial: connection refused,1212,false,,GET,http://localhost:8080/work,,application_workload,,0,,,http://localhost:8080/work,,
http_req_blocked,1784713985,0.000000,,dial: connection refused,1212,false,,GET,http://localhost:8080/work,,application_workload,,0,,,http://localhost:8080/work,,
http_req_connecting,1784713985,0.000000,,dial: connection refused,1212,false,,GET,http://localhost:8080/work,,application_workload,,0,,,http://localhost:8080/work,,
http_req_tls_handshaking,1784713985,0.000000,,dial: connection refused,1212,false,,GET,http://localhost:8080/work,,application_workload,,0,,,http://localhost:8080/work,,
http_req_sending,1784713985,0.000000,,dial: connection refused,1212,false,,GET,http://localhost:8080/work,,application_workload,,0,,,http://localhost:8080/work,,
http_req_waiting,1784713985,0.000000,,dial: connection refused,1212,false,,GET,http://localhost:8080/work,,application_workload,,0,,,http://localhost:8080/work,,
http_req_receiving,1784713985,0.000000,,dial: connection refused,1212,false,,GET,http://localhost:8080/work,,application_workload,,0,,,http://localhost:8080/work,,
http_req_failed,1784713985,1.000000,,dial: connection refused,1212,false,,GET,http://localhost:8080/work,,application_workload,,0,,,http://localhost:8080/work,,
checks,1784713985,0.000000,status is 200,,,,,,,,application_workload,,,,,,,
data_sent,1784713985,0.000000,,,,,,,,,application_workload,,,,,,,
data_received,1784713985,0.000000,,,,,,,,,application_workload,,,,,,,
iteration_duration,1784713985,3.236900,,,,,,,,,application_workload,,,,,,,
iterations,1784713985,1.000000,,,,,,,,,application_workload,,,,,,,
http_reqs,1784713985,1.000000,,dial: connection refused,1212,false,,GET,http://localhost:8080/work,,application_workload,,0,,,http://localhost:8080/work,,
http_req_duration,1784713985,0.000000,,dial: connection refused,1212,false,,GET,http://localhost:8080/work,,application_workload,,0,,,http://localhost:8080/work,,
http_req_blocked,1784713985,0.000000,,dial: connection refused,1212,false,,GET,http://localhost:8080/work,,application_workload,,0,,,http://localhost:8080/work,,
http_req_connecting,1784713985,0.000000,,dial: connection refused,1212,false,,GET,http://localhost:8080/work,,application_workload,,0,,,http://localhost:8080/work,,
http_req_tls_handshaking,1784713985,0.000000,,dial: connection refused,1212,false,,GET,http://localhost:8080/work,,application_workload,,0,,,http://localhost:8080/work,,
http_req_sending,1784713985,0.000000,,dial: connection refused,1212,false,,GET,http://localhost:8080/work,,application_workload,,0,,,http://localhost:8080/work,,
http_req_waiting,1784713985,0.000000,,dial: connection refused,1212,false,,GET,http://localhost:8080/work,,application_workload,,0,,,http://localhost:8080/work,,
http_req_receiving,1784713985,0.000000,,dial: connection refused,1212,false,,GET,http://localhost:8080/work,,application_workload,,0,,,http://localhost:8080/work,,
http_req_failed,1784713985,1.000000,,dial: connection refused,1212,false,,GET,http://localhost:8080/work,,application_workload,,0,,,http://localhost:8080/work,,
checks,1784713985,0.000000,status is 200,,,,,,,,application_workload,,,,,,,
data_sent,1784713985,0.000000,,,,,,,,,application_workload,,,,,,,
data_received,1784713985,0.000000,,,,,,,,,application_workload,,,,,,,
iteration_duration,1784713985,1.062500,,,,,,,,,application_workload,,,,,,,
iterations,1784713985,1.000000,,,,,,,,,application_workload,,,,,,,
http_reqs,1784713985,1.000000,,dial: connection refused,1212,false,,GET,http://localhost:8080/work,,application_workload,,0,,,http://localhost:8080/work,,
http_req_duration,1784713985,0.000000,,dial: connection refused,1212,false,,GET,http://localhost:8080/work,,application_workload,,0,,,http://localhost:8080/work,,
http_req_blocked,1784713985,0.000000,,dial: connection refused,1212,false,,GET,http://localhost:8080/work,,application_workload,,0,,,http://localhost:8080/work,,
http_req_connecting,1784713985,0.000000,,dial: connection refused,1212,false,,GET,http://localhost:8080/work,,application_workload,,0,,,http://localhost:8080/work,,
http_req_tls_handshaking,1784713985,0.000000,,dial: connection refused,1212,false,,GET,http://localhost:8080/work,,application_workload,,0,,,http://localhost:8080/work,,
http_req_sending,1784713985,0.000000,,dial: connection refused,1212,false,,GET,http://localhost:8080/work,,application_workload,,0,,,http://localhost:8080/work,,
http_req_waiting,1784713985,0.000000,,dial: connection refused,1212,false,,GET,http://localhost:8080/work,,application_workload,,0,,,http://localhost:8080/work,,
http_req_receiving,1784713985,0.000000,,dial: connection refused,1212,false,,GET,http://localhost:8080/work,,application_workload,,0,,,http://localhost:8080/work,,
http_req_failed,1784713985,1.000000,,dial: connection refused,1212,false,,GET,http://localhost:8080/work,,application_workload,,0,,,http://localhost:8080/work,,
checks,1784713985,0.000000,status is 200,,,,,,,,application_workload,,,,,,,
data_sent,1784713985,0.000000,,,,,,,,,application_workload,,,,,,,
data_received,1784713985,0.000000,,,,,,,,,application_workload,,,,,,,
iteration_duration,1784713985,2.629100,,,,,,,,,application_workload,,,,,,,
iterations,1784713985,1.000000,,,,,,,,,application_workload,,,,,,,
vus,1784713985,0.000000,,,,,,,,,,,,,,,,
vus_max,1784713985,20.000000,,,,,,,,,,,,,,,,
http_reqs,1784713985,1.000000,,dial: connection refused,1212,false,,GET,http://localhost:8080/work,,application_workload,,0,,,http://localhost:8080/work,,
http_req_duration,1784713985,0.000000,,dial: connection refused,1212,false,,GET,http://localhost:8080/work,,application_workload,,0,,,http://localhost:8080/work,,
http_req_blocked,1784713985,0.000000,,dial: connection refused,1212,false,,GET,http://localhost:8080/work,,application_workload,,0,,,http://localhost:8080/work,,
http_req_connecting,1784713985,0.000000,,dial: connection refused,1212,false,,GET,http://localhost:8080/work,,application_workload,,0,,,http://localhost:8080/work,,
http_req_tls_handshaking,1784713985,0.000000,,dial: connection refused,1212,false,,GET,http://localhost:8080/work,,application_workload,,0,,,http://localhost:8080/work,,
http_req_sending,1784713985,0.000000,,dial: connection refused,1212,false,,GET,http://localhost:8080/work,,application_workload,,0,,,http://localhost:8080/work,,
http_req_waiting,1784713985,0.000000,,dial: connection refused,1212,false,,GET,http://localhost:8080/work,,application_workload,,0,,,http://localhost:8080/work,,
http_req_receiving,1784713985,0.000000,,dial: connection refused,1212,false,,GET,http://localhost:8080/work,,application_workload,,0,,,http://localhost:8080/work,,
http_req_failed,1784713985,1.000000,,dial: connection refused,1212,false,,GET,http://localhost:8080/work,,application_workload,,0,,,http://localhost:8080/work,,
checks,1784713985,0.000000,status is 200,,,,,,,,application_workload,,,,,,,
data_sent,1784713985,0.000000,,,,,,,,,application_workload,,,,,,,
data_received,1784713985,0.000000,,,,,,,,,application_workload,,,,,,,
iteration_duration,1784713985,7.991700,,,,,,,,,application_workload,,,,,,,
iterations,1784713985,1.000000,,,,,,,,,application_workload,,,,,,,
http_reqs,1784713986,1.000000,,dial: connection refused,1212,false,,GET,http://localhost:8080/work,,application_workload,,0,,,http://localhost:8080/work,,
http_req_duration,1784713986,0.000000,,dial: connection refused,1212,false,,GET,http://localhost:8080/work,,application_workload,,0,,,http://localhost:8080/work,,
http_req_blocked,1784713986,0.000000,,dial: connection refused,1212,false,,GET,http://localhost:8080/work,,application_workload,,0,,,http://localhost:8080/work,,
http_req_connecting,1784713986,0.000000,,dial: connection refused,1212,false,,GET,http://localhost:8080/work,,application_workload,,0,,,http://localhost:8080/work,,
http_req_tls_handshaking,1784713986,0.000000,,dial: connection refused,1212,false,,GET,http://localhost:8080/work,,application_workload,,0,,,http://localhost:8080/work,,
http_req_sending,1784713986,0.000000,,dial: connection refused,1212,false,,GET,http://localhost:8080/work,,application_workload,,0,,,http://localhost:8080/work,,
http_req_waiting,1784713986,0.000000,,dial: connection refused,1212,false,,GET,http://localhost:8080/work,,application_workload,,0,,,http://localhost:8080/work,,
http_req_receiving,1784713986,0.000000,,dial: connection refused,1212,false,,GET,http://localhost:8080/work,,application_workload,,0,,,http://localhost:8080/work,,
http_req_failed,1784713986,1.000000,,dial: connection refused,1212,false,,GET,http://localhost:8080/work,,application_workload,,0,,,http://localhost:8080/work,,
checks,1784713986,0.000000,status is 200,,,,,,,,application_workload,,,,,,,
data_sent,1784713986,0.000000,,,,,,,,,application_workload,,,,,,,
data_received,1784713986,0.000000,,,,,,,,,application_workload,,,,,,,
iteration_duration,1784713986,0.000000,,,,,,,,,application_workload,,,,,,,
iterations,1784713986,1.000000,,,,,,,,,application_workload,,,,,,,
http_reqs,1784713986,1.000000,,dial: connection refused,1212,false,,GET,http://localhost:8080/work,,application_workload,,0,,,http://localhost:8080/work,,
http_req_duration,1784713986,0.000000,,dial: connection refused,1212,false,,GET,http://localhost:8080/work,,application_workload,,0,,,http://localhost:8080/work,,
http_req_blocked,1784713986,0.000000,,dial: connection refused,1212,false,,GET,http://localhost:8080/work,,application_workload,,0,,,http://localhost:8080/work,,
http_req_connecting,1784713986,0.000000,,dial: connection refused,1212,false,,GET,http://localhost:8080/work,,application_workload,,0,,,http://localhost:8080/work,,
http_req_tls_handshaking,1784713986,0.000000,,dial: connection refused,1212,false,,GET,http://localhost:8080/work,,application_workload,,0,,,http://localhost:8080/work,,
http_req_sending,1784713986,0.000000,,dial: connection refused,1212,false,,GET,http://localhost:8080/work,,application_workload,,0,,,http://localhost:8080/work,,
http_req_waiting,1784713986,0.000000,,dial: connection refused,1212,false,,GET,http://localhost:8080/work,,application_workload,,0,,,http://localhost:8080/work,,
http_req_receiving,1784713986,0.000000,,dial: connection refused,1212,false,,GET,http://localhost:8080/work,,application_workload,,0,,,http://localhost:8080/work,,
http_req_failed,1784713986,1.000000,,dial: connection refused,1212,false,,GET,http://localhost:8080/work,,application_workload,,0,,,http://localhost:8080/work,,
checks,1784713986,0.000000,status is 200,,,,,,,,application_workload,,,,,,,
data_sent,1784713986,0.000000,,,,,,,,,application_workload,,,,,,,
data_received,1784713986,0.000000,,,,,,,,,application_workload,,,,,,,
iteration_duration,1784713986,2.419100,,,,,,,,,application_workload,,,,,,,
iterations,1784713986,1.000000,,,,,,,,,application_workload,,,,,,,
http_reqs,1784713986,1.000000,,dial: connection refused,1212,false,,GET,http://localhost:8080/work,,application_workload,,0,,,http://localhost:8080/work,,
http_req_duration,1784713986,0.000000,,dial: connection refused,1212,false,,GET,http://localhost:8080/work,,application_workload,,0,,,http://localhost:8080/work,,
http_req_blocked,1784713986,0.000000,,dial: connection refused,1212,false,,GET,http://localhost:8080/work,,application_workload,,0,,,http://localhost:8080/work,,
http_req_connecting,1784713986,0.000000,,dial: connection refused,1212,false,,GET,http://localhost:8080/work,,application_workload,,0,,,http://localhost:8080/work,,
http_req_tls_handshaking,1784713986,0.000000,,dial: connection refused,1212,false,,GET,http://localhost:8080/work,,application_workload,,0,,,http://localhost:8080/work,,
http_req_sending,1784713986,0.000000,,dial: connection refused,1212,false,,GET,http://localhost:8080/work,,application_workload,,0,,,http://localhost:8080/work,,
http_req_waiting,1784713986,0.000000,,dial: connection refused,1212,false,,GET,http://localhost:8080/work,,application_workload,,0,,,http://localhost:8080/work,,
http_req_receiving,1784713986,0.000000,,dial: connection refused,1212,false,,GET,http://localhost:8080/work,,application_workload,,0,,,http://localhost:8080/work,,
http_req_failed,1784713986,1.000000,,dial: connection refused,1212,false,,GET,http://localhost:8080/work,,application_workload,,0,,,http://localhost:8080/work,,
checks,1784713986,0.000000,status is 200,,,,,,,,application_workload,,,,,,,
data_sent,1784713986,0.000000,,,,,,,,,application_workload,,,,,,,
data_received,1784713986,0.000000,,,,,,,,,application_workload,,,,,,,
iteration_duration,1784713986,2.771700,,,,,,,,,application_workload,,,,,,,
iterations,1784713986,1.000000,,,,,,,,,application_workload,,,,,,,
http_reqs,1784713986,1.000000,,dial: connection refused,1212,false,,GET,http://localhost:8080/work,,application_workload,,0,,,http://localhost:8080/work,,
http_req_duration,1784713986,0.000000,,dial: connection refused,1212,false,,GET,http://localhost:8080/work,,application_workload,,0,,,http://localhost:8080/work,,
http_req_blocked,1784713986,0.000000,,dial: connection refused,1212,false,,GET,http://localhost:8080/work,,application_workload,,0,,,http://localhost:8080/work,,
http_req_connecting,1784713986,0.000000,,dial: connection refused,1212,false,,GET,http://localhost:8080/work,,application_workload,,0,,,http://localhost:8080/work,,
http_req_tls_handshaking,1784713986,0.000000,,dial: connection refused,1212,false,,GET,http://localhost:8080/work,,application_workload,,0,,,http://localhost:8080/work,,
http_req_sending,1784713986,0.000000,,dial: connection refused,1212,false,,GET,http://localhost:8080/work,,application_workload,,0,,,http://localhost:8080/work,,
http_req_waiting,1784713986,0.000000,,dial: connection refused,1212,false,,GET,http://localhost:8080/work,,application_workload,,0,,,http://localhost:8080/work,,
http_req_receiving,1784713986,0.000000,,dial: connection refused,1212,false,,GET,http://localhost:8080/work,,application_workload,,0,,,http://localhost:8080/work,,
http_req_failed,1784713986,1.000000,,dial: connection refused,1212,false,,GET,http://localhost:8080/work,,application_workload,,0,,,http://localhost:8080/work,,
checks,1784713986,0.000000,status is 200,,,,,,,,application_workload,,,,,,,
data_sent,1784713986,0.000000,,,,,,,,,application_workload,,,,,,,
data_received,1784713986,0.000000,,,,,,,,,application_workload,,,,,,,
iteration_duration,1784713986,1.789800,,,,,,,,,application_workload,,,,,,,
iterations,1784713986,1.000000,,,,,,,,,application_workload,,,,,,,
http_reqs,1784713986,1.000000,,dial: connection refused,1212,false,,GET,http://localhost:8080/work,,application_workload,,0,,,http://localhost:8080/work,,
http_req_duration,1784713986,0.000000,,dial: connection refused,1212,false,,GET,http://localhost:8080/work,,application_workload,,0,,,http://localhost:8080/work,,
http_req_blocked,1784713986,0.000000,,dial: connection refused,1212,false,,GET,http://localhost:8080/work,,application_workload,,0,,,http://localhost:8080/work,,
http_req_connecting,1784713986,0.000000,,dial: connection refused,1212,false,,GET,http://localhost:8080/work,,application_workload,,0,,,http://localhost:8080/work,,
http_req_tls_handshaking,1784713986,0.000000,,dial: connection refused,1212,false,,GET,http://localhost:8080/work,,application_workload,,0,,,http://localhost:8080/work,,
http_req_sending,1784713986,0.000000,,dial: connection refused,1212,false,,GET,http://localhost:8080/work,,application_workload,,0,,,http://localhost:8080/work,,
http_req_waiting,1784713986,0.000000,,dial: connection refused,1212,false,,GET,http://localhost:8080/work,,application_workload,,0,,,http://localhost:8080/work,,
http_req_receiving,1784713986,0.000000,,dial: connection refused,1212,false,,GET,http://localhost:8080/work,,application_workload,,0,,,http://localhost:8080/work,,
http_req_failed,1784713986,1.000000,,dial: connection refused,1212,false,,GET,http://localhost:8080/work,,application_workload,,0,,,http://localhost:8080/work,,
checks,1784713986,0.000000,status is 200,,,,,,,,application_workload,,,,,,,
data_sent,1784713986,0.000000,,,,,,,,,application_workload,,,,,,,
data_received,1784713986,0.000000,,,,,,,,,application_workload,,,,,,,
iteration_duration,1784713986,3.017700,,,,,,,,,application_workload,,,,,,,
iterations,1784713986,1.000000,,,,,,,,,application_workload,,,,,,,
vus,1784713986,0.000000,,,,,,,,,,,,,,,,
vus_max,1784713986,20.000000,,,,,,,,,,,,,,,,
http_reqs,1784713986,1.000000,,dial: connection refused,1212,false,,GET,http://localhost:8080/work,,application_workload,,0,,,http://localhost:8080/work,,
http_req_duration,1784713986,0.000000,,dial: connection refused,1212,false,,GET,http://localhost:8080/work,,application_workload,,0,,,http://localhost:8080/work,,
http_req_blocked,1784713986,0.000000,,dial: connection refused,1212,false,,GET,http://localhost:8080/work,,application_workload,,0,,,http://localhost:8080/work,,
http_req_connecting,1784713986,0.000000,,dial: connection refused,1212,false,,GET,http://localhost:8080/work,,application_workload,,0,,,http://localhost:8080/work,,
http_req_tls_handshaking,1784713986,0.000000,,dial: connection refused,1212,false,,GET,http://localhost:8080/work,,application_workload,,0,,,http://localhost:8080/work,,
http_req_sending,1784713986,0.000000,,dial: connection refused,1212,false,,GET,http://localhost:8080/work,,application_workload,,0,,,http://localhost:8080/work,,
http_req_waiting,1784713986,0.000000,,dial: connection refused,1212,false,,GET,http://localhost:8080/work,,application_workload,,0,,,http://localhost:8080/work,,
http_req_receiving,1784713986,0.000000,,dial: connection refused,1212,false,,GET,http://localhost:8080/work,,application_workload,,0,,,http://localhost:8080/work,,
http_req_failed,1784713986,1.000000,,dial: connection refused,1212,false,,GET,http://localhost:8080/work,,application_workload,,0,,,http://localhost:8080/work,,
checks,1784713986,0.000000,status is 200,,,,,,,,application_workload,,,,,,,
data_sent,1784713986,0.000000,,,,,,,,,application_workload,,,,,,,
data_received,1784713986,0.000000,,,,,,,,,application_workload,,,,,,,
iteration_duration,1784713986,2.754200,,,,,,,,,application_workload,,,,,,,
iterations,1784713986,1.000000,,,,,,,,,application_workload,,,,,,,
http_reqs,1784713987,1.000000,,dial: connection refused,1212,false,,GET,http://localhost:8080/work,,application_workload,,0,,,http://localhost:8080/work,,
http_req_duration,1784713987,0.000000,,dial: connection refused,1212,false,,GET,http://localhost:8080/work,,application_workload,,0,,,http://localhost:8080/work,,
http_req_blocked,1784713987,0.000000,,dial: connection refused,1212,false,,GET,http://localhost:8080/work,,application_workload,,0,,,http://localhost:8080/work,,
http_req_connecting,1784713987,0.000000,,dial: connection refused,1212,false,,GET,http://localhost:8080/work,,application_workload,,0,,,http://localhost:8080/work,,
http_req_tls_handshaking,1784713987,0.000000,,dial: connection refused,1212,false,,GET,http://localhost:8080/work,,application_workload,,0,,,http://localhost:8080/work,,
http_req_sending,1784713987,0.000000,,dial: connection refused,1212,false,,GET,http://localhost:8080/work,,application_workload,,0,,,http://localhost:8080/work,,
http_req_waiting,1784713987,0.000000,,dial: connection refused,1212,false,,GET,http://localhost:8080/work,,application_workload,,0,,,http://localhost:8080/work,,
http_req_receiving,1784713987,0.000000,,dial: connection refused,1212,false,,GET,http://localhost:8080/work,,application_workload,,0,,,http://localhost:8080/work,,
http_req_failed,1784713987,1.000000,,dial: connection refused,1212,false,,GET,http://localhost:8080/work,,application_workload,,0,,,http://localhost:8080/work,,
checks,1784713987,0.000000,status is 200,,,,,,,,application_workload,,,,,,,
data_sent,1784713987,0.000000,,,,,,,,,application_workload,,,,,,,
data_received,1784713987,0.000000,,,,,,,,,application_workload,,,,,,,
iteration_duration,1784713987,1.575500,,,,,,,,,application_workload,,,,,,,
iterations,1784713987,1.000000,,,,,,,,,application_workload,,,,,,,
http_reqs,1784713987,1.000000,,dial: connection refused,1212,false,,GET,http://localhost:8080/work,,application_workload,,0,,,http://localhost:8080/work,,
http_req_duration,1784713987,0.000000,,dial: connection refused,1212,false,,GET,http://localhost:8080/work,,application_workload,,0,,,http://localhost:8080/work,,
http_req_blocked,1784713987,0.000000,,dial: connection refused,1212,false,,GET,http://localhost:8080/work,,application_workload,,0,,,http://localhost:8080/work,,
http_req_connecting,1784713987,0.000000,,dial: connection refused,1212,false,,GET,http://localhost:8080/work,,application_workload,,0,,,http://localhost:8080/work,,
http_req_tls_handshaking,1784713987,0.000000,,dial: connection refused,1212,false,,GET,http://localhost:8080/work,,application_workload,,0,,,http://localhost:8080/work,,
http_req_sending,1784713987,0.000000,,dial: connection refused,1212,false,,GET,http://localhost:8080/work,,application_workload,,0,,,http://localhost:8080/work,,
http_req_waiting,1784713987,0.000000,,dial: connection refused,1212,false,,GET,http://localhost:8080/work,,application_workload,,0,,,http://localhost:8080/work,,
http_req_receiving,1784713987,0.000000,,dial: connection refused,1212,false,,GET,http://localhost:8080/work,,application_workload,,0,,,http://localhost:8080/work,,
http_req_failed,1784713987,1.000000,,dial: connection refused,1212,false,,GET,http://localhost:8080/work,,application_workload,,0,,,http://localhost:8080/work,,
checks,1784713987,0.000000,status is 200,,,,,,,,application_workload,,,,,,,
data_sent,1784713987,0.000000,,,,,,,,,application_workload,,,,,,,
data_received,1784713987,0.000000,,,,,,,,,application_workload,,,,,,,
iteration_duration,1784713987,2.283300,,,,,,,,,application_workload,,,,,,,
iterations,1784713987,1.000000,,,,,,,,,application_workload,,,,,,,
http_reqs,1784713987,1.000000,,dial: connection refused,1212,false,,GET,http://localhost:8080/work,,application_workload,,0,,,http://localhost:8080/work,,
http_req_duration,1784713987,0.000000,,dial: connection refused,1212,false,,GET,http://localhost:8080/work,,application_workload,,0,,,http://localhost:8080/work,,
http_req_blocked,1784713987,0.000000,,dial: connection refused,1212,false,,GET,http://localhost:8080/work,,application_workload,,0,,,http://localhost:8080/work,,
http_req_connecting,1784713987,0.000000,,dial: connection refused,1212,false,,GET,http://localhost:8080/work,,application_workload,,0,,,http://localhost:8080/work,,
http_req_tls_handshaking,1784713987,0.000000,,dial: connection refused,1212,false,,GET,http://localhost:8080/work,,application_workload,,0,,,http://localhost:8080/work,,
http_req_sending,1784713987,0.000000,,dial: connection refused,1212,false,,GET,http://localhost:8080/work,,application_workload,,0,,,http://localhost:8080/work,,
http_req_waiting,1784713987,0.000000,,dial: connection refused,1212,false,,GET,http://localhost:8080/work,,application_workload,,0,,,http://localhost:8080/work,,
http_req_receiving,1784713987,0.000000,,dial: connection refused,1212,false,,GET,http://localhost:8080/work,,application_workload,,0,,,http://localhost:8080/work,,
http_req_failed,1784713987,1.000000,,dial: connection refused,1212,false,,GET,http://localhost:8080/work,,application_workload,,0,,,http://localhost:8080/work,,
checks,1784713987,0.000000,status is 200,,,,,,,,application_workload,,,,,,,
data_sent,1784713987,0.000000,,,,,,,,,application_workload,,,,,,,
data_received,1784713987,0.000000,,,,,,,,,application_workload,,,,,,,
iteration_duration,1784713987,1.754200,,,,,,,,,application_workload,,,,,,,
iterations,1784713987,1.000000,,,,,,,,,application_workload,,,,,,,
http_reqs,1784713987,1.000000,,dial: connection refused,1212,false,,GET,http://localhost:8080/work,,application_workload,,0,,,http://localhost:8080/work,,
http_req_duration,1784713987,0.000000,,dial: connection refused,1212,false,,GET,http://localhost:8080/work,,application_workload,,0,,,http://localhost:8080/work,,
http_req_blocked,1784713987,0.000000,,dial: connection refused,1212,false,,GET,http://localhost:8080/work,,application_workload,,0,,,http://localhost:8080/work,,
http_req_connecting,1784713987,0.000000,,dial: connection refused,1212,false,,GET,http://localhost:8080/work,,application_workload,,0,,,http://localhost:8080/work,,
http_req_tls_handshaking,1784713987,0.000000,,dial: connection refused,1212,false,,GET,http://localhost:8080/work,,application_workload,,0,,,http://localhost:8080/work,,
http_req_sending,1784713987,0.000000,,dial: connection refused,1212,false,,GET,http://localhost:8080/work,,application_workload,,0,,,http://localhost:8080/work,,
http_req_waiting,1784713987,0.000000,,dial: connection refused,1212,false,,GET,http://localhost:8080/work,,application_workload,,0,,,http://localhost:8080/work,,
http_req_receiving,1784713987,0.000000,,dial: connection refused,1212,false,,GET,http://localhost:8080/work,,application_workload,,0,,,http://localhost:8080/work,,
http_req_failed,1784713987,1.000000,,dial: connection refused,1212,false,,GET,http://localhost:8080/work,,application_workload,,0,,,http://localhost:8080/work,,
checks,1784713987,0.000000,status is 200,,,,,,,,application_workload,,,,,,,
data_sent,1784713987,0.000000,,,,,,,,,application_workload,,,,,,,
data_received,1784713987,0.000000,,,,,,,,,application_workload,,,,,,,
iteration_duration,1784713987,2.975900,,,,,,,,,application_workload,,,,,,,
iterations,1784713987,1.000000,,,,,,,,,application_workload,,,,,,,
http_reqs,1784713987,1.000000,,dial: connection refused,1212,false,,GET,http://localhost:8080/work,,application_workload,,0,,,http://localhost:8080/work,,
http_req_duration,1784713987,0.000000,,dial: connection refused,1212,false,,GET,http://localhost:8080/work,,application_workload,,0,,,http://localhost:8080/work,,
http_req_blocked,1784713987,0.000000,,dial: connection refused,1212,false,,GET,http://localhost:8080/work,,application_workload,,0,,,http://localhost:8080/work,,
http_req_connecting,1784713987,0.000000,,dial: connection refused,1212,false,,GET,http://localhost:8080/work,,application_workload,,0,,,http://localhost:8080/work,,
http_req_tls_handshaking,1784713987,0.000000,,dial: connection refused,1212,false,,GET,http://localhost:8080/work,,application_workload,,0,,,http://localhost:8080/work,,
http_req_sending,1784713987,0.000000,,dial: connection refused,1212,false,,GET,http://localhost:8080/work,,application_workload,,0,,,http://localhost:8080/work,,
http_req_waiting,1784713987,0.000000,,dial: connection refused,1212,false,,GET,http://localhost:8080/work,,application_workload,,0,,,http://localhost:8080/work,,
http_req_receiving,1784713987,0.000000,,dial: connection refused,1212,false,,GET,http://localhost:8080/work,,application_workload,,0,,,http://localhost:8080/work,,
http_req_failed,1784713987,1.000000,,dial: connection refused,1212,false,,GET,http://localhost:8080/work,,application_workload,,0,,,http://localhost:8080/work,,
checks,1784713987,0.000000,status is 200,,,,,,,,application_workload,,,,,,,
data_sent,1784713987,0.000000,,,,,,,,,application_workload,,,,,,,
data_received,1784713987,0.000000,,,,,,,,,application_workload,,,,,,,
iteration_duration,1784713987,0.000000,,,,,,,,,application_workload,,,,,,,
iterations,1784713987,1.000000,,,,,,,,,application_workload,,,,,,,
vus,1784713987,0.000000,,,,,,,,,,,,,,,,
vus_max,1784713987,20.000000,,,,,,,,,,,,,,,,
http_reqs,1784713987,1.000000,,dial: connection refused,1212,false,,GET,http://localhost:8080/work,,application_workload,,0,,,http://localhost:8080/work,,
http_req_duration,1784713987,0.000000,,dial: connection refused,1212,false,,GET,http://localhost:8080/work,,application_workload,,0,,,http://localhost:8080/work,,
http_req_blocked,1784713987,0.000000,,dial: connection refused,1212,false,,GET,http://localhost:8080/work,,application_workload,,0,,,http://localhost:8080/work,,
http_req_connecting,1784713987,0.000000,,dial: connection refused,1212,false,,GET,http://localhost:8080/work,,application_workload,,0,,,http://localhost:8080/work,,
http_req_tls_handshaking,1784713987,0.000000,,dial: connection refused,1212,false,,GET,http://localhost:8080/work,,application_workload,,0,,,http://localhost:8080/work,,
http_req_sending,1784713987,0.000000,,dial: connection refused,1212,false,,GET,http://localhost:8080/work,,application_workload,,0,,,http://localhost:8080/work,,
http_req_waiting,1784713987,0.000000,,dial: connection refused,1212,false,,GET,http://localhost:8080/work,,application_workload,,0,,,http://localhost:8080/work,,
http_req_receiving,1784713987,0.000000,,dial: connection refused,1212,false,,GET,http://localhost:8080/work,,application_workload,,0,,,http://localhost:8080/work,,
http_req_failed,1784713987,1.000000,,dial: connection refused,1212,false,,GET,http://localhost:8080/work,,application_workload,,0,,,http://localhost:8080/work,,
checks,1784713987,0.000000,status is 200,,,,,,,,application_workload,,,,,,,
data_sent,1784713987,0.000000,,,,,,,,,application_workload,,,,,,,
data_received,1784713987,0.000000,,,,,,,,,application_workload,,,,,,,
iteration_duration,1784713987,2.076600,,,,,,,,,application_workload,,,,,,,
iterations,1784713987,1.000000,,,,,,,,,application_workload,,,,,,,
http_reqs,1784713988,1.000000,,dial: connection refused,1212,false,,GET,http://localhost:8080/work,,application_workload,,0,,,http://localhost:8080/work,,
http_req_duration,1784713988,0.000000,,dial: connection refused,1212,false,,GET,http://localhost:8080/work,,application_workload,,0,,,http://localhost:8080/work,,
http_req_blocked,1784713988,0.000000,,dial: connection refused,1212,false,,GET,http://localhost:8080/work,,application_workload,,0,,,http://localhost:8080/work,,
http_req_connecting,1784713988,0.000000,,dial: connection refused,1212,false,,GET,http://localhost:8080/work,,application_workload,,0,,,http://localhost:8080/work,,
http_req_tls_handshaking,1784713988,0.000000,,dial: connection refused,1212,false,,GET,http://localhost:8080/work,,application_workload,,0,,,http://localhost:8080/work,,
http_req_sending,1784713988,0.000000,,dial: connection refused,1212,false,,GET,http://localhost:8080/work,,application_workload,,0,,,http://localhost:8080/work,,
http_req_waiting,1784713988,0.000000,,dial: connection refused,1212,false,,GET,http://localhost:8080/work,,application_workload,,0,,,http://localhost:8080/work,,
http_req_receiving,1784713988,0.000000,,dial: connection refused,1212,false,,GET,http://localhost:8080/work,,application_workload,,0,,,http://localhost:8080/work,,
http_req_failed,1784713988,1.000000,,dial: connection refused,1212,false,,GET,http://localhost:8080/work,,application_workload,,0,,,http://localhost:8080/work,,
checks,1784713988,0.000000,status is 200,,,,,,,,application_workload,,,,,,,
data_sent,1784713988,0.000000,,,,,,,,,application_workload,,,,,,,
data_received,1784713988,0.000000,,,,,,,,,application_workload,,,,,,,
iteration_duration,1784713988,0.771000,,,,,,,,,application_workload,,,,,,,
iterations,1784713988,1.000000,,,,,,,,,application_workload,,,,,,,
http_reqs,1784713988,1.000000,,dial: connection refused,1212,false,,GET,http://localhost:8080/work,,application_workload,,0,,,http://localhost:8080/work,,
http_req_duration,1784713988,0.000000,,dial: connection refused,1212,false,,GET,http://localhost:8080/work,,application_workload,,0,,,http://localhost:8080/work,,
http_req_blocked,1784713988,0.000000,,dial: connection refused,1212,false,,GET,http://localhost:8080/work,,application_workload,,0,,,http://localhost:8080/work,,
http_req_connecting,1784713988,0.000000,,dial: connection refused,1212,false,,GET,http://localhost:8080/work,,application_workload,,0,,,http://localhost:8080/work,,
http_req_tls_handshaking,1784713988,0.000000,,dial: connection refused,1212,false,,GET,http://localhost:8080/work,,application_workload,,0,,,http://localhost:8080/work,,
http_req_sending,1784713988,0.000000,,dial: connection refused,1212,false,,GET,http://localhost:8080/work,,application_workload,,0,,,http://localhost:8080/work,,
http_req_waiting,1784713988,0.000000,,dial: connection refused,1212,false,,GET,http://localhost:8080/work,,application_workload,,0,,,http://localhost:8080/work,,
http_req_receiving,1784713988,0.000000,,dial: connection refused,1212,false,,GET,http://localhost:8080/work,,application_workload,,0,,,http://localhost:8080/work,,
http_req_failed,1784713988,1.000000,,dial: connection refused,1212,false,,GET,http://localhost:8080/work,,application_workload,,0,,,http://localhost:8080/work,,
checks,1784713988,0.000000,status is 200,,,,,,,,application_workload,,,,,,,
data_sent,1784713988,0.000000,,,,,,,,,application_workload,,,,,,,
data_received,1784713988,0.000000,,,,,,,,,application_workload,,,,,,,
iteration_duration,1784713988,5.350200,,,,,,,,,application_workload,,,,,,,
iterations,1784713988,1.000000,,,,,,,,,application_workload,,,,,,,
http_reqs,1784713988,1.000000,,dial: connection refused,1212,false,,GET,http://localhost:8080/work,,application_workload,,0,,,http://localhost:8080/work,,
http_req_duration,1784713988,0.000000,,dial: connection refused,1212,false,,GET,http://localhost:8080/work,,application_workload,,0,,,http://localhost:8080/work,,
http_req_blocked,1784713988,0.000000,,dial: connection refused,1212,false,,GET,http://localhost:8080/work,,application_workload,,0,,,http://localhost:8080/work,,
http_req_connecting,1784713988,0.000000,,dial: connection refused,1212,false,,GET,http://localhost:8080/work,,application_workload,,0,,,http://localhost:8080/work,,
http_req_tls_handshaking,1784713988,0.000000,,dial: connection refused,1212,false,,GET,http://localhost:8080/work,,application_workload,,0,,,http://localhost:8080/work,,
http_req_sending,1784713988,0.000000,,dial: connection refused,1212,false,,GET,http://localhost:8080/work,,application_workload,,0,,,http://localhost:8080/work,,
http_req_waiting,1784713988,0.000000,,dial: connection refused,1212,false,,GET,http://localhost:8080/work,,application_workload,,0,,,http://localhost:8080/work,,
http_req_receiving,1784713988,0.000000,,dial: connection refused,1212,false,,GET,http://localhost:8080/work,,application_workload,,0,,,http://localhost:8080/work,,
http_req_failed,1784713988,1.000000,,dial: connection refused,1212,false,,GET,http://localhost:8080/work,,application_workload,,0,,,http://localhost:8080/work,,
checks,1784713988,0.000000,status is 200,,,,,,,,application_workload,,,,,,,
data_sent,1784713988,0.000000,,,,,,,,,application_workload,,,,,,,
data_received,1784713988,0.000000,,,,,,,,,application_workload,,,,,,,
iteration_duration,1784713988,3.895600,,,,,,,,,application_workload,,,,,,,
iterations,1784713988,1.000000,,,,,,,,,application_workload,,,,,,,
http_reqs,1784713988,1.000000,,dial: connection refused,1212,false,,GET,http://localhost:8080/work,,application_workload,,0,,,http://localhost:8080/work,,
http_req_duration,1784713988,0.000000,,dial: connection refused,1212,false,,GET,http://localhost:8080/work,,application_workload,,0,,,http://localhost:8080/work,,
http_req_blocked,1784713988,0.000000,,dial: connection refused,1212,false,,GET,http://localhost:8080/work,,application_workload,,0,,,http://localhost:8080/work,,
http_req_connecting,1784713988,0.000000,,dial: connection refused,1212,false,,GET,http://localhost:8080/work,,application_workload,,0,,,http://localhost:8080/work,,
http_req_tls_handshaking,1784713988,0.000000,,dial: connection refused,1212,false,,GET,http://localhost:8080/work,,application_workload,,0,,,http://localhost:8080/work,,
http_req_sending,1784713988,0.000000,,dial: connection refused,1212,false,,GET,http://localhost:8080/work,,application_workload,,0,,,http://localhost:8080/work,,
http_req_waiting,1784713988,0.000000,,dial: connection refused,1212,false,,GET,http://localhost:8080/work,,application_workload,,0,,,http://localhost:8080/work,,
http_req_receiving,1784713988,0.000000,,dial: connection refused,1212,false,,GET,http://localhost:8080/work,,application_workload,,0,,,http://localhost:8080/work,,
http_req_failed,1784713988,1.000000,,dial: connection refused,1212,false,,GET,http://localhost:8080/work,,application_workload,,0,,,http://localhost:8080/work,,
checks,1784713988,0.000000,status is 200,,,,,,,,application_workload,,,,,,,
data_sent,1784713988,0.000000,,,,,,,,,application_workload,,,,,,,
data_received,1784713988,0.000000,,,,,,,,,application_workload,,,,,,,
iteration_duration,1784713988,3.149300,,,,,,,,,application_workload,,,,,,,
iterations,1784713988,1.000000,,,,,,,,,application_workload,,,,,,,
http_reqs,1784713988,1.000000,,dial: connection refused,1212,false,,GET,http://localhost:8080/work,,application_workload,,0,,,http://localhost:8080/work,,
http_req_duration,1784713988,0.000000,,dial: connection refused,1212,false,,GET,http://localhost:8080/work,,application_workload,,0,,,http://localhost:8080/work,,
http_req_blocked,1784713988,0.000000,,dial: connection refused,1212,false,,GET,http://localhost:8080/work,,application_workload,,0,,,http://localhost:8080/work,,
http_req_connecting,1784713988,0.000000,,dial: connection refused,1212,false,,GET,http://localhost:8080/work,,application_workload,,0,,,http://localhost:8080/work,,
http_req_tls_handshaking,1784713988,0.000000,,dial: connection refused,1212,false,,GET,http://localhost:8080/work,,application_workload,,0,,,http://localhost:8080/work,,
http_req_sending,1784713988,0.000000,,dial: connection refused,1212,false,,GET,http://localhost:8080/work,,application_workload,,0,,,http://localhost:8080/work,,
http_req_waiting,1784713988,0.000000,,dial: connection refused,1212,false,,GET,http://localhost:8080/work,,application_workload,,0,,,http://localhost:8080/work,,
http_req_receiving,1784713988,0.000000,,dial: connection refused,1212,false,,GET,http://localhost:8080/work,,application_workload,,0,,,http://localhost:8080/work,,
http_req_failed,1784713988,1.000000,,dial: connection refused,1212,false,,GET,http://localhost:8080/work,,application_workload,,0,,,http://localhost:8080/work,,
checks,1784713988,0.000000,status is 200,,,,,,,,application_workload,,,,,,,
data_sent,1784713988,0.000000,,,,,,,,,application_workload,,,,,,,
data_received,1784713988,0.000000,,,,,,,,,application_workload,,,,,,,
iteration_duration,1784713988,1.935200,,,,,,,,,application_workload,,,,,,,
iterations,1784713988,1.000000,,,,,,,,,application_workload,,,,,,,
vus,1784713988,0.000000,,,,,,,,,,,,,,,,
vus_max,1784713988,20.000000,,,,,,,,,,,,,,,,
