timestamp_utc,experiment_id,label,namespace,pod_name,cpu_millicores,memory_mib,restart_count,phase,ready,node,collection_error,ready_numeric,elapsed_seconds,cpu_millicores_roll_5m_mean,cpu_millicores_roll_5m_std,cpu_millicores_roll_5m_min,cpu_millicores_roll_5m_max,cpu_millicores_roll_5m_range,cpu_millicores_roll_5m_delta,cpu_millicores_roll_15m_mean,cpu_millicores_roll_15m_std,cpu_millicores_roll_15m_min,cpu_millicores_roll_15m_max,cpu_millicores_roll_15m_range,cpu_millicores_roll_15m_delta,cpu_millicores_roll_30m_mean,cpu_millicores_roll_30m_std,cpu_millicores_roll_30m_min,cpu_millicores_roll_30m_max,cpu_millicores_roll_30m_range,cpu_millicores_roll_30m_delta,memory_mib_roll_5m_mean,memory_mib_roll_5m_std,memory_mib_roll_5m_min,memory_mib_roll_5m_max,memory_mib_roll_5m_range,memory_mib_roll_5m_delta,memory_mib_roll_15m_mean,memory_mib_roll_15m_std,memory_mib_roll_15m_min,memory_mib_roll_15m_max,memory_mib_roll_15m_range,memory_mib_roll_15m_delta,memory_mib_roll_30m_mean,memory_mib_roll_30m_std,memory_mib_roll_30m_min,memory_mib_roll_30m_max,memory_mib_roll_30m_range,memory_mib_roll_30m_delta,cpu_change_1m,memory_change_1m,memory_growth_rate_mib_per_min,failure_timestamp_utc,minutes_to_failure,failure_within_5m,failure_within_15m,failure_within_30m,failure_within_60m
2026-07-24T10:11:15.564077+0000,TS-HB-01,healthy,seminar,predictive-app-788cd796db-kg6k9,16.839,36.332,5,Running,True,seminar-lab-control-plane,,1,0.0,16.839,0.0,16.839,16.839,0.0,0.0,16.839,0.0,16.839,16.839,0.0,0.0,16.839,0.0,16.839,16.839,0.0,0.0,36.332,0.0,36.332,36.332,0.0,0.0,36.332,0.0,36.332,36.332,0.0,0.0,36.332,0.0,36.332,36.332,0.0,0.0,0.0,0.0,0.0,,,0,0,0,0
2026-07-24T10:12:16.124385+0000,TS-HB-01,healthy,seminar,predictive-app-788cd796db-kg6k9,16.762,36.348,5,Running,True,seminar-lab-control-plane,,1,60.560308,16.8005,0.03849999999999909,16.762,16.839,0.07699999999999818,-0.07699999999999818,16.8005,0.03849999999999909,16.762,16.839,0.07699999999999818,-0.07699999999999818,16.8005,0.03849999999999909,16.762,16.839,0.07699999999999818,-0.07699999999999818,36.34,0.007999999999997343,36.332,36.348,0.015999999999998238,0.015999999999998238,36.34,0.007999999999997343,36.332,36.348,0.015999999999998238,0.015999999999998238,36.34,0.007999999999997343,36.332,36.348,0.015999999999998238,0.015999999999998238,-0.07699999999999818,0.015999999999998238,0.01585196693517302,,,0,0,0,0
2026-07-24T10:13:16.565924+0000,TS-HB-01,healthy,seminar,predictive-app-788cd796db-kg6k9,16.723,35.859,5,Running,True,seminar-lab-control-plane,,1,121.001847,16.774666666666665,0.04819635763093339,16.723,16.839,0.11599999999999966,-0.11599999999999966,16.774666666666665,0.04819635763093339,16.723,16.839,0.11599999999999966,-0.11599999999999966,16.774666666666665,0.04819635763093339,16.723,16.839,0.11599999999999966,-0.11599999999999966,36.17966666666667,0.2268396398829414,35.859,36.348,0.4889999999999972,-0.472999999999999,36.17966666666667,0.2268396398829414,35.859,36.348,0.4889999999999972,-0.472999999999999,36.17966666666667,0.2268396398829414,35.859,36.348,0.4889999999999972,-0.472999999999999,-0.03900000000000148,-0.4889999999999972,-0.48542774531270344,,,0,0,0,0
2026-07-24T10:14:17.209864+0000,TS-HB-01,healthy,seminar,predictive-app-788cd796db-kg6k9,13.402,36.363,5,Running,True,seminar-lab-control-plane,,1,181.645787,15.9315,1.461003850097596,13.402,16.839,3.4369999999999994,-3.4369999999999994,15.9315,1.461003850097596,13.402,16.839,3.4369999999999994,-3.4369999999999994,15.9315,1.461003850097596,13.402,16.839,3.4369999999999994,-3.4369999999999994,36.2255,0.21188263260588378,35.859,36.363,0.5039999999999978,0.030999999999998806,36.2255,0.21188263260588378,35.859,36.363,0.5039999999999978,0.030999999999998806,36.2255,0.21188263260588378,35.859,36.363,0.5039999999999978,0.030999999999998806,-3.3209999999999997,0.5039999999999978,0.4986483398011387,,,0,0,0,0
2026-07-24T10:15:17.646269+0000,TS-HB-01,healthy,seminar,predictive-app-788cd796db-kg6k9,14.294,35.863,5,Running,True,seminar-lab-control-plane,,1,242.082192,15.604,1.4617287025983987,13.402,16.839,3.4369999999999994,-2.544999999999998,15.604,1.4617287025983987,13.402,16.839,3.4369999999999994,-2.544999999999998,15.604,1.4617287025983987,13.402,16.839,3.4369999999999994,-2.544999999999998,36.153,0.23862187661654294,35.859,36.363,0.5039999999999978,-0.4690000000000012,36.153,0.23862187661654294,35.859,36.363,0.5039999999999978,-0.4690000000000012,36.153,0.23862187661654294,35.859,36.363,0.5039999999999978,-0.4690000000000012,0.8920000000000012,-0.5,-0.49638955195961776,,,0,0,0,0
2026-07-24T10:16:18.219752+0000,TS-HB-01,healthy,seminar,predictive-app-788cd796db-kg6k9,15.443,35.867,5,Running,True,seminar-lab-control-plane,,1,302.655675,15.3248,1.3262116573156784,13.402,16.762,3.360000000000001,-1.3190000000000008,15.577166666666665,1.3357179613309917,13.402,16.839,3.4369999999999994,-1.395999999999999,15.577166666666665,1.3357179613309917,13.402,16.839,3.4369999999999994,-1.395999999999999,36.06,0.24133462246433185,35.859,36.363,0.5039999999999978,-0.48100000000000165,36.105333333333334,0.24250956453074163,35.859,36.363,0.5039999999999978,-0.4650000000000034,36.105333333333334,0.24250956453074163,35.859,36.363,0.5039999999999978,-0.4650000000000034,1.1489999999999991,0.003999999999997783,0.003962129765591768,,,0,0,0,0
2026-07-24T10:17:18.932357+0000,TS-HB-01,healthy,seminar,predictive-app-788cd796db-kg6k9,16.387,35.867,5,Running,True,seminar-lab-control-plane,,1,363.36828,15.249799999999999,1.2513022656416786,13.402,16.723,3.3209999999999997,-0.3359999999999985,15.692857142857141,1.2686885724548596,13.402,16.839,3.4369999999999994,-0.4519999999999982,15.692857142857141,1.2686885724548596,13.402,16.839,3.4369999999999994,-0.4519999999999982,35.9638,0.1996220428710265,35.859,36.363,0.5039999999999978,0.007999999999995566,36.071285714285715,0.23950944764289608,35.859,36.363,0.5039999999999978,-0.4650000000000034,36.071285714285715,0.23950944764289608,35.859,36.363,0.5039999999999978,-0.4650000000000034,0.9440000000000008,0.0,0.0,,,0,0,0,0
2026-07-24T10:18:19.399197+0000,TS-HB-01,healthy,seminar,predictive-app-788cd796db-kg6k9,14.684,35.867,5,Running,True,seminar-lab-control-plane,,1,423.83512,14.841999999999999,1.0146027794166532,13.402,16.387,2.985000000000001,1.282,15.566749999999999,1.2327592780019947,13.402,16.839,3.4369999999999994,-2.1549999999999994,15.566749999999999,1.2327592780019947,13.402,16.839,3.4369999999999994,-2.1549999999999994,35.965399999999995,0.19880603612567213,35.863,36.363,0.5,-0.4960000000000022,36.04575,0.2340057424509088,35.859,36.363,0.5039999999999978,-0.4650000000000034,36.04575,0.2340057424509088,35.859,36.363,0.5039999999999978,-0.4650000000000034,-1.7030000000000012,0.0,0.0,,,0,0,0,0
2026-07-24T10:19:19.919456+0000,TS-HB-01,healthy,seminar,predictive-app-788cd796db-kg6k9,15.881,36.129,5,Running,True,seminar-lab-control-plane,,1,484.355379,15.337799999999998,0.7647125996085059,14.294,16.387,2.093,1.5869999999999997,15.601666666666667,1.1664449313095655,13.402,16.839,3.4369999999999994,-0.9579999999999984,15.601666666666667,1.1664449313095655,13.402,16.839,3.4369999999999994,-0.9579999999999984,35.918600000000005,0.10521140622575897,35.863,36.129,0.26599999999999824,0.26599999999999824,36.055,0.2221686046427123,35.859,36.363,0.5039999999999978,-0.20300000000000296,36.055,0.2221686046427123,35.859,36.363,0.5039999999999978,-0.20300000000000296,1.197000000000001,0.26200000000000045,0.25974773174714977,,,0,0,0,0
2026-07-24T10:20:20.460910+0000,TS-HB-01,healthy,seminar,predictive-app-788cd796db-kg6k9,13.692,35.879,5,Running,True,seminar-lab-control-plane,,1,544.896833,15.217400000000001,0.9455776224086517,13.692,16.387,2.6950000000000003,-1.7509999999999994,15.4107,1.2460934194513666,13.402,16.839,3.4369999999999994,-3.1469999999999985,15.4107,1.2460934194513666,13.402,16.839,3.4369999999999994,-3.1469999999999985,35.921800000000005,0.1037041947078408,35.867,36.129,0.26200000000000045,0.012000000000000455,36.0374,0.2172805559639446,35.859,36.363,0.5039999999999978,-0.45300000000000296,36.0374,0.2172805559639446,35.859,36.363,0.5039999999999978,-0.45300000000000296,-2.189,-0.25,-0.24776411878049703,,,0,0,0,0
2026-07-24T10:21:20.937016+0000,TS-HB-01,healthy,seminar,predictive-app-788cd796db-kg6k9,14.555,36.133,5,Running,True,seminar-lab-control-plane,,1,605.372939,15.0398,0.9696138200335215,13.692,16.387,2.6950000000000003,-1.8320000000000007,15.33290909090909,1.213302964079717,13.402,16.839,3.4369999999999994,-2.283999999999999,15.33290909090909,1.213302964079717,13.402,16.839,3.4369999999999994,-2.283999999999999,35.975,0.12745509012982825,35.867,36.133,0.26600000000000534,0.26600000000000534,36.04609090909091,0.20898388565344167,35.859,36.363,0.5039999999999978,-0.19899999999999807,36.04609090909091,0.20898388565344167,35.859,36.363,0.5039999999999978,-0.19899999999999807,0.8629999999999995,0.2540000000000049,0.25200035200679577,,,0,0,0,0
2026-07-24T10:22:21.877652+0000,TS-HB-01,healthy,seminar,predictive-app-788cd796db-kg6k9,16.363,36.129,5,Running,True,seminar-lab-control-plane,,1,666.313575,15.035000000000002,0.9629693660755764,13.692,16.363,2.6709999999999994,1.6790000000000003,15.418750000000001,1.1960284364651756,13.402,16.839,3.4369999999999994,-0.4759999999999991,15.418750000000001,1.1960284364651756,13.402,16.839,3.4369999999999994,-0.4759999999999991,36.0274,0.12613262860974134,35.867,36.133,0.26600000000000534,0.26200000000000045,36.053,0.20139472022209054,35.859,36.363,0.5039999999999978,-0.20300000000000296,36.053,0.20139472022209054,35.859,36.363,0.5039999999999978,-0.20300000000000296,1.8079999999999998,-0.0040000000000048885,-0.0039382588655670295,,,0,0,0,0
2026-07-24T10:23:22.300607+0000,TS-HB-01,healthy,seminar,predictive-app-788cd796db-kg6k9,14.993,36.625,5,Running,True,seminar-lab-control-plane,,1,726.73653,15.096799999999998,0.94826333895179,13.692,16.363,2.6709999999999994,-0.8879999999999999,15.386,1.154693698978884,13.402,16.839,3.4369999999999994,-1.8459999999999983,15.386,1.154693698978884,13.402,16.839,3.4369999999999994,-1.8459999999999983,36.179,0.24332365277548368,35.879,36.625,0.7460000000000022,0.4960000000000022,36.096999999999994,0.24631655680008044,35.859,36.625,0.7659999999999982,0.29299999999999926,36.096999999999994,0.24631655680008044,35.859,36.625,0.7659999999999982,0.29299999999999926,-1.3699999999999992,0.4960000000000022,0.4925280466670346,,,0,0,0,0
2026-07-24T10:24:23.077740+0000,TS-HB-01,healthy,seminar,predictive-app-788cd796db-kg6k9,16.768,36.387,5,Running,True,seminar-lab-control-plane,,1,787.513663,15.274200000000002,1.1416306583129232,13.692,16.768,3.0760000000000005,3.0760000000000005,15.484714285714286,1.1682290888698297,13.402,16.839,3.4369999999999994,-0.07099999999999795,15.484714285714286,1.1682290888698297,13.402,16.839,3.4369999999999994,-0.07099999999999795,36.2306,0.2543553419922702,35.879,36.625,0.7460000000000022,0.5080000000000027,36.117714285714285,0.24882966881309382,35.859,36.625,0.7659999999999982,0.054999999999999716,36.117714285714285,0.24882966881309382,35.859,36.625,0.7659999999999982,0.054999999999999716,1.7750000000000004,-0.23799999999999955,-0.234956788764616,,,0,0,0,0
2026-07-24T10:25:23.554448+0000,TS-HB-01,healthy,seminar,predictive-app-788cd796db-kg6k9,15.219,36.367,5,Running,True,seminar-lab-control-plane,,1,847.990371,15.5796,0.8426087110871802,14.555,16.768,2.213000000000001,0.6639999999999997,15.467,1.1305610996315059,13.402,16.839,3.4369999999999994,-1.6199999999999992,15.467,1.1305610996315059,13.402,16.839,3.4369999999999994,-1.6199999999999992,36.328199999999995,0.18484415057016365,36.129,36.625,0.4960000000000022,0.23399999999999466,36.13433333333333,0.2483045620917122,35.859,36.625,0.7659999999999982,0.03499999999999659,36.13433333333333,0.2483045620917122,35.859,36.625,0.7659999999999982,0.03499999999999659,-1.5490000000000013,-0.020000000000003126,-0.019842349884523932,,,0,0,0,0
2026-07-24T10:26:24.141045+0000,TS-HB-01,healthy,seminar,predictive-app-788cd796db-kg6k9,15.348,36.133,5,Running,True,seminar-lab-control-plane,,1,908.576968,15.7382,0.6968516054369102,14.993,16.768,1.7750000000000004,-1.0149999999999988,15.367600000000001,1.0694577317500675,13.402,16.768,3.3660000000000014,-1.4139999999999997,15.4595625,1.0950400089009302,13.402,16.839,3.4369999999999994,-1.4909999999999979,36.328199999999995,0.18484415057016365,36.129,36.625,0.4960000000000022,0.0040000000000048885,36.12106666666667,0.24264060299591939,35.859,36.625,0.7659999999999982,-0.2149999999999963,36.13425,0.2404200750769397,35.859,36.625,0.7659999999999982,-0.19899999999999807,0.12900000000000134,-0.23399999999999466,-0.23173442139355804,,,0,0,0,0
2026-07-24T10:27:24.719932+0000,TS-HB-01,healthy,seminar,predictive-app-788cd796db-kg6k9,14.421,36.375,5,Running,True,seminar-lab-control-plane,,1,969.155855,15.349799999999998,0.7769657392703997,14.421,16.768,2.3470000000000013,-0.572000000000001,15.211533333333334,1.0244493068093807,13.402,16.768,3.3660000000000014,-2.3019999999999996,15.398470588235295,1.090088130147232,13.402,16.839,3.4369999999999994,-2.4179999999999993,36.3774,0.1557197482659333,36.133,36.625,0.49199999999999733,-0.25,36.12286666666667,0.2444110926742552,35.859,36.625,0.7659999999999982,0.5159999999999982,36.148411764705884,0.24002207222609911,35.859,36.625,0.7659999999999982,0.04299999999999926,-0.9270000000000014,0.24199999999999733,0.23968746735145266,,,0,0,0,0
2026-07-24T10:28:25.247814+0000,TS-HB-01,healthy,seminar,predictive-app-788cd796db-kg6k9,15.45,36.383,5,Running,True,seminar-lab-control-plane,,1,1029.683737,15.4412,0.7562199151040648,14.421,16.768,2.3470000000000013,-1.3180000000000014,15.126666666666665,0.9454009848853662,13.402,16.768,3.3660000000000014,2.048,15.401333333333334,1.0594409951584003,13.402,16.839,3.4369999999999994,-1.3889999999999993,36.32899999999999,0.09824052117128233,36.133,36.387,0.2539999999999978,-0.003999999999997783,36.157799999999995,0.2416320067099315,35.863,36.625,0.7620000000000005,0.020000000000003126,36.16144444444444,0.23936889759491303,35.859,36.625,0.7659999999999982,0.05100000000000193,1.029,0.008000000000002672,0.007930229575853329,,,0,0,0,0
2026-07-24T10:29:25.632588+0000,TS-HB-01,healthy,seminar,predictive-app-788cd796db-kg6k9,14.87,35.879,5,Running,True,seminar-lab-control-plane,,1,1090.068511,15.061599999999999,0.3754286083931234,14.421,15.45,1.029,-0.3490000000000002,15.224533333333333,0.8308421323505973,13.692,16.768,3.0760000000000005,0.5759999999999987,15.373368421052632,1.0379871822819957,13.402,16.839,3.4369999999999994,-1.9689999999999994,36.2274,0.1978783464657128,35.879,36.383,0.5040000000000049,-0.48799999999999955,36.12553333333334,0.24437617632567385,35.863,36.625,0.7620000000000005,0.015999999999998238,36.14657894736842,0.24137006219746715,35.859,36.625,0.7659999999999982,-0.45300000000000296,-0.5800000000000001,-0.5040000000000049,-0.5007884934702297,,,0,0,0,0
2026-07-24T10:30:26.137522+0000,TS-HB-01,healthy,seminar,predictive-app-788cd796db-kg6k9,14.63,35.887,5,Running,True,seminar-lab-control-plane,,1,1150.573445,14.9438,0.39921242465634316,14.421,15.45,1.029,-0.718,15.246933333333333,0.8097131563433771,13.692,16.768,3.0760000000000005,-0.8129999999999988,15.3362,1.0245949736359237,13.402,16.839,3.4369999999999994,-2.208999999999998,36.1314,0.221848236414005,35.879,36.383,0.5040000000000049,-0.24600000000000222,36.12713333333333,0.24272504792231497,35.867,36.625,0.7580000000000027,0.020000000000003126,36.1336,0.24196516278175503,35.859,36.625,0.7659999999999982,-0.4450000000000003,-0.23999999999999844,0.008000000000002672,0.007933237312516701,,,0,0,0,0
2026-07-24T10:31:26.543758+0000,TS-HB-01,healthy,seminar,predictive-app-788cd796db-kg6k9,15.931,35.887,5,Running,True,seminar-lab-control-plane,,1,1210.979681,15.060399999999998,0.5549885043854481,14.421,15.931,1.5099999999999998,1.5099999999999998,15.279466666666668,0.8265655744639308,13.692,16.768,3.0760000000000005,-0.4560000000000013,15.364523809523808,1.0078935421413557,13.402,16.839,3.4369999999999994,-0.9079999999999995,36.0822,0.2423669944526363,35.879,36.383,0.5040000000000049,-0.48799999999999955,36.12846666666667,0.2413434252033605,35.867,36.625,0.7580000000000027,0.020000000000003126,36.12185714285714,0.24190302774031786,35.859,36.625,0.7659999999999982,-0.4450000000000003,1.3009999999999984,0.0,0.0,,,0,0,0,0
2026-07-24T10:32:27.017452+0000,TS-HB-01,healthy,seminar,predictive-app-788cd796db-kg6k9,15.598,36.379,5,Running,True,seminar-lab-control-plane,,1,1271.453375,15.2958,0.47815830014755323,14.63,15.931,1.3009999999999984,0.14800000000000146,15.226866666666668,0.7780956125195803,13.692,16.768,3.0760000000000005,0.9140000000000015,15.375136363636363,0.985920672424536,13.402,16.839,3.4369999999999994,-1.2409999999999979,36.083,0.24333680362823062,35.879,36.383,0.5040000000000049,-0.0040000000000048885,36.162600000000005,0.23813519969407101,35.867,36.625,0.7580000000000027,0.5120000000000005,36.133545454545455,0.2423348035771883,35.859,36.625,0.7659999999999982,0.046999999999997044,-0.3329999999999984,0.49199999999999733,0.48814613507816873,,,0,0,0,0
2026-07-24T10:33:27.435828+0000,TS-HB-01,healthy,seminar,predictive-app-788cd796db-kg6k9,14.712,36.379,5,Running,True,seminar-lab-control-plane,,1,1331.871751,15.1482,0.5198639822107289,14.63,15.931,1.3009999999999984,-0.15799999999999947,15.228733333333334,0.7768235721334804,13.692,16.768,3.0760000000000005,-1.1690000000000005,15.346304347826086,0.9736864254976996,13.402,16.839,3.4369999999999994,-2.126999999999999,36.08219999999999,0.24235379097510276,35.879,36.379,0.5,0.5,36.196733333333334,0.2298693735339513,35.879,36.625,0.7460000000000022,0.25,36.144217391304345,0.24223631231070916,35.859,36.625,0.7659999999999982,0.046999999999997044,-0.886000000000001,0.0,0.0,,,0,0,0,0
2026-07-24T10:34:28.113627+0000,TS-HB-01,healthy,seminar,predictive-app-788cd796db-kg6k9,14.046,36.133,5,Running,True,seminar-lab-control-plane,,1,1392.54955,14.9834,0.6859952186422268,14.046,15.931,1.8849999999999998,-0.5840000000000014,15.1064,0.8083212067818903,13.692,16.768,3.0760000000000005,0.3539999999999992,15.292125,0.9879659791924347,13.402,16.839,3.4369999999999994,-2.7929999999999993,36.132999999999996,0.2200290889859887,35.887,36.379,0.49199999999999733,0.24600000000000222,36.196999999999996,0.22979295028351568,35.879,36.625,0.7460000000000022,0.2540000000000049,36.143750000000004,0.2371466230696409,35.859,36.625,0.7659999999999982,-0.19899999999999807,-0.6660000000000004,-0.2459999999999951,-0.2432520665424879,,,0,0,0,0
2026-07-24T10:35:28.558858+0000,TS-HB-01,healthy,seminar,predictive-app-788cd796db-kg6k9,14.773,36.387,5,Running,True,seminar-lab-control-plane,,1,1452.994781,15.012,0.6735330726846283,14.046,15.931,1.8849999999999998,-1.1579999999999995,15.178466666666667,0.722655830177054,14.046,16.768,2.7220000000000013,0.21799999999999997,15.27136,0.973335579540787,13.402,16.839,3.4369999999999994,-2.065999999999999,36.233,0.19802222097533806,35.887,36.387,0.5,0.5,36.230866666666664,0.21753830824835999,35.879,36.625,0.7460000000000022,0.2539999999999978,36.15348,0.23719428660910247,35.859,36.625,0.7659999999999982,0.054999999999999716,0.7270000000000003,0.2539999999999978,0.2521290720189301,,,0,0,0,0
2026-07-24T10:36:29.025849+0000,TS-HB-01,healthy,seminar,predictive-app-788cd796db-kg6k9,14.178,35.898,5,Running,True,seminar-lab-control-plane,,1,1513.461772,14.6614,0.5485667142654536,14.046,15.598,1.5520000000000014,-1.42,15.153333333333332,0.7499430793215045,14.046,16.768,2.7220000000000013,-2.1849999999999987,15.229307692307692,0.9773199526975942,13.402,16.839,3.4369999999999994,-2.660999999999998,36.2352,0.19419001004172534,35.898,36.387,0.4889999999999972,-0.48099999999999454,36.215199999999996,0.23200350572064452,35.879,36.625,0.7460000000000022,-0.23099999999999454,36.143653846153846,0.2377205764867819,35.859,36.625,0.7659999999999982,-0.4339999999999975,-0.5949999999999989,-0.4889999999999972,-0.48522341718640893,,,0,0,0,0
2026-07-24T10:37:29.542757+0000,TS-HB-01,healthy,seminar,predictive-app-788cd796db-kg6k9,14.367,36.137,5,Running,True,seminar-lab-control-plane,,1,1573.97868,14.415199999999999,0.28670779549917114,14.046,14.773,0.7270000000000003,-0.34499999999999886,15.020266666666666,0.6988392725719461,14.046,16.768,2.7220000000000013,-0.6259999999999994,15.19737037037037,0.972778500468599,13.402,16.839,3.4369999999999994,-2.4719999999999978,36.1868,0.1820993135626953,35.898,36.387,0.4889999999999972,-0.24199999999999733,36.21573333333333,0.23181385252444395,35.879,36.625,0.7460000000000022,-0.48799999999999955,36.14340740740741,0.23328019383140955,35.859,36.625,0.7659999999999982,-0.19500000000000028,0.18900000000000006,0.23899999999999721,0.23695857032219547,,,0,0,0,0
2026-07-24T10:38:30.048990+0000,TS-HB-01,healthy,seminar,predictive-app-788cd796db-kg6k9,14.306,35.887,5,Running,True,seminar-lab-control-plane,,1,1634.484913,14.334,0.24571284052729989,14.046,14.773,0.7270000000000003,0.2599999999999998,14.974466666666666,0.7212772806317648,14.046,16.768,2.7220000000000013,-2.4620000000000015,15.165535714285713,0.9694661816153864,13.402,16.839,3.4369999999999994,-2.5329999999999995,36.0884,0.1845682529580946,35.887,36.387,0.5,-0.24600000000000222,36.166533333333334,0.21761153972669486,35.879,36.387,0.5080000000000027,-0.5,36.13425,0.23396636281434152,35.859,36.625,0.7659999999999982,-0.4450000000000003,-0.06100000000000172,-0.25,-0.24790834359164288,,,0,0,0,0
2026-07-24T10:39:30.481222+0000,TS-HB-01,healthy,seminar,predictive-app-788cd796db-kg6k9,14.296,36.133,5,Running,True,seminar-lab-control-plane,,1,1694.917145,14.384,0.2038989946027063,14.178,14.773,0.5949999999999989,-0.4770000000000003,14.809666666666667,0.5561644441070345,14.046,15.931,1.8849999999999998,-0.923,15.13555172413793,0.965727011695187,13.402,16.839,3.4369999999999994,-2.5429999999999993,36.0884,0.1845682529580946,35.887,36.387,0.5,-0.2539999999999978,36.1496,0.20952956831912747,35.879,36.387,0.5080000000000027,-0.23399999999999466,36.134206896551724,0.22989718531227646,35.859,36.625,0.7659999999999982,-0.19899999999999807,-0.009999999999999787,0.24600000000000222,0.24424052383172165,,,0,0,0,0
2026-07-24T10:40:30.939782+0000,TS-HB-01,healthy,seminar,predictive-app-788cd796db-kg6k9,14.831,35.887,5,Running,True,seminar-lab-control-plane,,1,1755.375705,14.395599999999998,0.22613677277257346,14.178,14.831,0.6529999999999987,0.6529999999999987,14.783800000000001,0.5454446748601833,14.046,15.931,1.8849999999999998,-0.5170000000000012,15.1254,0.9510676667128715,13.402,16.839,3.4369999999999994,-2.007999999999999,35.9884,0.11977245092257806,35.887,36.137,0.25,-0.011000000000002785,36.1176,0.21053512771031452,35.879,36.387,0.5080000000000027,-0.24600000000000222,36.12596666666666,0.2303477781288316,35.859,36.625,0.7659999999999982,-0.4450000000000003,0.5350000000000001,-0.24600000000000222,-0.2441341639628885,,,0,0,0,0
2026-07-24T10:41:31.342392+0000,TS-HB-01,healthy,seminar,predictive-app-788cd796db-kg6k9,15.538,36.375,5,Running,True,seminar-lab-control-plane,,1,1815.778315,14.667600000000002,0.4782253025510011,14.296,15.538,1.2420000000000009,1.1709999999999994,14.796466666666667,0.5604009120462065,14.046,15.931,1.8849999999999998,1.1170000000000009,15.082033333333333,0.9002459842855292,13.402,16.768,3.3660000000000014,-1.2240000000000002,36.083800000000004,0.18303486006770223,35.887,36.375,0.48799999999999955,0.23799999999999955,36.13373333333334,0.22014978739233,35.879,36.387,0.5080000000000027,0.0,36.127399999999994,0.23175484173295544,35.859,36.625,0.7659999999999982,0.027000000000001023,0.7070000000000007,0.48799999999999955,0.4847472650602345,,,0,0,0,0
2026-07-24T10:42:36.127710+0000,TS-HB-01,healthy,seminar,predictive-app-788cd796db-kg6k9,15.247,36.129,5,Running,True,seminar-lab-control-plane,,1,1880.563633,14.8436,0.4967818837276555,14.296,15.538,1.2420000000000009,0.9410000000000007,14.851533333333332,0.561382681916314,14.046,15.931,1.8849999999999998,-0.2029999999999994,15.031533333333334,0.8454131823486594,13.402,16.768,3.3660000000000014,-1.475999999999999,36.0822,0.1825972617538478,35.887,36.375,0.48799999999999955,0.24199999999999733,36.117333333333335,0.2105179855077011,35.879,36.387,0.5080000000000027,-0.2540000000000049,36.120099999999994,0.22811171970476918,35.859,36.625,0.7659999999999982,0.269999999999996,-0.29100000000000037,-0.24600000000000222,-0.2278293980126814,,,0,0,0,0
2026-07-24T10:43:36.578469+0000,TS-HB-01,healthy,seminar,predictive-app-788cd796db-kg6k9,15.593,36.383,5,Running,True,seminar-lab-control-plane,,1,1941.014392,15.100999999999999,0.48482450433120555,14.296,15.593,1.2970000000000006,1.2970000000000006,14.861066666666666,0.5725676049360635,14.046,15.931,1.8849999999999998,0.7230000000000008,14.993866666666666,0.7927447144082518,13.402,16.768,3.3660000000000014,2.1910000000000007,36.181400000000004,0.18432753456823683,35.887,36.383,0.4960000000000022,0.25,36.117333333333335,0.2105179855077011,35.879,36.387,0.5080000000000027,0.5040000000000049,36.137566666666665,0.22751112549109065,35.863,36.625,0.7620000000000005,0.020000000000003126,0.3460000000000001,0.2540000000000049,0.2521060157408494,,,0,0,0,0
2026-07-24T10:44:37.229795+0000,TS-HB-01,healthy,seminar,predictive-app-788cd796db-kg6k9,15.443,36.133,5,Running,True,seminar-lab-control-plane,,1,2001.665718,15.330400000000001,0.27607651113414206,14.831,15.593,0.7620000000000005,0.6120000000000001,14.899266666666668,0.5907161153116502,14.046,15.931,1.8849999999999998,0.8129999999999988,15.0619,0.7389666365946427,13.692,16.768,3.0760000000000005,1.1489999999999991,36.181400000000004,0.18432753456823683,35.887,36.383,0.4960000000000022,0.24600000000000222,36.13426666666667,0.20065043123690227,35.887,36.387,0.5,0.24600000000000222,36.1299,0.2236274207992702,35.863,36.625,0.7620000000000005,0.2700000000000031,-0.15000000000000036,-0.25,-0.24731528540695055,,,0,0,0,0
2026-07-24T10:45:37.663651+0000,TS-HB-01,healthy,seminar,predictive-app-788cd796db-kg6k9,13.773,36.137,5,Running,True,seminar-lab-control-plane,,1,2062.099574,15.118799999999998,0.6831270452851348,13.773,15.593,1.8200000000000003,-1.7650000000000006,14.842133333333333,0.6522367531979626,13.773,15.931,2.1579999999999995,-2.1579999999999995,15.044533333333334,0.7625548169731061,13.692,16.768,3.0760000000000005,-1.67,36.2314,0.12056798911819372,36.129,36.383,0.2540000000000049,-0.23799999999999955,36.150933333333334,0.18949211651734335,35.887,36.387,0.5,0.25,36.13903333333333,0.21806642464064957,35.867,36.625,0.7580000000000027,0.2700000000000031,-1.67,0.003999999999997783,0.0039712839107911135,,,0,0,0,0
2026-07-24T10:46:38.157670+0000,TS-HB-01,healthy,seminar,predictive-app-788cd796db-kg6k9,15.725,36.379,5,Running,True,seminar-lab-control-plane,,1,2122.593593,15.156200000000002,0.7096574948522694,13.773,15.725,1.952,0.47799999999999976,14.828399999999998,0.630987881552938,13.773,15.725,1.952,0.1269999999999989,15.053933333333333,0.7691186268854895,13.692,16.768,3.0760000000000005,-0.6620000000000008,36.2322,0.12152761003164897,36.129,36.383,0.2540000000000049,0.25,36.183733333333336,0.18345297914058908,35.887,36.387,0.5,0.0,36.1561,0.21613519688688823,35.867,36.625,0.7580000000000027,0.5120000000000005,1.952,0.24199999999999733,0.24002372862678936,,,0,0,0,0
2026-07-24T10:47:38.541371+0000,TS-HB-01,healthy,seminar,predictive-app-788cd796db-kg6k9,14.272,36.145,5,Running,True,seminar-lab-control-plane,,1,2182.977294,14.9612,0.7875923818829111,13.773,15.725,1.952,-1.3209999999999997,14.74,0.6094950915853743,13.773,15.725,1.952,-0.4399999999999995,14.983433333333332,0.7400799363732409,13.692,16.768,3.0760000000000005,-0.41199999999999903,36.235400000000006,0.1189514186548623,36.133,36.383,0.25,-0.23799999999999955,36.16813333333334,0.17598214555902164,35.887,36.387,0.5,-0.23399999999999466,36.165366666666664,0.20939603360352735,35.867,36.625,0.7580000000000027,0.2780000000000058,-1.4529999999999994,-0.23399999999999466,-0.23251307501008725,,,0,0,0,0
2026-07-24T10:48:39.007801+0000,TS-HB-01,healthy,seminar,predictive-app-788cd796db-kg6k9,15.704,35.891,5,Running,True,seminar-lab-control-plane,,1,2243.443724,14.9834,0.8064273308860495,13.773,15.725,1.952,0.261000000000001,14.806133333333332,0.6549896555586862,13.773,15.725,1.952,1.6580000000000013,15.017433333333335,0.748919785795217,13.692,16.768,3.0760000000000005,-0.1769999999999996,36.137,0.15437616396323475,35.891,36.379,0.48799999999999955,-0.24200000000000443,36.1356,0.1790730949454243,35.887,36.387,0.5,-0.24200000000000443,36.16616666666667,0.20829755692811872,35.879,36.625,0.7460000000000022,-0.23799999999999955,1.4320000000000004,-0.2540000000000049,-0.2520406777777403,,,0,0,0,0
2026-07-24T10:49:39.413845+0000,TS-HB-01,healthy,seminar,predictive-app-788cd796db-kg6k9,15.913,36.133,5,Running,True,seminar-lab-control-plane,,1,2303.849768,15.0774,0.8786773241639951,13.773,15.913,2.1400000000000006,2.1400000000000006,14.9306,0.6757782476522886,13.773,15.913,2.1400000000000006,1.1400000000000006,15.018499999999998,0.7501707250130898,13.692,16.768,3.0760000000000005,2.221,36.137,0.15437616396323475,35.891,36.379,0.48799999999999955,-0.003999999999997783,36.1356,0.1790730949454243,35.887,36.387,0.5,-0.2539999999999978,36.1663,0.2082750025007017,35.879,36.625,0.7460000000000022,0.2540000000000049,0.20899999999999963,0.24200000000000443,0.24037329774484598,,,0,0,0,0
2026-07-24T10:50:39.911315+0000,TS-HB-01,healthy,seminar,predictive-app-788cd796db-kg6k9,14.132,36.125,5,Running,True,seminar-lab-control-plane,,1,2364.347238,15.149200000000002,0.7780635963724298,14.132,15.913,1.7810000000000006,-1.593,14.887866666666667,0.7040679765161553,13.773,15.913,2.1400000000000006,-0.04600000000000115,15.033166666666666,0.7280684529783038,13.773,16.768,2.995000000000001,-0.42300000000000004,36.1346,0.15445076885533301,35.891,36.379,0.48799999999999955,-0.2539999999999978,36.11813333333334,0.1660003480585337,35.887,36.383,0.4960000000000022,0.22699999999999676,36.174499999999995,0.20153589423888607,35.879,36.625,0.7460000000000022,-0.008000000000002672,-1.7810000000000006,-0.008000000000002672,-0.00793421609201443,,,0,0,0,0
2026-07-24T10:51:40.309197+0000,TS-HB-01,healthy,seminar,predictive-app-788cd796db-kg6k9,16.385,36.379,5,Running,True,seminar-lab-control-plane,,1,2424.74512,15.281200000000002,0.9094449735965341,14.132,16.385,2.253000000000002,2.1130000000000013,15.035,0.7680473075707416,13.773,16.385,2.612000000000002,2.0180000000000007,15.094166666666668,0.7613516525817012,13.773,16.768,2.995000000000001,0.022000000000002018,36.1346,0.15445076885533301,35.891,36.379,0.48799999999999955,0.23399999999999466,36.1502,0.1668353279934048,35.887,36.383,0.4960000000000022,0.24199999999999733,36.1827,0.2046608821115254,35.879,36.625,0.7460000000000022,0.25,2.253000000000002,0.2539999999999978,0.2523267289405921,,,0,0,0,0
2026-07-24T10:52:40.699155+0000,TS-HB-01,healthy,seminar,predictive-app-788cd796db-kg6k9,15.004,35.883,5,Running,True,seminar-lab-control-plane,,1,2485.135078,15.427600000000002,0.7857023864034023,14.132,16.385,2.253000000000002,-0.7000000000000011,15.077466666666668,0.7472677223652096,13.773,16.385,2.612000000000002,0.6980000000000004,15.048866666666667,0.7240239283952481,13.773,16.768,2.995000000000001,0.010999999999999233,36.0822,0.18370672279479186,35.883,36.379,0.4959999999999951,-0.007999999999995566,36.13326666666667,0.17970919719245013,35.883,36.383,0.5,-0.003999999999997783,36.1745,0.2114632749833108,35.879,36.625,0.7460000000000022,-0.7419999999999973,-1.381000000000002,-0.4959999999999951,-0.49279716339593593,,,0,0,0,0
2026-07-24T10:53:41.157364+0000,TS-HB-01,healthy,seminar,predictive-app-788cd796db-kg6k9,14.734,36.387,5,Running,True,seminar-lab-control-plane,,1,2545.593287,15.233600000000001,0.8127908956183013,14.132,16.385,2.253000000000002,-1.1790000000000003,15.106,0.7251083597182785,13.773,16.385,2.612000000000002,0.4380000000000006,15.040233333333335,0.7261795775762957,13.773,16.768,2.995000000000001,-2.0340000000000007,36.181400000000004,0.1875543654517358,35.883,36.387,0.5039999999999978,0.2539999999999978,36.1666,0.17729403073238015,35.883,36.387,0.5039999999999978,0.2539999999999978,36.16656666666667,0.19847916487351816,35.879,36.387,0.5080000000000027,0.0,-0.2699999999999996,0.5039999999999978,0.5001802153947343,,,0,0,0,0
2026-07-24T10:54:41.586820+0000,TS-HB-01,healthy,seminar,predictive-app-788cd796db-kg6k9,14.988,36.137,5,Running,True,seminar-lab-control-plane,,1,2606.022743,15.048599999999999,0.7390203244837042,14.132,16.385,2.253000000000002,0.8559999999999999,15.152133333333332,0.6934278012565942,13.773,16.385,2.612000000000002,0.15700000000000003,14.9809,0.6514609402463549,13.773,16.385,2.612000000000002,-0.23099999999999987,36.1822,0.1873546369855929,35.883,36.387,0.5039999999999978,0.012000000000000455,36.16686666666667,0.17724629442922,35.883,36.387,0.5039999999999978,0.25,36.158233333333335,0.19425235877303743,35.879,36.387,0.5080000000000027,-0.22999999999999687,0.25399999999999956,-0.25,-0.24822331678775994,,,0,0,0,0
2026-07-24T10:55:42.040265+0000,TS-HB-01,healthy,seminar,predictive-app-788cd796db-kg6k9,14.866,35.887,5,Running,True,seminar-lab-control-plane,,1,2666.476188,15.195400000000001,0.6026924920720352,14.734,16.385,1.6510000000000016,-1.519000000000002,15.154466666666668,0.6924014121559506,13.773,16.385,2.612000000000002,-0.6720000000000006,14.969133333333334,0.6502409160371923,13.773,16.385,2.612000000000002,-0.4820000000000011,36.1346,0.22273356280543477,35.883,36.387,0.5039999999999978,-0.49199999999999733,36.16686666666667,0.17724629442922,35.883,36.387,0.5039999999999978,-0.48799999999999955,36.14223333333334,0.19615668623718896,35.879,36.387,0.5080000000000027,-0.24600000000000222,-0.12199999999999989,-0.25,-0.24812481736979586,,,0,0,0,0
2026-07-24T10:56:42.439111+0000,TS-HB-01,healthy,seminar,predictive-app-788cd796db-kg6k9,15.088,36.379,5,Running,True,seminar-lab-control-plane,,1,2726.875034,14.935999999999998,0.1233985413203785,14.734,15.088,0.3539999999999992,0.08399999999999963,15.124466666666667,0.6848413798505129,13.773,16.385,2.612000000000002,-0.1590000000000007,14.960466666666665,0.6468573636350496,13.773,16.385,2.612000000000002,0.6669999999999998,36.1346,0.22273356280543477,35.883,36.387,0.5039999999999978,0.4959999999999951,36.16713333333334,0.17756195788763357,35.883,36.387,0.5039999999999978,0.25,36.15043333333334,0.20068876124210008,35.879,36.387,0.5080000000000027,0.003999999999997783,0.22199999999999953,0.49199999999999733,0.4887510599126321,,,0,0,0,0
2026-07-24T10:57:42.929750+0000,TS-HB-01,healthy,seminar,predictive-app-788cd796db-kg6k9,14.892,36.125,5,Running,True,seminar-lab-control-plane,,1,2787.365673,14.913599999999999,0.11911271972378493,14.734,15.088,0.3539999999999992,0.15799999999999947,15.1008,0.6863303577724059,13.773,16.385,2.612000000000002,-0.7010000000000005,14.976166666666668,0.6392444020525746,13.773,16.385,2.612000000000002,-0.5579999999999998,36.183,0.18607955287995406,35.887,36.387,0.5,-0.26200000000000045,36.166866666666664,0.17762202065685173,35.883,36.387,0.5039999999999978,-0.25800000000000267,36.142100000000006,0.1963341284647154,35.879,36.387,0.5080000000000027,-0.25800000000000267,-0.19599999999999973,-0.2539999999999978,-0.25193980840572483,,,0,0,0,0
2026-07-24T10:58:43.334102+0000,TS-HB-01,healthy,seminar,predictive-app-788cd796db-kg6k9,14.767,36.133,5,Running,True,seminar-lab-control-plane,,1,2847.770025,14.9202,0.10950506837583819,14.767,15.088,0.32099999999999973,-0.22100000000000009,15.045733333333335,0.6777126693682366,13.773,16.385,2.612000000000002,-0.6760000000000002,14.9534,0.6341052804279937,13.773,16.385,2.612000000000002,-0.10299999999999976,36.1322,0.15563341543512701,35.887,36.379,0.49199999999999733,-0.003999999999997783,36.150200000000005,0.16802983862001009,35.883,36.387,0.5039999999999978,0.0,36.13376666666667,0.19117002612566614,35.879,36.387,0.5080000000000027,0.2540000000000049,-0.125,0.008000000000002672,0.007946447302342724,,,0,0,0,0
2026-07-24T10:59:43.726295+0000,TS-HB-01,healthy,seminar,predictive-app-788cd796db-kg6k9,16.566,36.383,5,Running,True,seminar-lab-control-plane,,1,2908.162218,15.235800000000001,0.6732014260234451,14.767,16.566,1.7989999999999995,1.6999999999999993,15.1206,0.7728187195800397,13.773,16.566,2.7929999999999993,2.7929999999999993,15.009933333333333,0.696666535885154,13.773,16.566,2.7929999999999993,1.9359999999999982,36.1814,0.18540938487575043,35.887,36.383,0.4960000000000022,0.4960000000000022,36.16686666666667,0.17762202065685173,35.883,36.387,0.5039999999999978,0.24600000000000222,36.15056666666666,0.19018616902626898,35.883,36.387,0.5039999999999978,0.4960000000000022,1.7989999999999995,0.25,0.24837647475394706,,,0,0,0,0
2026-07-24T11:00:44.635764+0000,TS-HB-01,healthy,seminar,predictive-app-788cd796db-kg6k9,15.22,36.137,5,Running,True,seminar-lab-control-plane,,1,2969.071687,15.3066,0.6487580750942533,14.767,16.566,1.7989999999999995,0.13200000000000145,15.217066666666666,0.6837640398721048,14.132,16.566,2.4339999999999993,-0.504999999999999,15.0296,0.6939861477964326,13.773,16.566,2.7929999999999993,-0.7109999999999985,36.231399999999994,0.12221554729249993,36.125,36.383,0.25800000000000267,-0.24199999999999733,36.16686666666667,0.17762202065685173,35.883,36.387,0.5039999999999978,-0.24199999999999733,36.1589,0.18382570549300228,35.883,36.387,0.5039999999999978,0.25,-1.3459999999999983,-0.24600000000000222,-0.24232685397405343,,,0,0,0,0
2026-07-24T11:01:45.059830+0000,TS-HB-01,healthy,seminar,predictive-app-788cd796db-kg6k9,14.444,36.383,5,Running,True,seminar-lab-control-plane,,1,3029.495753,15.1778,0.7372626126421975,14.444,16.566,2.121999999999998,-0.4479999999999986,15.131666666666668,0.6948974664573814,14.132,16.566,2.4339999999999993,0.1720000000000006,14.980033333333333,0.6808133118231118,13.773,16.566,2.7929999999999993,-1.154,36.2322,0.12318831113383161,36.125,36.383,0.25800000000000267,0.25800000000000267,36.16713333333334,0.17794301210094352,35.883,36.387,0.5039999999999978,0.23799999999999955,36.17543333333334,0.1809094954820123,35.883,36.387,0.5039999999999978,0.0040000000000048885,-0.7759999999999998,0.24600000000000222,0.2442735316752787,,,0,0,0,0
2026-07-24T11:02:45.442859+0000,TS-HB-01,healthy,seminar,predictive-app-788cd796db-kg6k9,17.918,36.145,5,Running,True,seminar-lab-control-plane,,1,3089.878782,15.782999999999998,1.2894541480797235,14.444,17.918,3.4739999999999984,3.151,15.374733333333332,0.9445154995493132,14.132,17.918,3.7859999999999996,2.2139999999999986,15.057366666666667,0.8558729455292343,13.773,17.918,4.145,3.2059999999999995,36.236200000000004,0.11992397591810237,36.133,36.383,0.25,0.012000000000000455,36.16713333333334,0.17794301210094352,35.883,36.387,0.5039999999999978,0.2540000000000049,36.167633333333335,0.17696600112890612,35.883,36.387,0.5039999999999978,-0.23399999999999466,3.4739999999999984,-0.23799999999999955,-0.23649028934934635,,,0,0,0,0
2026-07-24T11:03:45.927143+0000,TS-HB-01,healthy,seminar,predictive-app-788cd796db-kg6k9,16.164,36.137,5,Running,True,seminar-lab-control-plane,,1,3150.363066,16.062400000000004,1.1862582518153493,14.444,17.918,3.4739999999999984,-0.40199999999999747,15.405400000000002,0.9620139153532726,14.132,17.918,3.7859999999999996,0.2510000000000012,15.105766666666666,0.875797491179071,13.773,17.918,4.145,2.118000000000002,36.237,0.11924428707491891,36.137,36.383,0.24600000000000222,-0.24600000000000222,36.18353333333334,0.16239452645401517,35.883,36.387,0.5039999999999978,0.003999999999997783,36.15956666666667,0.1726093244552251,35.883,36.387,0.5039999999999978,0.003999999999997783,-1.7539999999999978,-0.008000000000002672,-0.007935945807015924,,,0,0,0,0
2026-07-24T11:04:46.314459+0000,TS-HB-01,healthy,seminar,predictive-app-788cd796db-kg6k9,14.985,36.141,5,Running,True,seminar-lab-control-plane,,1,3210.750382,15.746199999999998,1.2201072739722538,14.444,17.918,3.4739999999999984,-0.2350000000000012,15.343533333333333,0.9572087105514425,14.132,17.918,3.7859999999999996,0.8529999999999998,15.137066666666666,0.8538681761385781,13.773,17.918,4.145,0.21199999999999974,36.1886,0.09724525695376769,36.137,36.383,0.24600000000000222,0.003999999999997783,36.18406666666667,0.16224075388823825,35.883,36.387,0.5039999999999978,0.015999999999998238,36.15983333333334,0.17257425133032595,35.883,36.387,0.5039999999999978,-0.24600000000000222,-1.179000000000002,0.003999999999997783,0.003974344546127319,,,0,0,0,0
2026-07-24T11:05:46.695096+0000,TS-HB-01,healthy,seminar,predictive-app-788cd796db-kg6k9,15.272,36.383,5,Running,True,seminar-lab-control-plane,,1,3271.131019,15.7566,1.2157916926842383,14.444,17.918,3.4739999999999984,0.8279999999999994,15.419533333333334,0.9016426392362382,14.444,17.918,3.4739999999999984,-1.1130000000000013,15.153699999999999,0.8514710466794119,13.773,17.918,4.145,1.0939999999999994,36.2378,0.11858229210133316,36.137,36.383,0.24600000000000222,0.0,36.20126666666667,0.1686177004020963,35.883,36.387,0.5039999999999978,0.0040000000000048885,36.1597,0.1724001450115408,35.883,36.387,0.5039999999999978,0.48499999999999943,0.2870000000000008,0.24200000000000443,0.2404744421626467,,,0,0,0,0
2026-07-24T11:06:47.169059+0000,TS-HB-01,healthy,seminar,predictive-app-788cd796db-kg6k9,15.464,35.891,5,Running,True,seminar-lab-control-plane,,1,3331.604982,15.9606,1.0531251777447959,14.985,17.918,2.933,-2.453999999999999,15.358133333333335,0.8643955010423306,14.444,17.918,3.4739999999999984,0.46000000000000085,15.196566666666666,0.8334518055785965,13.773,17.918,4.145,1.0969999999999995,36.1394,0.15561696565607233,35.891,36.383,0.49200000000000443,-0.2540000000000049,36.168733333333336,0.178003545532733,35.883,36.387,0.5039999999999978,0.007999999999995566,36.15946666666667,0.1727585469826484,35.883,36.387,0.5039999999999978,-0.24600000000000222,0.19200000000000017,-0.49200000000000443,-0.4881439637088157,,,0,0,0,0
2026-07-24T11:07:47.597078+0000,TS-HB-01,healthy,seminar,predictive-app-788cd796db-kg6k9,15.982,36.387,5,Running,True,seminar-lab-control-plane,,1,3392.033001,15.573400000000001,0.4392692113044161,14.985,16.164,1.179000000000002,-0.18200000000000216,15.423333333333334,0.8720752006309752,14.444,17.918,3.4739999999999984,1.2479999999999993,15.2504,0.8302819039338394,13.773,17.918,4.145,1.6760000000000002,36.187799999999996,0.18474025008103787,35.891,36.387,0.4960000000000022,0.25,36.202333333333335,0.16819459629317698,35.887,36.387,0.5,0.0,36.16779999999999,0.17744001803426568,35.883,36.387,0.5039999999999978,0.5,0.5179999999999989,0.4960000000000022,0.4924867717407737,,,0,0,0,0
2026-07-24T11:08:48.052644+0000,TS-HB-01,healthy,seminar,predictive-app-788cd796db-kg6k9,15.259,36.379,5,Running,True,seminar-lab-control-plane,,1,3452.488567,15.3924,0.3319702396300021,14.985,15.982,0.9969999999999999,0.2740000000000009,15.458333333333334,0.8540561001610036,14.444,17.918,3.4739999999999984,0.2710000000000008,15.282166666666667,0.8115612559888649,13.773,17.918,4.145,0.963000000000001,36.2362,0.19642240198105054,35.891,36.387,0.4960000000000022,0.23799999999999955,36.201800000000006,0.1676198874437911,35.887,36.387,0.5,0.24199999999999733,36.184200000000004,0.17342018336975856,35.883,36.387,0.5039999999999978,0.2459999999999951,-0.722999999999999,-0.008000000000002672,-0.00793971559211207,,,0,0,0,0
2026-07-24T11:09:48.453859+0000,TS-HB-01,healthy,seminar,predictive-app-788cd796db-kg6k9,16.642,36.137,5,Running,True,seminar-lab-control-plane,,1,3512.889782,15.7238,0.5286618579016317,15.259,16.642,1.3829999999999991,1.3699999999999992,15.5686,0.8921378667747122,14.444,17.918,3.4739999999999984,1.7759999999999998,15.360366666666668,0.8256737646041312,13.773,17.918,4.145,1.811,36.235400000000006,0.1968162594909408,35.891,36.387,0.4960000000000022,-0.24600000000000222,36.201800000000006,0.1676198874437911,35.887,36.387,0.5,0.25,36.184333333333335,0.17338230077554895,35.883,36.387,0.5039999999999978,0.25,1.3829999999999991,-0.24199999999999733,-0.24039251528300942,,,0,0,0,0
2026-07-24T11:10:49.125016+0000,TS-HB-01,healthy,seminar,predictive-app-788cd796db-kg6k9,16.197,36.129,5,Running,True,seminar-lab-control-plane,,1,3573.560939,15.9088,0.4992167465139842,15.259,16.642,1.3829999999999991,0.7329999999999988,15.657333333333332,0.8839979386602419,14.444,17.918,3.4739999999999984,1.109,15.4059,0.8328593858909619,13.773,17.918,4.145,0.6589999999999989,36.1846,0.1845617511837279,35.891,36.387,0.4960000000000022,0.23799999999999955,36.217933333333335,0.14691106909360266,35.891,36.387,0.4960000000000022,-0.25,36.1924,0.16477714242778752,35.883,36.387,0.5039999999999978,-0.24600000000000222,-0.4450000000000003,-0.008000000000002672,-0.007911502330508718,,,0,0,0,0
2026-07-24T11:11:49.536820+0000,TS-HB-01,healthy,seminar,predictive-app-788cd796db-kg6k9,15.947,36.137,5,Running,True,seminar-lab-control-plane,,1,3633.972743,16.0054,0.4478931122489038,15.259,16.642,1.3829999999999991,-0.03500000000000014,15.714599999999999,0.8730162121442351,14.444,17.918,3.4739999999999984,1.0549999999999997,15.419533333333334,0.838240328837078,13.773,17.918,4.145,0.6999999999999993,36.2338,0.12188256643181175,36.129,36.387,0.25800000000000267,-0.25,36.201800000000006,0.1415265346145477,35.891,36.387,0.4960000000000022,0.012000000000000455,36.18446666666667,0.16149132759652934,35.883,36.387,0.5039999999999978,0.008000000000002672,-0.25,0.008000000000002672,0.007945467081237308,,,0,0,0,0
2026-07-24T11:12:50.261325+0000,TS-HB-01,healthy,seminar,predictive-app-788cd796db-kg6k9,36.43,36.629,5,Running,True,seminar-lab-control-plane,,1,3694.697248,20.095,8.179763297308796,15.259,36.43,21.171,21.171,17.150466666666667,5.221479928994164,14.444,36.43,21.985999999999997,21.663,16.125633333333333,3.862348296769152,13.773,36.43,22.657,20.837,36.2822,0.1976242900050661,36.129,36.629,0.5,0.25,36.2354,0.1751406292097961,35.891,36.629,0.7379999999999995,0.4959999999999951,36.20113333333334,0.17968337584639324,35.883,36.629,0.7459999999999951,0.2459999999999951,20.483,0.49199999999999733,0.4861299404581369,,,0,0,0,0
2026-07-24T11:13:50.718214+0000,TS-HB-01,healthy,seminar,predictive-app-788cd796db-kg6k9,14.218,36.438,5,Running,True,seminar-lab-control-plane,,1,3755.154137,19.8868,8.312377936547405,14.218,36.43,22.212,-2.4239999999999995,17.11386666666667,5.239950023510615,14.218,36.43,22.212,-2.347999999999999,16.0798,3.876529275868645,13.773,36.43,22.657,-1.2249999999999996,36.294,0.20468707824385757,36.129,36.629,0.5,0.30100000000000193,36.25573333333333,0.17971698738727857,35.891,36.629,0.7379999999999995,0.054999999999999716,36.202966666666676,0.1817977783753776,35.883,36.629,0.7459999999999951,0.3049999999999997,-22.212,-0.1909999999999954,-0.18955656153593556,,,0,0,0,0
2026-07-24T11:14:51.184814+0000,TS-HB-01,healthy,seminar,predictive-app-788cd796db-kg6k9,15.288,36.469,5,Running,True,seminar-lab-control-plane,,1,3815.620737,19.616000000000003,8.434829055766338,14.218,36.43,22.212,-0.9089999999999989,17.028666666666666,5.258522538592841,14.218,36.43,22.212,0.06799999999999962,16.074633333333335,3.877477741035045,13.773,36.43,22.657,1.5150000000000006,36.3604,0.19668004474274817,36.129,36.629,0.5,0.3400000000000034,36.26146666666667,0.1849803112646299,35.891,36.629,0.7379999999999995,0.33200000000000074,36.214166666666664,0.18740581338072115,35.883,36.629,0.7459999999999951,0.33200000000000074,1.0700000000000003,0.030999999999998806,0.03076078363923105,,,0,0,0,0
2026-07-24T11:15:51.651832+0000,TS-HB-01,healthy,seminar,predictive-app-788cd796db-kg6k9,15.83,36.461,5,Running,True,seminar-lab-control-plane,,1,3876.087755,19.5426,8.465801830895881,14.218,36.43,22.212,-0.1169999999999991,17.069333333333336,5.24672348126799,14.218,36.43,22.212,1.3859999999999992,16.1432,3.854288939177586,14.132,36.43,22.298000000000002,0.10500000000000043,36.4268,0.15996549627970186,36.137,36.629,0.49199999999999733,0.32399999999999807,36.28306666666666,0.1880760366329529,35.891,36.629,0.7379999999999995,0.07799999999999585,36.22496666666667,0.19192889018824047,35.883,36.629,0.7459999999999951,0.08200000000000074,0.5419999999999998,-0.008000000000002672,-0.00793821186948826,,,0,0,0,0
2026-07-24T11:16:52.110989+0000,TS-HB-01,healthy,seminar,predictive-app-788cd796db-kg6k9,14.956,36.219,5,Running,True,seminar-lab-control-plane,,1,3936.546912,19.3444,8.558751628596314,14.218,36.43,22.212,-21.474,17.103466666666666,5.231175366545798,14.218,36.43,22.212,-2.9619999999999997,16.117566666666665,3.859538562085141,14.132,36.43,22.298000000000002,0.6839999999999993,36.443200000000004,0.13099374030850316,36.219,36.629,0.4099999999999966,-0.4099999999999966,36.272133333333336,0.18671078050171486,35.891,36.629,0.7379999999999995,0.07399999999999807,36.219633333333334,0.18978557783866606,35.883,36.629,0.7459999999999951,0.07399999999999807,-0.8740000000000006,-0.24199999999999733,-0.24016213127152666,,,0,0,0,0
2026-07-24T11:17:52.509255+0000,TS-HB-01,healthy,seminar,predictive-app-788cd796db-kg6k9,14.906,36.453,5,Running,True,seminar-lab-control-plane,,1,3996.945178,15.039600000000002,0.5265546885177054,14.218,15.83,1.612,0.6880000000000006,16.90266666666667,5.253814622623156,14.218,36.43,22.212,-1.258000000000001,16.1387,3.851101644551424,14.132,36.43,22.298000000000002,-0.798,36.408,0.09505366905075625,36.219,36.469,0.25,0.015000000000000568,36.29266666666667,0.1885275105182977,35.891,36.629,0.7379999999999995,0.3160000000000025,36.2299,0.19375970513327634,35.883,36.629,0.7459999999999951,0.5620000000000047,-0.049999999999998934,0.23400000000000176,0.2324570046431483,,,0,0,0,0
2026-07-24T11:18:52.967028+0000,TS-HB-01,healthy,seminar,predictive-app-788cd796db-kg6k9,14.963,37.738,5,Running,True,seminar-lab-control-plane,,1,4057.402951,15.1886,0.34817673673004196,14.906,15.83,0.9239999999999995,-0.32500000000000107,16.8226,5.273575887384196,14.218,36.43,22.212,-0.02200000000000024,16.113999999999997,3.8561834327047624,14.132,36.43,22.298000000000002,-0.9500000000000011,36.668000000000006,0.543171427820001,36.219,37.738,1.5189999999999984,1.2689999999999984,36.3994,0.4022449999689335,35.891,37.738,1.8470000000000013,1.5970000000000013,36.291466666666665,0.3251709020739041,35.883,37.738,1.8549999999999969,1.6049999999999969,0.05699999999999861,1.2849999999999966,1.2752702617742766,,,0,0,0,0
2026-07-24T11:19:53.598039+0000,TS-HB-01,healthy,seminar,predictive-app-788cd796db-kg6k9,14.359,37.734,5,Running,True,seminar-lab-control-plane,,1,4118.033962,15.002799999999999,0.4715681923115433,14.359,15.83,1.471,-1.471,16.780866666666665,5.290403045347513,14.218,36.43,22.212,-0.9130000000000003,16.0622,3.8689518253225486,14.132,36.43,22.298000000000002,0.2270000000000003,36.921,0.6711014826388233,36.219,37.738,1.5189999999999984,1.2730000000000032,36.5056,0.5146018266582525,35.891,37.738,1.8470000000000013,1.350999999999999,36.344833333333334,0.41402230884606206,35.883,37.738,1.8549999999999969,1.6090000000000018,-0.6039999999999992,-0.003999999999997783,-0.003958370412128985,,,0,0,0,0
2026-07-24T11:20:54.180244+0000,TS-HB-01,healthy,seminar,predictive-app-788cd796db-kg6k9,14.567,37.988,5,Running,True,seminar-lab-control-plane,,1,4178.616167,14.750200000000001,0.24434025456312078,14.359,14.963,0.6039999999999992,-0.38899999999999935,16.733866666666664,5.306705555133891,14.218,36.43,22.212,-0.8970000000000002,16.076700000000002,3.862500443581422,14.218,36.43,22.212,-1.8180000000000014,37.2264,0.7365363806357674,36.219,37.988,1.7689999999999984,1.7689999999999984,36.6126,0.6315573133136951,35.891,37.988,2.0970000000000013,2.0970000000000013,36.406933333333335,0.5059121091871834,35.883,37.988,2.104999999999997,1.6090000000000018,0.20800000000000018,0.2539999999999978,0.25155901803177794,,,0,0,0,0
2026-07-24T11:21:54.585894+0000,TS-HB-01,healthy,seminar,predictive-app-788cd796db-kg6k9,15.52,37.738,5,Running,True,seminar-lab-control-plane,,1,4239.021817,14.863,0.39626506280515456,14.359,15.52,1.1609999999999996,0.613999999999999,16.7376,5.305830501124841,14.218,36.43,22.212,-0.46199999999999974,16.047866666666668,3.86331988263405,14.218,36.43,22.212,0.516,37.5302,0.5473274705329944,36.453,37.988,1.5349999999999966,1.2849999999999966,36.735733333333336,0.6583494985357232,36.129,37.988,1.8590000000000018,1.350999999999999,36.45223333333333,0.5593987059532989,35.883,37.988,2.104999999999997,1.8549999999999969,0.9529999999999994,-0.25,-0.24832114214481593,,,0,0,0,0
2026-07-24T11:22:55.212232+0000,TS-HB-01,healthy,seminar,predictive-app-788cd796db-kg6k9,15.245,37.738,5,Running,True,seminar-lab-control-plane,,1,4299.648155,14.9308,0.42572780036071695,14.359,15.52,1.1609999999999996,0.28200000000000003,16.688466666666667,5.3160027071308225,14.218,36.43,22.212,-0.014000000000001123,16.0559,3.861391013179924,14.218,36.43,22.212,0.5109999999999992,37.7872,0.10041195148016349,37.734,37.988,0.2539999999999978,0.0,36.825799999999994,0.6958258594409129,36.129,37.988,1.8590000000000018,1.3590000000000018,36.514066666666665,0.5944822920454065,35.887,37.988,2.100999999999999,1.350999999999999,-0.27500000000000036,0.0,0.0,,,0,0,0,0
2026-07-24T11:23:55.634077+0000,TS-HB-01,healthy,seminar,predictive-app-788cd796db-kg6k9,17.912,38.246,5,Running,True,seminar-lab-control-plane,,1,4360.07,15.520599999999998,1.2691270385583888,14.359,17.912,3.552999999999999,3.552999999999999,16.865333333333332,5.309630893218683,14.218,36.43,22.212,1.2699999999999996,16.16183333333333,3.8672610814660855,14.218,36.43,22.212,2.9239999999999995,37.888799999999996,0.20340934098526162,37.734,38.246,0.5120000000000005,0.5120000000000005,36.95026666666667,0.768008807819878,36.129,38.246,2.1170000000000044,2.1090000000000018,36.576033333333335,0.6700877297455623,35.887,38.246,2.3590000000000018,2.1090000000000018,2.667,0.5080000000000027,0.5044533148565749,,,0,0,0,0
2026-07-24T11:24:56.291821+0000,TS-HB-01,healthy,seminar,predictive-app-788cd796db-kg6k9,16.641,37.734,5,Running,True,seminar-lab-control-plane,,1,4420.727744,15.976999999999999,1.1762562645954306,14.567,17.912,3.344999999999999,2.073999999999998,16.865266666666667,5.30963370320611,14.218,36.43,22.212,0.44399999999999906,16.216933333333333,3.8619161214206748,14.218,36.43,22.212,1.7749999999999986,37.8888,0.20340934098526162,37.734,38.246,0.5120000000000005,-0.2539999999999978,37.056733333333334,0.7585236068984573,36.129,38.246,2.1170000000000044,1.605000000000004,36.629266666666666,0.6960280134847759,35.887,38.246,2.3590000000000018,1.8470000000000013,-1.2710000000000008,-0.5120000000000005,-0.506448113203815,,,0,0,0,0
2026-07-24T11:25:57.065286+0000,TS-HB-01,healthy,seminar,predictive-app-788cd796db-kg6k9,15.347,37.738,5,Running,True,seminar-lab-control-plane,,1,4481.501209,16.133,1.0202954474072694,15.245,17.912,2.667,-0.17300000000000004,16.8086,5.320986986139571,14.218,36.43,22.212,-0.5999999999999996,16.232966666666666,3.857269910902733,14.218,36.43,22.212,0.25900000000000034,37.838800000000006,0.2036058938244581,37.734,38.246,0.5120000000000005,0.0,37.163999999999994,0.7330854429510186,36.137,38.246,2.1090000000000018,1.600999999999999,36.69096666666667,0.7094075689537707,35.891,38.246,2.355000000000004,1.3590000000000018,-1.2939999999999987,0.003999999999997783,0.0039490919268774126,,,0,0,0,0
2026-07-24T11:26:57.880870+0000,TS-HB-01,healthy,seminar,predictive-app-788cd796db-kg6k9,14.631,37.984,5,Running,True,seminar-lab-control-plane,,1,4542.316793,15.9552,1.1770458614684456,14.631,17.912,3.280999999999999,-0.613999999999999,16.720866666666666,5.345263746117264,14.218,36.43,22.212,-21.799,16.217733333333335,3.862660231268373,14.218,36.43,22.212,-0.26099999999999923,37.888,0.20302512159843286,37.734,38.246,0.5120000000000005,0.24600000000000222,37.28713333333334,0.7048147621105244,36.219,38.246,2.027000000000001,1.355000000000004,36.74446666666667,0.7435616420684754,35.891,38.246,2.355000000000004,1.8590000000000018,-0.7159999999999993,0.24600000000000222,0.2427009498091827,,,0,0,0,0
2026-07-24T11:27:58.979542+0000,TS-HB-01,healthy,seminar,predictive-app-788cd796db-kg6k9,15.068,37.742,5,Running,True,seminar-lab-control-plane,,1,4603.415465,15.919799999999999,1.2003048612748322,14.631,17.912,3.280999999999999,-2.8439999999999994,15.296733333333332,0.9105808744361452,14.218,17.912,3.693999999999999,0.8499999999999996,16.223599999999998,3.8607754281577535,14.218,36.43,22.212,0.30100000000000016,37.8888,0.20243952183320962,37.734,38.246,0.5120000000000005,-0.5040000000000049,37.36133333333333,0.6900549414519461,36.219,38.246,2.027000000000001,1.303999999999995,36.798366666666666,0.7552195037794661,35.891,38.246,2.355000000000004,1.6089999999999947,0.4369999999999994,-0.24200000000000443,-0.23764837311030695,,,0,0,0,0
2026-07-24T11:29:00.179986+0000,TS-HB-01,healthy,seminar,predictive-app-788cd796db-kg6k9,15.493,38.238,5,Running,True,seminar-lab-control-plane,,1,4664.615909,15.435999999999998,0.6703199236185523,14.631,16.641,2.009999999999998,-1.147999999999998,15.381733333333333,0.8642469914452862,14.359,17.912,3.552999999999999,0.20500000000000007,16.247799999999998,3.8538384795767824,14.218,36.43,22.212,-1.0729999999999986,37.8872,0.19962204287116625,37.734,38.238,0.5039999999999978,0.5039999999999978,37.48133333333333,0.6754078932187942,36.219,38.246,2.027000000000001,1.7689999999999984,36.868533333333325,0.7872489116466952,35.891,38.246,2.355000000000004,1.8549999999999969,0.4250000000000007,0.4960000000000022,0.48627098195562335,,,0,0,0,0
2026-07-24T11:30:00.962601+0000,TS-HB-01,healthy,seminar,predictive-app-788cd796db-kg6k9,14.758,37.992,5,Running,True,seminar-lab-control-plane,,1,4725.398524,15.0594,0.3302015142302855,14.631,15.493,0.8620000000000001,-0.5890000000000004,15.3464,0.8780802393099807,14.359,17.912,3.552999999999999,-1.072000000000001,16.18753333333333,3.862518269500125,14.218,36.43,22.212,-0.4620000000000015,37.9388,0.18624972483217023,37.738,38.238,0.5,0.2539999999999978,37.58286666666666,0.6284352914625212,36.219,38.246,2.027000000000001,1.5309999999999988,36.922166666666676,0.806906937357447,35.891,38.246,2.355000000000004,1.8549999999999969,-0.7350000000000012,-0.24600000000000222,-0.242832592839254,,,0,0,0,0
2026-07-24T11:31:01.599545+0000,TS-HB-01,healthy,seminar,predictive-app-788cd796db-kg6k9,14.421,38.48,5,Running,True,seminar-lab-control-plane,,1,4786.035468,14.874199999999998,0.3737675213283908,14.421,15.493,1.072000000000001,-0.21000000000000085,15.252466666666667,0.896493827208101,14.359,17.912,3.552999999999999,-0.5350000000000001,16.160899999999998,3.871841339294094,14.218,36.43,22.212,-0.023000000000001464,38.087199999999996,0.2513598217696344,37.742,38.48,0.7379999999999995,0.4959999999999951,37.71746666666666,0.5886974170904079,36.219,38.48,2.2609999999999957,2.2609999999999957,37.00026666666667,0.8398478804058771,35.891,38.48,2.5889999999999986,2.096999999999994,-0.33699999999999974,0.48799999999999955,0.48287393902964454,,,0,0,0,0
2026-07-24T11:32:02.448926+0000,TS-HB-01,healthy,seminar,predictive-app-788cd796db-kg6k9,15.29,38.488,5,Running,True,seminar-lab-control-plane,,1,4846.884849,15.006,0.3808931608731932,14.421,15.493,1.072000000000001,0.22199999999999953,15.274733333333332,0.8929948463208295,14.359,17.912,3.552999999999999,0.38399999999999856,16.1891,3.8623029602384484,14.218,36.43,22.212,-2.628,38.188,0.2881305259774895,37.742,38.488,0.7460000000000022,0.7460000000000022,37.86873333333334,0.4621374206397752,36.453,38.488,2.0349999999999966,2.0349999999999966,37.07043333333333,0.8726390121668759,35.891,38.488,2.5970000000000013,2.3429999999999964,0.8689999999999998,0.008000000000002672,0.007888330039054306,,,0,0,0,0
2026-07-24T11:33:02.898081+0000,TS-HB-01,healthy,seminar,predictive-app-788cd796db-kg6k9,13.897,37.984,5,Running,True,seminar-lab-control-plane,,1,4907.334004,14.771799999999999,0.5791695433981026,13.897,15.493,1.596,-1.596,15.207466666666665,0.9541456818653158,13.897,17.912,4.014999999999999,-1.065999999999999,16.055066666666665,3.869742471477342,13.897,36.43,22.533,-2.2670000000000012,38.236399999999996,0.22184823641414214,37.984,38.488,0.5039999999999978,-0.2539999999999978,37.970800000000004,0.2653659611430291,37.734,38.488,0.7539999999999978,0.24600000000000222,37.13173333333334,0.8700653589753571,35.891,38.488,2.5970000000000013,1.8470000000000013,-1.392999999999999,-0.5039999999999978,-0.5002551317714842,,,0,0,0,0
2026-07-24T11:34:03.232237+0000,TS-HB-01,healthy,seminar,predictive-app-788cd796db-kg6k9,15.166,37.738,5,Running,True,seminar-lab-control-plane,,1,4967.66816,14.706399999999999,0.5081466717395333,13.897,15.29,1.392999999999999,0.40800000000000125,15.221,0.9520195376146469,13.897,17.912,4.014999999999999,0.8070000000000004,16.0218,3.8729514017090394,13.897,36.43,22.533,0.18100000000000094,38.136399999999995,0.2981553957252222,37.738,38.488,0.75,-0.2539999999999978,37.970800000000004,0.2653659611430291,37.734,38.488,0.7539999999999978,0.003999999999997783,37.1851,0.8564079382319483,35.891,38.488,2.5970000000000013,1.5970000000000013,1.2690000000000001,-0.24600000000000222,-0.244637548257079,,,0,0,0,0
2026-07-24T11:35:03.577121+0000,TS-HB-01,healthy,seminar,predictive-app-788cd796db-kg6k9,14.929,37.742,5,Running,True,seminar-lab-control-plane,,1,5028.013044,14.7406,0.5161598977060945,13.897,15.29,1.392999999999999,0.5080000000000009,15.258999999999999,0.9279252125036834,13.897,17.912,4.014999999999999,0.3620000000000001,16.019933333333334,3.8734641251583706,13.897,36.43,22.533,-0.34299999999999997,38.0864,0.3366550757081544,37.738,38.488,0.75,-0.7379999999999995,37.97133333333333,0.2648971288800983,37.734,38.488,0.7539999999999978,-0.24600000000000222,37.23846666666667,0.839396399536945,35.891,38.488,2.5970000000000013,1.3589999999999947,-0.2370000000000001,0.003999999999997783,0.00397713913908372,,,0,0,0,0
2026-07-24T11:36:03.989863+0000,TS-HB-01,healthy,seminar,predictive-app-788cd796db-kg6k9,13.963,37.996,5,Running,True,seminar-lab-control-plane,,1,5088.425786,14.649000000000001,0.5987770870699411,13.897,15.29,1.392999999999999,-1.327,15.218733333333335,0.9692646330537884,13.897,17.912,4.014999999999999,-1.5570000000000004,15.9763,3.888985233108162,13.897,36.43,22.533,-1.5010000000000012,37.9896,0.27316046566086694,37.738,38.488,0.75,-0.49199999999999733,37.97186666666666,0.2649381982442687,37.734,38.488,0.7539999999999978,0.25800000000000267,37.292233333333336,0.8345237637253088,35.891,38.488,2.5970000000000013,2.105000000000004,-0.9660000000000011,0.2540000000000049,0.25226466297458067,,,0,0,0,0
2026-07-24T11:37:04.334491+0000,TS-HB-01,healthy,seminar,predictive-app-788cd796db-kg6k9,14.06,37.988,5,Running,True,seminar-lab-control-plane,,1,5148.770414,14.403,0.5340655390492428,13.897,15.166,1.2690000000000001,0.16300000000000026,15.1214,1.0067076238908723,13.897,17.912,4.014999999999999,-1.1849999999999987,15.929499999999999,3.903290199733213,13.897,36.43,22.533,-1.9219999999999988,37.8896,0.12221554729272242,37.738,37.996,0.25800000000000267,0.003999999999997783,37.98853333333333,0.2574598652649624,37.734,38.488,0.7539999999999978,0.25,37.36213333333333,0.8013936499762503,36.129,38.488,2.3590000000000018,1.600999999999999,0.09700000000000131,-0.008000000000002672,-0.00795431202260722,,,0,0,0,0
2026-07-24T11:38:04.694716+0000,TS-HB-01,healthy,seminar,predictive-app-788cd796db-kg6k9,14.732,37.984,5,Running,True,seminar-lab-control-plane,,1,5209.130639,14.569999999999999,0.47726093491921423,13.963,15.166,1.2030000000000012,-0.43400000000000105,15.0872,1.0106339396636184,13.897,17.912,4.014999999999999,-3.1799999999999997,15.887833333333333,3.909174670637725,13.897,36.43,22.533,-0.527000000000001,37.8896,0.12221554729272242,37.738,37.996,0.25800000000000267,0.24600000000000222,38.004933333333334,0.24866348523440104,37.734,38.488,0.7539999999999978,-0.26200000000000045,37.415366666666664,0.7877768924145074,36.129,38.488,2.3590000000000018,1.605000000000004,0.6719999999999988,-0.003999999999997783,-0.00397612831959899,,,0,0,0,0
2026-07-24T11:39:05.109979+0000,TS-HB-01,healthy,seminar,predictive-app-788cd796db-kg6k9,15.056,38.234,5,Running,True,seminar-lab-control-plane,,1,5269.545902,14.547999999999998,0.4510986588319252,13.963,15.056,1.093,0.1269999999999989,14.8968,0.6732216276977487,13.897,16.641,2.743999999999998,-1.584999999999999,15.881066666666666,3.9104327973029065,13.897,36.43,22.533,-1.5860000000000003,37.988800000000005,0.15563341543531986,37.742,38.234,0.49200000000000443,0.49200000000000443,38.004133333333336,0.24790478458927045,37.734,38.488,0.7539999999999978,0.5,37.4772,0.7767276828679223,36.129,38.488,2.3590000000000018,2.0970000000000013,0.32399999999999984,0.25,0.2482816304217694,,,0,0,0,0
2026-07-24T11:40:05.459454+0000,TS-HB-01,healthy,seminar,predictive-app-788cd796db-kg6k9,15.508,37.992,5,Running,True,seminar-lab-control-plane,,1,5329.895377,14.663799999999998,0.5876803212631543,13.963,15.508,1.545,1.545,14.821266666666666,0.5192406592537112,13.897,15.508,1.6109999999999989,0.1609999999999996,15.843266666666665,3.908374913211658,13.897,36.43,22.533,-0.6890000000000001,38.0388,0.09768193282313924,37.984,38.234,0.25,-0.0040000000000048885,38.02133333333333,0.23728875985934553,37.738,38.488,0.75,0.2539999999999978,37.539033333333336,0.7405709276557711,36.129,38.488,2.3590000000000018,1.8629999999999995,0.45199999999999996,-0.24200000000000443,-0.24059861332679808,,,0,0,0,0
2026-07-24T11:41:05.851579+0000,TS-HB-01,healthy,seminar,predictive-app-788cd796db-kg6k9,15.234,37.988,5,Running,True,seminar-lab-control-plane,,1,5390.287502,14.918000000000001,0.4975459777748889,14.06,15.508,1.4479999999999986,1.1739999999999995,14.813733333333333,0.5123322446312503,13.897,15.508,1.6109999999999989,0.6029999999999998,15.811166666666667,3.9092923492906273,13.897,36.43,22.533,-0.7129999999999992,38.0372,0.09843251495346561,37.984,38.234,0.25,0.0,38.038000000000004,0.22527849431321822,37.738,38.488,0.75,0.003999999999997783,37.601,0.6964562680695577,36.137,38.488,2.350999999999999,1.850999999999999,-0.27399999999999913,-0.003999999999997783,-0.00397402807071066,,,0,0,0,0
2026-07-24T12:02:23.718166+0000,TS-HB-02,healthy,seminar,predictive-app-788cd796db-kg6k9,0.621,37.727,5,Running,True,seminar-lab-control-plane,,1,0.0,0.621,0.0,0.621,0.621,0.0,0.0,0.621,0.0,0.621,0.621,0.0,0.0,0.621,0.0,0.621,0.621,0.0,0.0,37.727,0.0,37.727,37.727,0.0,0.0,37.727,0.0,37.727,37.727,0.0,0.0,37.727,0.0,37.727,37.727,0.0,0.0,0.0,0.0,0.0,,,0,0,0,0
2026-07-24T12:03:24.379399+0000,TS-HB-02,healthy,seminar,predictive-app-788cd796db-kg6k9,15.913,37.996,5,Running,True,seminar-lab-control-plane,,1,60.661233,8.267,7.646,0.621,15.913,15.292,15.292,8.267,7.646,0.621,15.913,15.292,15.292,8.267,7.646,0.621,15.913,15.292,15.292,37.8615,0.13450000000000273,37.727,37.996,0.26900000000000546,0.26900000000000546,37.8615,0.13450000000000273,37.727,37.996,0.26900000000000546,0.26900000000000546,37.8615,0.13450000000000273,37.727,37.996,0.26900000000000546,0.26900000000000546,15.292,0.26900000000000546,0.26606778665379793,,,0,0,0,0
2026-07-24T12:04:25.093388+0000,TS-HB-02,healthy,seminar,predictive-app-788cd796db-kg6k9,17.248,37.984,5,Running,True,seminar-lab-control-plane,,1,121.375222,11.260666666666667,7.543095577340175,0.621,17.248,16.627000000000002,16.627000000000002,11.260666666666667,7.543095577340175,0.621,17.248,16.627000000000002,16.627000000000002,11.260666666666667,7.543095577340175,0.621,17.248,16.627000000000002,16.627000000000002,37.90233333333333,0.1240761414974273,37.727,37.996,0.26900000000000546,0.257000000000005,37.90233333333333,0.1240761414974273,37.727,37.996,0.26900000000000546,0.257000000000005,37.90233333333333,0.1240761414974273,37.727,37.996,0.26900000000000546,0.257000000000005,1.3350000000000009,-0.012000000000000455,-0.01185888148446361,,,0,0,0,0
2026-07-24T12:05:25.596143+0000,TS-HB-02,healthy,seminar,predictive-app-788cd796db-kg6k9,15.613,38.246,5,Running,True,seminar-lab-control-plane,,1,181.877977,12.34875,6.798933312476303,0.621,17.248,16.627000000000002,14.991999999999999,12.34875,6.798933312476303,0.621,17.248,16.627000000000002,14.991999999999999,12.34875,6.798933312476303,0.621,17.248,16.627000000000002,14.991999999999999,37.98825,0.18355159356431897,37.727,38.246,0.5190000000000055,0.5190000000000055,37.98825,0.18355159356431897,37.727,38.246,0.5190000000000055,0.5190000000000055,37.98825,0.18355159356431897,37.727,38.246,0.5190000000000055,0.5190000000000055,-1.6350000000000016,0.26200000000000045,0.2598228791399669,,,0,0,0,0
2026-07-24T12:06:26.156452+0000,TS-HB-02,healthy,seminar,predictive-app-788cd796db-kg6k9,16.602,37.75,5,Running,True,seminar-lab-control-plane,,1,242.438286,13.1994,6.314650983229398,0.621,17.248,16.627000000000002,15.981,13.1994,6.314650983229398,0.621,17.248,16.627000000000002,15.981,13.1994,6.314650983229398,0.621,17.248,16.627000000000002,15.981,37.9406,0.18982897565967358,37.727,38.246,0.5190000000000055,0.02300000000000324,37.9406,0.18982897565967358,37.727,38.246,0.5190000000000055,0.02300000000000324,37.9406,0.18982897565967358,37.727,38.246,0.5190000000000055,0.02300000000000324,0.9890000000000008,-0.4960000000000022,-0.49141096687601343,,,0,0,0,0
2026-07-24T12:07:26.712972+0000,TS-HB-02,healthy,seminar,predictive-app-788cd796db-kg6k9,13.819,38.488,5,Running,True,seminar-lab-control-plane,,1,302.994806,15.839000000000002,1.1579639027189064,13.819,17.248,3.4290000000000003,-2.0939999999999994,13.302666666666667,5.769084348683267,0.621,17.248,16.627000000000002,13.198,13.302666666666667,5.769084348683267,0.621,17.248,16.627000000000002,13.198,38.0928,0.2523381857745655,37.75,38.488,0.7379999999999995,0.49199999999999733,38.03183333333333,0.2676692092033664,37.727,38.488,0.7610000000000028,0.7610000000000028,38.03183333333333,0.2676692092033664,37.727,38.488,0.7610000000000028,0.7610000000000028,-2.7829999999999995,0.7379999999999995,0.731217711982128,,,0,0,0,0
2026-07-24T12:08:27.282404+0000,TS-HB-02,healthy,seminar,predictive-app-788cd796db-kg6k9,14.661,37.988,5,Running,True,seminar-lab-control-plane,,1,363.564238,15.588600000000003,1.2468447537684881,13.819,17.248,3.4290000000000003,-2.5870000000000015,13.496714285714287,5.362242247266282,0.621,17.248,16.627000000000002,14.04,13.496714285714287,5.362242247266282,0.621,17.248,16.627000000000002,14.04,38.0912,0.25297146084093985,37.75,38.488,0.7379999999999995,0.003999999999997783,38.025571428571425,0.24828776918432902,37.727,38.488,0.7610000000000028,0.2610000000000028,38.025571428571425,0.24828776918432902,37.727,38.488,0.7610000000000028,0.2610000000000028,0.8419999999999987,-0.5,-0.49529934505577006,,,0,0,0,0
2026-07-24T12:09:27.697212+0000,TS-HB-02,healthy,seminar,predictive-app-788cd796db-kg6k9,13.498,37.988,5,Running,True,seminar-lab-control-plane,,1,423.979046,14.8386,1.1469620046017233,13.498,16.602,3.104000000000001,-2.115,13.496875000000001,5.015918346561774,0.621,17.248,16.627000000000002,12.876999999999999,13.496875000000001,5.015918346561774,0.621,17.248,16.627000000000002,12.876999999999999,38.092,0.2526372894091433,37.75,38.488,0.7379999999999995,-0.25800000000000267,38.020875000000004,0.23258409097571583,37.727,38.488,0.7610000000000028,0.2610000000000028,38.020875000000004,0.23258409097571583,37.727,38.488,0.7610000000000028,0.2610000000000028,-1.1630000000000003,0.0,0.0,,,0,0,0,0
2026-07-24T12:10:28.185410+0000,TS-HB-02,healthy,seminar,predictive-app-788cd796db-kg6k9,14.559,37.742,5,Running,True,seminar-lab-control-plane,,1,484.467244,14.627799999999999,1.0801765411264974,13.498,16.602,3.104000000000001,-2.043000000000001,13.61488888888889,4.740818716083271,0.621,17.248,16.627000000000002,13.937999999999999,13.61488888888889,4.740818716083271,0.621,17.248,16.627000000000002,13.937999999999999,37.9912,0.27096449951976964,37.742,38.488,0.7460000000000022,-0.008000000000002672,37.989888888888885,0.2361479971187778,37.727,38.488,0.7610000000000028,0.015000000000000568,37.989888888888885,0.2361479971187778,37.727,38.488,0.7610000000000028,0.015000000000000568,1.061,-0.24600000000000222,-0.24401454313451584,,,0,0,0,0
2026-07-24T12:11:28.593063+0000,TS-HB-02,healthy,seminar,predictive-app-788cd796db-kg6k9,15.571,38.238,5,Running,True,seminar-lab-control-plane,,1,544.874897,14.421599999999998,0.722976514141368,13.498,15.571,2.0730000000000004,1.751999999999999,13.8105,4.535658634641721,0.621,17.248,16.627000000000002,14.95,13.8105,4.535658634641721,0.621,17.248,16.627000000000002,14.95,38.0888,0.25385539190649375,37.742,38.488,0.7460000000000022,-0.25,38.0147,0.23607119688771894,37.727,38.488,0.7610000000000028,0.5110000000000028,38.0147,0.23607119688771894,37.727,38.488,0.7610000000000028,0.5110000000000028,1.0120000000000005,0.4960000000000022,0.492652810066965,,,0,0,0,0
2026-07-24T12:12:29.082629+0000,TS-HB-02,healthy,seminar,predictive-app-788cd796db-kg6k9,19.037,38.23,5,Running,True,seminar-lab-control-plane,,1,605.364463,15.4652,1.902985065627158,13.498,19.037,5.539,4.3759999999999994,14.285636363636364,4.578159560202952,0.621,19.037,18.416,18.416,14.285636363636364,4.578159560202952,0.621,19.037,18.416,18.416,38.0372,0.18410692545365914,37.742,38.238,0.4960000000000022,0.24199999999999733,38.03427272727273,0.23343992449259265,37.727,38.488,0.7610000000000028,0.5030000000000001,38.03427272727273,0.23343992449259265,37.727,38.488,0.7610000000000028,0.5030000000000001,3.4659999999999993,-0.008000000000002672,-0.007935252833524383,,,0,0,0,0
2026-07-24T12:13:29.530134+0000,TS-HB-02,healthy,seminar,predictive-app-788cd796db-kg6k9,14.815,37.984,5,Running,True,seminar-lab-control-plane,,1,665.811968,15.496,1.890927814592614,13.498,19.037,5.539,1.3170000000000002,14.329749999999999,4.385695196222221,0.621,19.037,18.416,14.193999999999999,14.329749999999999,4.385695196222221,0.621,19.037,18.416,14.193999999999999,38.0364,0.18432753456822198,37.742,38.238,0.4960000000000022,-0.003999999999997783,38.03008333333333,0.22393319626372687,37.727,38.488,0.7610000000000028,0.257000000000005,38.03008333333333,0.22393319626372687,37.727,38.488,0.7610000000000028,0.257000000000005,-4.2219999999999995,-0.2459999999999951,-0.2441788126739012,,,0,0,0,0
2026-07-24T12:14:29.951441+0000,TS-HB-02,healthy,seminar,predictive-app-788cd796db-kg6k9,14.986,37.738,5,Running,True,seminar-lab-control-plane,,1,726.233275,15.793600000000001,1.6554943189271287,14.559,19.037,4.478,0.4270000000000014,14.38023076923077,4.21726674433802,0.621,19.037,18.416,14.365,14.38023076923077,4.21726674433802,0.621,19.037,18.416,14.365,37.986399999999996,0.2209448800040366,37.738,38.238,0.5,-0.003999999999997783,38.007615384615384,0.22879333585693568,37.727,38.488,0.7610000000000028,0.011000000000002785,38.007615384615384,0.22879333585693568,37.727,38.488,0.7610000000000028,0.011000000000002785,0.17100000000000115,-0.24600000000000222,-0.24428468586421234,,,0,0,0,0
2026-07-24T12:15:30.499254+0000,TS-HB-02,healthy,seminar,predictive-app-788cd796db-kg6k9,14.159,37.742,5,Running,True,seminar-lab-control-plane,,1,786.781088,15.713600000000003,1.7215683082584892,14.159,19.037,4.877999999999998,-1.411999999999999,14.364428571428572,4.06425930194782,0.621,19.037,18.416,13.538,14.364428571428572,4.06425930194782,0.621,19.037,18.416,13.538,37.9864,0.2209448800040366,37.738,38.238,0.5,-0.4960000000000022,37.98864285714286,0.2308393402789236,37.727,38.488,0.7610000000000028,0.015000000000000568,37.98864285714286,0.2308393402789236,37.727,38.488,0.7610000000000028,0.015000000000000568,-0.827,0.003999999999997783,0.003963809559890577,,,0,0,0,0
2026-07-24T12:16:30.943746+0000,TS-HB-02,healthy,seminar,predictive-app-788cd796db-kg6k9,14.502,37.738,5,Running,True,seminar-lab-control-plane,,1,847.22558,15.499799999999999,1.7909815632775217,14.159,19.037,4.877999999999998,-4.534999999999998,14.373600000000001,3.926597471942683,0.621,19.037,18.416,13.881,14.373600000000001,3.926597471942683,0.621,19.037,18.416,13.881,37.8864,0.1962056064438438,37.738,38.23,0.49199999999999733,-0.49199999999999733,37.97193333333333,0.2316101513799059,37.727,38.488,0.7610000000000028,0.011000000000002785,37.97193333333333,0.2316101513799059,37.727,38.488,0.7610000000000028,0.011000000000002785,0.34299999999999997,-0.003999999999997783,-0.0039705851113756895,,,0,0,0,0
2026-07-24T12:17:31.450780+0000,TS-HB-02,healthy,seminar,predictive-app-788cd796db-kg6k9,15.844,38.23,5,Running,True,seminar-lab-control-plane,,1,907.732614,14.8612,0.5666947679306671,14.159,15.844,1.6849999999999987,1.029,15.388466666666666,1.3868734557349562,13.498,19.037,5.539,-0.06900000000000084,14.4655,3.8185358941615304,0.621,19.037,18.416,15.222999999999999,37.886399999999995,0.1962056064438438,37.738,38.23,0.49199999999999733,0.2459999999999951,38.00546666666666,0.23012862104097878,37.738,38.488,0.75,0.23399999999999466,37.9880625,0.23279348915669956,37.727,38.488,0.7610000000000028,0.5030000000000001,1.3419999999999987,0.49199999999999733,0.4878771615214166,,,0,0,0,0
2026-07-24T12:18:32.003260+0000,TS-HB-02,healthy,seminar,predictive-app-788cd796db-kg6k9,15.514,37.988,5,Running,True,seminar-lab-control-plane,,1,968.285094,15.001,0.6216120976943684,14.159,15.844,1.6849999999999987,0.5279999999999987,15.361866666666666,1.3803690263436392,13.498,19.037,5.539,-1.7340000000000018,14.527176470588234,3.7127296638852423,0.621,19.037,18.416,14.892999999999999,37.8872,0.19660966405544889,37.738,38.23,0.49199999999999733,0.25,38.00493333333334,0.23015921059610547,37.738,38.488,0.75,0.003999999999997783,37.988058823529414,0.22584285806682652,37.727,38.488,0.7610000000000028,0.2610000000000028,-0.33000000000000007,-0.24199999999999733,-0.23979199530720852,,,0,0,0,0
2026-07-24T12:19:32.399008+0000,TS-HB-02,healthy,seminar,predictive-app-788cd796db-kg6k9,15.388,37.742,5,Running,True,seminar-lab-control-plane,,1,1028.680842,15.081399999999999,0.6401923460960723,14.159,15.844,1.6849999999999987,1.2289999999999992,15.237866666666665,1.2856599792410977,13.498,19.037,5.539,-0.22499999999999964,14.575000000000001,3.6135085750863,0.621,19.037,18.416,14.767,37.888,0.1960081630953079,37.738,38.23,0.49199999999999733,0.0,37.9888,0.23935892156619906,37.738,38.488,0.75,-0.5040000000000049,37.97438888888889,0.22660125009189674,37.727,38.488,0.7610000000000028,0.015000000000000568,-0.12599999999999945,-0.24600000000000222,-0.244388065199559,,,0,0,0,0
2026-07-24T12:20:32.836790+0000,TS-HB-02,healthy,seminar,predictive-app-788cd796db-kg6k9,15.357,38.238,5,Running,True,seminar-lab-control-plane,,1,1089.118624,15.321000000000002,0.4443701160069096,14.502,15.844,1.3419999999999987,0.8549999999999986,15.220799999999999,1.2822616061735077,13.498,19.037,5.539,-1.245000000000001,14.616157894736842,3.521463022264257,0.621,19.037,18.416,14.735999999999999,37.987199999999994,0.22094198333498646,37.738,38.238,0.5,0.5,37.98826666666667,0.23879348585941207,37.738,38.488,0.75,0.48799999999999955,37.98826315789474,0.2282772649549037,37.727,38.488,0.7610000000000028,0.5110000000000028,-0.031000000000000583,0.4960000000000022,0.49240721639983637,,,0,0,0,0
2026-07-24T12:21:33.329064+0000,TS-HB-02,healthy,seminar,predictive-app-788cd796db-kg6k9,14.647,37.988,5,Running,True,seminar-lab-control-plane,,1,1149.610898,15.35,0.3915696617461504,14.647,15.844,1.1969999999999992,-1.1969999999999992,15.090466666666666,1.2336842852024796,13.498,19.037,5.539,0.8279999999999994,14.6177,3.4323041692134453,0.621,19.037,18.416,14.026,38.0372,0.1841069254536557,37.742,38.238,0.4960000000000022,-0.24199999999999733,38.004133333333336,0.23018655236327104,37.738,38.488,0.75,-0.5,37.98825,0.22249716290326135,37.727,38.488,0.7610000000000028,0.2610000000000028,-0.7099999999999991,-0.25,-0.24796555011306068,,,0,0,0,0
2026-07-24T12:22:33.723368+0000,TS-HB-02,healthy,seminar,predictive-app-788cd796db-kg6k9,15.238,37.988,5,Running,True,seminar-lab-control-plane,,1,1210.005202,15.228800000000001,0.30387326305549534,14.647,15.514,0.8669999999999991,-0.2759999999999998,15.185066666666668,1.1860453879267099,13.498,19.037,5.539,0.577,14.647238095238095,3.3521896739261816,0.621,19.037,18.416,14.616999999999999,37.9888,0.15685203218319496,37.742,38.238,0.4960000000000022,0.0,37.97079999999999,0.1904826151297473,37.738,38.238,0.5,0.0,37.98823809523809,0.21713500403510408,37.727,38.488,0.7610000000000028,0.2610000000000028,0.5909999999999993,0.0,0.0,,,0,0,0,0
2026-07-24T12:23:34.213991+0000,TS-HB-02,healthy,seminar,predictive-app-788cd796db-kg6k9,15.565,37.988,5,Running,True,seminar-lab-control-plane,,1,1270.495825,15.238999999999999,0.31396369216836906,14.647,15.565,0.9179999999999993,0.1769999999999996,15.245333333333333,1.1808408680070117,13.498,19.037,5.539,2.067,14.688954545454544,3.2806920622065077,0.621,19.037,18.416,14.943999999999999,37.9888,0.15685203218319496,37.742,38.238,0.4960000000000022,0.24600000000000222,37.970800000000004,0.1904826151297473,37.738,38.238,0.5,0.0,37.98822727272727,0.2121427332156318,37.727,38.488,0.7610000000000028,0.2610000000000028,0.32699999999999996,0.0,0.0,,,0,0,0,0
2026-07-24T12:24:34.618200+0000,TS-HB-02,healthy,seminar,predictive-app-788cd796db-kg6k9,15.225,37.98,5,Running,True,seminar-lab-control-plane,,1,1330.900034,15.206399999999999,0.30513839483092625,14.647,15.565,0.9179999999999993,-0.13199999999999967,15.360466666666667,1.0851783796019674,14.159,19.037,4.877999999999998,0.6660000000000004,14.712260869565217,3.210441798357777,0.621,19.037,18.416,14.604,38.0364,0.10084760780503413,37.98,38.238,0.25800000000000267,-0.25800000000000267,37.97026666666667,0.19044490600229505,37.738,38.238,0.5,0.23799999999999955,37.987869565217395,0.20748646982557897,37.727,38.488,0.7610000000000028,0.2530000000000001,-0.33999999999999986,-0.008000000000002672,-0.007946466114640461,,,0,0,0,0
2026-07-24T12:25:35.136740+0000,TS-HB-02,healthy,seminar,predictive-app-788cd796db-kg6k9,15.909,37.984,5,Running,True,seminar-lab-control-plane,,1,1391.418574,15.3168,0.4184669162550311,14.647,15.909,1.2620000000000005,1.2620000000000005,15.450466666666667,1.0708632571694439,14.159,19.037,4.877999999999998,0.33800000000000097,14.762125,3.151930959910395,0.621,19.037,18.416,15.288,37.9856,0.003199999999721025,37.98,37.988,0.008000000000002672,-0.003999999999997783,37.9864,0.18041019926822377,37.738,38.238,0.5,-0.2539999999999978,37.98770833333333,0.20311931615979453,37.727,38.488,0.7610000000000028,0.257000000000005,0.684000000000001,0.0040000000000048885,0.003965726866515505,,,0,0,0,0
2026-07-24T12:26:35.557986+0000,TS-HB-02,healthy,seminar,predictive-app-788cd796db-kg6k9,15.724,37.984,5,Running,True,seminar-lab-control-plane,,1,1451.83982,15.5322,0.2686137747770889,15.225,15.909,0.684000000000001,0.48600000000000065,15.460666666666668,1.072689869233205,14.159,19.037,4.877999999999998,-3.312999999999999,14.8006,3.0939957724599423,0.621,19.037,18.416,15.103,37.9848,0.00299332590912234,37.98,37.988,0.008000000000002672,-0.003999999999997783,37.96946666666666,0.16745541363466385,37.738,38.238,0.5,-0.2459999999999951,37.98756,0.19901679929091495,37.727,38.488,0.7610000000000028,0.257000000000005,-0.1850000000000005,0.0,0.0,,,0,0,0,0
2026-07-24T12:27:36.105435+0000,TS-HB-02,healthy,seminar,predictive-app-788cd796db-kg6k9,14.552,37.984,5,Running,True,seminar-lab-control-plane,,1,1512.387269,15.395,0.4776789716954219,14.552,15.909,1.357000000000001,-1.013,15.161666666666667,0.5134493375419037,14.159,15.909,1.75,-0.2629999999999999,14.791038461538461,3.034289113053934,0.621,19.037,18.416,13.931,37.984,0.0025298221277858675,37.98,37.988,0.008000000000002672,-0.003999999999997783,37.95306666666667,0.15251643263013884,37.738,38.238,0.5,0.0,37.98742307692308,0.19515322837293522,37.727,38.488,0.7610000000000028,0.257000000000005,-1.1720000000000006,0.0,0.0,,,0,0,0,0
2026-07-24T12:28:36.515162+0000,TS-HB-02,healthy,seminar,predictive-app-788cd796db-kg6k9,14.884,37.988,5,Running,True,seminar-lab-control-plane,,1,1572.796996,15.258799999999999,0.5060345442753832,14.552,15.909,1.357000000000001,-0.3409999999999993,15.166266666666667,0.5106242541134198,14.159,15.909,1.75,-0.10200000000000031,14.794481481481482,2.977620182857573,0.621,19.037,18.416,14.263,37.984,0.0025298221277858675,37.98,37.988,0.008000000000002672,0.008000000000002672,37.95333333333333,0.15257377086366125,37.738,38.238,0.5,0.25,37.98744444444445,0.19150521380260266,37.727,38.488,0.7610000000000028,0.2610000000000028,0.33200000000000074,0.003999999999997783,0.003972870130664006,,,0,0,0,0
2026-07-24T12:29:36.919774+0000,TS-HB-02,healthy,seminar,predictive-app-788cd796db-kg6k9,15.759,37.742,5,Running,True,seminar-lab-control-plane,,1,1633.201608,15.3656,0.5426566501942045,14.552,15.909,1.357000000000001,-0.15000000000000036,15.2178,0.5285236292415543,14.159,15.909,1.75,1.5999999999999996,14.828928571428571,2.92943841434999,0.621,19.037,18.416,15.138,37.936400000000006,0.09721234489507809,37.742,37.988,0.24600000000000222,-0.24200000000000443,37.9536,0.15220021900992156,37.738,38.238,0.5,0.0,37.978678571428574,0.19349198092860012,37.727,38.488,0.7610000000000028,0.015000000000000568,0.875,-0.24600000000000222,-0.2443522027755121,,,0,0,0,0
2026-07-24T12:30:37.398827+0000,TS-HB-02,healthy,seminar,predictive-app-788cd796db-kg6k9,14.491,37.992,5,Running,True,seminar-lab-control-plane,,1,1693.680661,15.081999999999999,0.5549554937109763,14.491,15.759,1.2680000000000007,-1.2330000000000005,15.239933333333333,0.48920963014051505,14.491,15.909,1.418000000000001,-0.011000000000001009,14.817275862068966,2.879148112712265,0.621,19.037,18.416,13.87,37.938,0.09804488767906015,37.742,37.992,0.25,0.007999999999995566,37.97026666666667,0.14142299043020976,37.738,38.238,0.5,0.2539999999999978,37.97913793103448,0.190142183485273,37.727,38.488,0.7610000000000028,0.26500000000000057,-1.2680000000000007,0.25,0.24801975652628028,,,0,0,0,0
2026-07-24T12:31:37.820290+0000,TS-HB-02,healthy,seminar,predictive-app-788cd796db-kg6k9,13.961,37.988,5,Running,True,seminar-lab-control-plane,,1,1754.102124,14.729400000000002,0.5937543599839845,13.961,15.759,1.798,-0.5909999999999993,15.203866666666666,0.5574647213551304,13.961,15.909,1.9480000000000004,-1.8829999999999991,14.788733333333333,2.834925571431383,0.621,19.037,18.416,13.34,37.9388,0.09843251495313672,37.742,37.992,0.25,0.003999999999997783,37.98693333333334,0.12707135353371082,37.742,38.238,0.4960000000000022,-0.24199999999999733,37.97943333333333,0.18695305709069274,37.727,38.488,0.7610000000000028,0.2610000000000028,-0.5299999999999994,-0.003999999999997783,-0.003972098457792506,,,0,0,0,0
2026-07-24T12:32:38.306048+0000,TS-HB-02,healthy,seminar,predictive-app-788cd796db-kg6k9,14.738,37.746,5,Running,True,seminar-lab-control-plane,,1,1814.587882,14.7666,0.5872657320157472,13.961,15.759,1.798,-0.1460000000000008,15.130133333333333,0.5408151707273817,13.961,15.909,1.9480000000000004,-0.7759999999999998,15.2593,1.0604874083803772,13.498,19.037,5.539,-1.1750000000000007,37.8912,0.12020382689415471,37.742,37.992,0.25,-0.24199999999999733,37.95466666666667,0.12262608024216096,37.742,38.238,0.4960000000000022,-0.24199999999999733,37.98006666666666,0.18612718471219905,37.738,38.488,0.75,-0.25,0.7769999999999992,-0.24199999999999733,-0.24005651049293025,,,0,0,0,0
2026-07-24T12:33:38.714268+0000,TS-HB-02,healthy,seminar,predictive-app-788cd796db-kg6k9,16.015,37.996,5,Running,True,seminar-lab-control-plane,,1,1874.996102,14.992799999999999,0.7763108655686799,13.961,16.015,2.0540000000000003,0.2560000000000002,15.163533333333332,0.577703368712889,13.961,16.015,2.0540000000000003,0.6270000000000007,15.2627,1.0627388876545967,13.498,19.037,5.539,-1.2330000000000005,37.8928,0.12152761003163073,37.742,37.996,0.2540000000000049,0.2540000000000049,37.9552,0.12278718717087173,37.742,38.238,0.4960000000000022,0.2540000000000049,37.980066666666666,0.18612718471219905,37.738,38.488,0.75,0.012000000000000455,1.277000000000001,0.25,0.24831057760020078,,,0,0,0,0
2026-07-24T12:34:39.287536+0000,TS-HB-02,healthy,seminar,predictive-app-788cd796db-kg6k9,14.289,37.738,5,Running,True,seminar-lab-control-plane,,1,1935.56937,14.6988,0.7056039682428034,13.961,16.015,2.0540000000000003,-0.20199999999999996,15.090266666666668,0.6131895266192615,13.961,16.015,2.0540000000000003,-1.0679999999999996,15.164066666666667,1.0099049108153126,13.498,19.037,5.539,-1.3239999999999998,37.891999999999996,0.12252673177719235,37.738,37.996,0.25800000000000267,-0.2539999999999978,37.95493333333333,0.12325337948939502,37.738,38.238,0.5,-0.5,37.97186666666666,0.19112504341980527,37.738,38.488,0.75,-0.5080000000000027,-1.7260000000000009,-0.25800000000000267,-0.25555827696138433,,,0,0,0,0
2026-07-24T12:35:39.687148+0000,TS-HB-02,healthy,seminar,predictive-app-788cd796db-kg6k9,15.304,37.984,5,Running,True,seminar-lab-control-plane,,1,1995.968982,14.8614,0.7321580703645846,13.961,16.015,2.0540000000000003,1.343,15.086733333333335,0.6117934800422612,13.961,16.015,2.0540000000000003,0.657,15.153766666666666,1.0068448302604618,13.498,19.037,5.539,-1.298,37.8904,0.12125609263043302,37.738,37.996,0.25800000000000267,-0.003999999999997783,37.938,0.09807752036018075,37.738,37.996,0.25800000000000267,-0.003999999999997783,37.96313333333333,0.18426190297749867,37.738,38.488,0.75,0.23400000000000176,1.0150000000000006,0.24600000000000222,0.24437243073680892,,,0,0,0,0
2026-07-24T12:36:40.195581+0000,TS-HB-02,healthy,seminar,predictive-app-788cd796db-kg6k9,13.633,37.738,5,Running,True,seminar-lab-control-plane,,1,2056.477415,14.7958,0.8193908469100643,13.633,16.015,2.3820000000000014,-1.1050000000000004,15.019133333333333,0.7054926285149179,13.633,16.015,2.3820000000000014,-1.6050000000000004,15.0548,1.005544873853638,13.498,19.037,5.539,-0.18600000000000172,37.8404,0.12224172773648405,37.738,37.996,0.25800000000000267,-0.008000000000002672,37.92133333333334,0.10881829911473753,37.738,37.996,0.25800000000000267,-0.25,37.96273333333333,0.18473655717143755,37.738,38.488,0.75,-0.75,-1.6710000000000012,-0.24600000000000222,-0.2439329407191909,,,0,0,0,0
2026-07-24T12:37:40.616877+0000,TS-HB-02,healthy,seminar,predictive-app-788cd796db-kg6k9,14.738,37.742,5,Running,True,seminar-lab-control-plane,,1,2116.898711,14.7958,0.8193908469100643,13.633,16.015,2.3820000000000014,-1.277000000000001,14.9858,0.7061758232432859,13.633,16.015,2.3820000000000014,-0.827,15.085433333333333,0.9811323962080167,13.498,19.037,5.539,0.07699999999999996,37.8396,0.12286838486771508,37.738,37.996,0.25800000000000267,-0.2540000000000049,37.90493333333334,0.1158455676992364,37.738,37.996,0.25800000000000267,-0.24600000000000222,37.937866666666665,0.16104817774677327,37.738,38.238,0.5,-0.24600000000000222,1.1050000000000004,0.003999999999997783,0.003972109436379302,,,0,0,0,0
2026-07-24T12:38:41.103695+0000,TS-HB-02,healthy,seminar,predictive-app-788cd796db-kg6k9,14.979,37.992,5,Running,True,seminar-lab-control-plane,,1,2177.385529,14.5886,0.5812849903446597,13.633,15.304,1.6710000000000012,0.6899999999999995,14.946733333333333,0.6890546632081438,13.633,16.015,2.3820000000000014,-0.24600000000000044,15.096033333333335,0.9782030628771401,13.498,19.037,5.539,1.4809999999999999,37.838800000000006,0.12185630882314036,37.738,37.992,0.2539999999999978,0.2539999999999978,37.9052,0.11604091232550741,37.738,37.996,0.25800000000000267,0.012000000000000455,37.937999999999995,0.1610912784727985,37.738,38.238,0.5,0.003999999999997783,0.24099999999999966,0.25,0.2479879169706034,,,0,0,0,0
2026-07-24T12:39:41.502027+0000,TS-HB-02,healthy,seminar,predictive-app-788cd796db-kg6k9,14.306,37.984,5,Running,True,seminar-lab-control-plane,,1,2237.783861,14.591999999999999,0.5795698404851577,13.633,15.304,1.6710000000000012,-0.9980000000000011,14.885466666666666,0.702317484396401,13.633,16.015,2.3820000000000014,-1.6030000000000015,15.122966666666665,0.9443713423342632,13.633,19.037,5.404,-0.2530000000000001,37.888,0.1208834149087465,37.738,37.992,0.2539999999999978,0.0,37.90546666666667,0.11621696185249819,37.738,37.996,0.25800000000000267,0.0,37.937866666666665,0.16105148935114802,37.738,38.238,0.5,0.24200000000000443,-0.673,-0.007999999999995566,-0.007947239337664721,,,0,0,0,0
2026-07-24T12:40:41.889580+0000,TS-HB-02,healthy,seminar,predictive-app-788cd796db-kg6k9,14.861,37.742,5,Running,True,seminar-lab-control-plane,,1,2298.171414,14.5034,0.49105462017986407,13.633,14.979,1.346,1.2280000000000015,14.8156,0.6469675726031409,13.633,16.015,2.3820000000000014,-0.8629999999999995,15.133033333333334,0.9399050478047688,13.633,19.037,5.404,-0.7099999999999991,37.839600000000004,0.12120330028510196,37.738,37.992,0.2539999999999978,0.003999999999997783,37.889333333333326,0.12089812056255819,37.738,37.996,0.25800000000000267,-0.24200000000000443,37.937866666666665,0.16105148935114802,37.738,38.238,0.5,-0.4960000000000022,0.5550000000000015,-0.24200000000000443,-0.24044690136724478,,,0,0,0,0
2026-07-24T12:41:42.393031+0000,TS-HB-02,healthy,seminar,predictive-app-788cd796db-kg6k9,14.176,37.984,5,Running,True,seminar-lab-control-plane,,1,2358.674865,14.612,0.3150549158480005,14.176,14.979,0.802999999999999,-0.5619999999999994,14.712399999999999,0.6165846576099674,13.633,16.015,2.3820000000000014,-0.37599999999999945,15.086533333333334,0.9515229103331587,13.633,19.037,5.404,-4.860999999999999,37.8888,0.11989728937719957,37.742,37.992,0.25,0.24200000000000443,37.88933333333333,0.12089812056255819,37.738,37.996,0.25800000000000267,0.0,37.9294,0.1514403292829696,37.738,38.238,0.5,-0.2459999999999951,-0.6850000000000005,0.24200000000000443,0.23998631086349545,,,0,0,0,0
2026-07-24T12:42:42.871113+0000,TS-HB-02,healthy,seminar,predictive-app-788cd796db-kg6k9,15.106,38.23,5,Running,True,seminar-lab-control-plane,,1,2419.152947,14.685599999999999,0.37346303699294164,14.176,15.106,0.9299999999999997,0.12700000000000067,14.749333333333333,0.6224350747043603,13.633,16.015,2.3820000000000014,0.22199999999999953,14.9555,0.6066568360009319,13.633,16.015,2.3820000000000014,0.29100000000000037,37.986399999999996,0.15434714121096418,37.742,38.23,0.48799999999999955,0.23799999999999955,37.90573333333334,0.14658397668989873,37.738,38.23,0.49199999999999733,0.24199999999999733,37.9294,0.1514403292829696,37.738,38.238,0.5,0.2459999999999951,0.9299999999999997,0.2459999999999951,0.24405535876616766,,,0,0,0,0
2026-07-24T12:43:43.384577+0000,TS-HB-02,healthy,seminar,predictive-app-788cd796db-kg6k9,16.398,38.242,5,Running,True,seminar-lab-control-plane,,1,2479.666411,14.969400000000002,0.7925769615627204,14.176,16.398,2.2219999999999995,2.0920000000000005,14.850266666666668,0.746482191497039,13.633,16.398,2.7650000000000006,0.6389999999999993,15.008266666666666,0.6587491142730675,13.633,16.398,2.7650000000000006,1.411999999999999,38.0364,0.18542664317728497,37.742,38.242,0.5,0.25799999999999557,37.92266666666667,0.16818825431310785,37.738,38.242,0.5039999999999978,0.5,37.937999999999995,0.1613013742450263,37.738,38.242,0.5039999999999978,0.5039999999999978,1.2919999999999998,0.012000000000000455,0.011898178560725383,,,0,0,0,0
2026-07-24T12:44:43.804164+0000,TS-HB-02,healthy,seminar,predictive-app-788cd796db-kg6k9,14.967,37.996,5,Running,True,seminar-lab-control-plane,,1,2540.085998,15.1016,0.7229679384315705,14.176,16.398,2.2219999999999995,0.10599999999999987,14.797466666666667,0.7073211309032286,13.633,16.398,2.7650000000000006,0.47600000000000087,15.007633333333334,0.6587793501789635,13.633,16.398,2.7650000000000006,0.8079999999999998,38.038799999999995,0.1848095235641176,37.742,38.242,0.5,0.2540000000000049,37.9396,0.16181174246636443,37.738,38.242,0.5039999999999978,0.0040000000000048885,37.946600000000004,0.15723540737802622,37.738,38.242,0.5039999999999978,0.2540000000000049,-1.4309999999999992,-0.2459999999999951,-0.2442916400603617,,,0,0,0,0
2026-07-24T12:45:44.255872+0000,TS-HB-02,healthy,seminar,predictive-app-788cd796db-kg6k9,15.222,37.746,5,Running,True,seminar-lab-control-plane,,1,2600.537706,15.1738,0.7132961236401021,14.176,16.398,2.2219999999999995,1.0459999999999994,14.846200000000001,0.7097055915424835,13.633,16.398,2.7650000000000006,1.2609999999999992,15.043066666666668,0.6405158303187239,13.633,16.398,2.7650000000000006,0.7199999999999989,38.03959999999999,0.18352721868975144,37.746,38.242,0.4959999999999951,-0.23799999999999955,37.923199999999994,0.16801714198260168,37.738,38.242,0.5039999999999978,-0.24199999999999733,37.946733333333334,0.15706345497565413,37.738,38.242,0.5039999999999978,0.008000000000002672,0.254999999999999,-0.25,-0.24813194690876228,,,0,0,0,0
2026-07-24T12:46:44.630534+0000,TS-HB-02,healthy,seminar,predictive-app-788cd796db-kg6k9,15.965,37.992,5,Running,True,seminar-lab-control-plane,,1,2660.912368,15.531600000000001,0.5539395634904588,14.967,16.398,1.4309999999999992,0.859,14.979800000000001,0.7190563445702052,13.633,16.398,2.7650000000000006,1.2270000000000003,15.091833333333334,0.6530359399672307,13.633,16.398,2.7650000000000006,0.12100000000000044,38.0412,0.18306982274530087,37.746,38.242,0.4959999999999951,-0.23799999999999955,37.92346666666666,0.16812291799620077,37.738,38.242,0.5039999999999978,0.2459999999999951,37.9552,0.15235887459110148,37.738,38.242,0.5039999999999978,-0.23799999999999955,0.7430000000000003,0.2459999999999951,0.2444734183356539,,,0,0,0,0
2026-07-24T12:47:45.377963+0000,TS-HB-02,healthy,seminar,predictive-app-788cd796db-kg6k9,15.129,37.988,5,Running,True,seminar-lab-control-plane,,1,2721.659797,15.5362,0.550470852997686,14.967,16.398,1.4309999999999992,-1.2690000000000001,15.005866666666666,0.7169022124545447,13.633,16.398,2.7650000000000006,-0.886000000000001,15.068000000000001,0.6380246599204942,13.633,16.398,2.7650000000000006,-0.3849999999999998,37.9928,0.15687243224989275,37.746,38.242,0.4959999999999951,-0.2539999999999978,37.9396,0.16181174246636415,37.738,38.242,0.5039999999999978,-0.008000000000002672,37.94713333333333,0.14375969146074757,37.738,38.242,0.5039999999999978,0.0,-0.8360000000000003,-0.003999999999997783,-0.003950784485049845,,,0,0,0,0
2026-07-24T12:48:45.745618+0000,TS-HB-02,healthy,seminar,predictive-app-788cd796db-kg6k9,15.34,37.988,5,Running,True,seminar-lab-control-plane,,1,2782.027452,15.3246,0.34264068643405116,14.967,15.965,0.9979999999999993,0.37299999999999933,14.960866666666668,0.6719202201319895,13.633,16.398,2.7650000000000006,1.0510000000000002,15.062199999999999,0.6347262612076661,13.633,16.398,2.7650000000000006,-0.04800000000000004,37.942,0.09804488767905432,37.746,37.996,0.25,-0.008000000000002672,37.93906666666667,0.16163805932460087,37.738,38.242,0.5039999999999978,0.25,37.94713333333333,0.14375969146074757,37.738,38.242,0.5039999999999978,0.24600000000000222,0.2110000000000003,0.0,0.0,,,0,0,0,0
2026-07-24T12:49:46.401491+0000,TS-HB-02,healthy,seminar,predictive-app-788cd796db-kg6k9,17.12,38.234,5,Running,True,seminar-lab-control-plane,,1,2842.683325,15.755200000000002,0.7423630917549731,15.129,17.12,1.9910000000000014,1.8980000000000015,15.1496,0.8345976915057127,13.633,17.12,3.487000000000002,1.8160000000000007,15.119933333333332,0.7329102688748591,13.633,17.12,3.487000000000002,1.7630000000000017,37.989599999999996,0.15432640733198638,37.746,38.234,0.48799999999999955,0.48799999999999955,37.97213333333333,0.1677418121863333,37.738,38.242,0.5039999999999978,0.25,37.96353333333333,0.14743919273909503,37.738,38.242,0.5039999999999978,-0.003999999999997783,1.7800000000000011,0.24600000000000222,0.2433399977608126,,,0,0,0,0
2026-07-24T12:50:46.791509+0000,TS-HB-02,healthy,seminar,predictive-app-788cd796db-kg6k9,15.031,37.984,5,Running,True,seminar-lab-control-plane,,1,2903.073343,15.717000000000002,0.773095336941054,15.031,17.12,2.0890000000000004,-0.9339999999999993,15.131400000000001,0.8340086969970186,13.633,17.12,3.487000000000002,1.3980000000000015,15.109066666666667,0.7317305940181935,13.633,17.12,3.487000000000002,0.38400000000000034,38.0372,0.0984325149531302,37.984,38.234,0.25,-0.007999999999995566,37.97213333333333,0.1677418121863333,37.738,38.242,0.5039999999999978,0.24600000000000222,37.95506666666667,0.1384540677946636,37.738,38.242,0.5039999999999978,-0.003999999999997783,-2.0890000000000004,-0.25,-0.2483854202527312,,,0,0,0,0
2026-07-24T12:51:47.292692+0000,TS-HB-02,healthy,seminar,predictive-app-788cd796db-kg6k9,14.006,37.746,5,Running,True,seminar-lab-control-plane,,1,2963.574526,15.3252,1.0086488784507708,14.006,17.12,3.1140000000000008,-1.1229999999999993,15.156266666666669,0.7935407964027769,14.006,17.12,3.1140000000000008,-0.7319999999999993,15.087700000000002,0.7539328948918438,13.633,17.12,3.487000000000002,-1.2319999999999993,37.988,0.154334701217833,37.746,38.234,0.48799999999999955,-0.24199999999999733,37.97266666666666,0.16700765118866548,37.742,38.242,0.5,0.0040000000000048885,37.947,0.14326641848900568,37.738,38.242,0.5039999999999978,-0.24199999999999733,-1.0250000000000004,-0.23799999999999955,-0.23602844261739434,,,0,0,0,0
2026-07-24T12:52:47.690094+0000,TS-HB-02,healthy,seminar,predictive-app-788cd796db-kg6k9,16.506,37.992,5,Running,True,seminar-lab-control-plane,,1,3023.971928,15.6006,1.101220341257825,14.006,17.12,3.1140000000000008,1.1660000000000004,15.274133333333335,0.8518235237157711,14.006,17.12,3.1140000000000008,1.527000000000001,15.129966666666666,0.7955676163735038,13.633,17.12,3.487000000000002,0.9410000000000007,37.9888,0.1543429946579947,37.746,38.234,0.48799999999999955,0.003999999999997783,37.989333333333335,0.15521454685548758,37.742,38.242,0.5,0.0,37.94713333333333,0.14330636955681972,37.738,38.242,0.5039999999999978,0.003999999999997783,2.5,0.2459999999999951,0.24438137256300704,,,0,0,0,0
2026-07-24T12:53:48.214027+0000,TS-HB-02,healthy,seminar,predictive-app-788cd796db-kg6k9,14.796,37.996,5,Running,True,seminar-lab-control-plane,,1,3084.495861,15.491800000000001,1.147494034842883,14.006,17.12,3.1140000000000008,-2.3240000000000016,15.261933333333333,0.857256279585566,14.006,17.12,3.1140000000000008,0.4900000000000002,15.104333333333333,0.7935238426719671,13.633,17.12,3.487000000000002,-0.42900000000000027,37.9904,0.15436787230508098,37.746,38.234,0.48799999999999955,-0.23799999999999955,37.9896,0.15522233516260514,37.742,38.242,0.5,0.012000000000000455,37.9474,0.14338958586080638,37.738,38.242,0.5039999999999978,0.016000000000005343,-1.7100000000000009,0.0040000000000048885,0.00396537349944349,,,0,0,0,0
2026-07-24T12:54:48.743152+0000,TS-HB-02,healthy,seminar,predictive-app-788cd796db-kg6k9,15.504,38.238,5,Running,True,seminar-lab-control-plane,,1,3145.024986,15.168600000000001,0.825897717638205,14.006,16.506,2.5,0.472999999999999,15.341800000000001,0.8194482859420295,14.006,17.12,3.1140000000000008,0.6429999999999989,15.113633333333333,0.7965128366127472,13.633,17.12,3.487000000000002,-0.40500000000000114,37.991200000000006,0.15563341543510897,37.746,38.238,0.49199999999999733,0.2539999999999978,38.00653333333333,0.16708874554824782,37.742,38.242,0.5,0.4960000000000022,37.956,0.1525324009295522,37.738,38.242,0.5039999999999978,0.2539999999999978,0.7080000000000002,0.24199999999999733,0.23988451840332795,,,0,0,0,0
2026-07-24T12:55:49.219414+0000,TS-HB-02,healthy,seminar,predictive-app-788cd796db-kg6k9,14.62,37.992,5,Running,True,seminar-lab-control-plane,,1,3205.501248,15.086400000000001,0.8554272850453133,14.006,16.506,2.5,0.613999999999999,15.325733333333334,0.8309988741802757,14.006,17.12,3.1140000000000008,0.44399999999999906,15.070666666666666,0.7871607770264499,13.633,17.12,3.487000000000002,-1.104000000000001,37.9928,0.1555922877266004,37.746,38.238,0.49199999999999733,0.2459999999999951,38.0232,0.15162374484228228,37.746,38.242,0.4959999999999951,0.007999999999995566,37.95626666666667,0.1525881020554657,37.738,38.242,0.5039999999999978,0.007999999999995566,-0.8840000000000003,-0.24600000000000222,-0.24406270347860012,,,0,0,0,0
2026-07-24T12:56:49.725978+0000,TS-HB-02,healthy,seminar,predictive-app-788cd796db-kg6k9,15.416,37.992,5,Running,True,seminar-lab-control-plane,,1,3266.007812,15.3684,0.6637064411319196,14.62,16.506,1.886000000000001,-1.0899999999999999,15.4084,0.772102825621905,14.006,17.12,3.1140000000000008,0.3100000000000005,15.0604,0.7805534617607317,13.633,17.12,3.487000000000002,0.8640000000000008,38.041999999999994,0.09801224413304983,37.992,38.238,0.24600000000000222,0.0,38.02373333333333,0.1514989402236412,37.746,38.242,0.4959999999999951,-0.23799999999999955,37.95653333333333,0.15264331699168016,37.738,38.242,0.5039999999999978,0.007999999999995566,0.7960000000000012,0.0,0.0,,,0,0,0,0
2026-07-24T12:57:50.230325+0000,TS-HB-02,healthy,seminar,predictive-app-788cd796db-kg6k9,15.073,38.242,5,Running,True,seminar-lab-control-plane,,1,3326.512159,15.081799999999998,0.34204116711295957,14.62,15.504,0.8840000000000003,0.277000000000001,15.406200000000002,0.7730078222976335,14.006,17.12,3.1140000000000008,-1.3249999999999993,15.077766666666665,0.7748236652440462,13.633,17.12,3.487000000000002,0.18900000000000006,38.092,0.12085694022270932,37.992,38.242,0.25,0.2459999999999951,38.02453333333333,0.15261361523649547,37.746,38.242,0.4959999999999951,0.0,37.965133333333334,0.16098835016512686,37.738,38.242,0.5039999999999978,0.2539999999999978,-0.34299999999999997,0.25,0.2479160712204695,,,0,0,0,0
2026-07-24T12:58:50.609576+0000,TS-HB-02,healthy,seminar,predictive-app-788cd796db-kg6k9,15.651,37.992,5,Running,True,seminar-lab-control-plane,,1,3386.89141,15.252799999999999,0.3690698578860064,14.62,15.651,1.0310000000000006,0.14700000000000024,15.356399999999999,0.7303960386895112,14.006,17.12,3.1140000000000008,0.6839999999999993,15.103333333333332,0.7806406058843927,13.633,17.12,3.487000000000002,-0.10800000000000054,38.0912,0.12150127571345003,37.992,38.242,0.25,-0.24600000000000222,38.007866666666665,0.14117689455273336,37.746,38.242,0.4959999999999951,-0.0040000000000048885,37.965266666666665,0.16100888864352436,37.738,38.242,0.5039999999999978,0.25,0.5779999999999994,-0.25,-0.24842971304827877,,,0,0,0,0
2026-07-24T12:59:51.135833+0000,TS-HB-02,healthy,seminar,predictive-app-788cd796db-kg6k9,15.025,38.238,5,Running,True,seminar-lab-control-plane,,1,3447.417667,15.157,0.3532608101672135,14.62,15.651,1.0310000000000006,0.40500000000000114,15.360266666666666,0.7284753454228121,14.006,17.12,3.1140000000000008,-0.19699999999999918,15.078866666666668,0.7711521999939773,13.633,17.12,3.487000000000002,0.5340000000000007,38.0912,0.12150127571345003,37.992,38.242,0.25,0.24600000000000222,38.024,0.15228919856640427,37.746,38.242,0.4959999999999951,0.49199999999999733,37.9818,0.16269099544843,37.738,38.242,0.5039999999999978,0.24600000000000222,-0.6259999999999994,0.24600000000000222,0.24386110642857253,,,0,0,0,0
2026-07-24T13:00:51.582400+0000,TS-HB-02,healthy,seminar,predictive-app-788cd796db-kg6k9,13.86,38.238,5,Running,True,seminar-lab-control-plane,,1,3507.864234,15.004999999999999,0.6168121269884331,13.86,15.651,1.7910000000000004,-1.556000000000001,15.269466666666666,0.8192743835587395,13.86,17.12,3.2600000000000016,-2.1050000000000004,15.057833333333331,0.7951320260742138,13.633,17.12,3.487000000000002,-0.10100000000000087,38.1404,0.12117689548752512,37.992,38.242,0.25,0.24600000000000222,38.0568,0.1414813061856491,37.746,38.242,0.4959999999999951,0.24600000000000222,37.99,0.16907276539999358,37.738,38.242,0.5039999999999978,0.25,-1.165000000000001,0.0,0.0,,,0,0,0,0
2026-07-24T13:01:52.036212+0000,TS-HB-02,healthy,seminar,predictive-app-788cd796db-kg6k9,14.702,38.242,5,Running,True,seminar-lab-control-plane,,1,3568.318046,14.862200000000001,0.587062994916213,13.86,15.651,1.7910000000000004,-0.37100000000000044,15.185266666666667,0.808293054666573,13.86,17.12,3.2600000000000016,-0.4269999999999996,15.082533333333334,0.77184453241713,13.633,17.12,3.487000000000002,-0.03599999999999959,38.1904,0.099216127721218,37.992,38.242,0.25,0.0,38.07346666666667,0.14746473778122743,37.746,38.242,0.4959999999999951,0.2539999999999978,37.998466666666666,0.1750159484796274,37.738,38.242,0.5039999999999978,0.4959999999999951,0.8420000000000005,0.003999999999997783,0.003969972977053407,,,0,0,0,0
2026-07-24T13:02:52.522368+0000,TS-HB-02,healthy,seminar,predictive-app-788cd796db-kg6k9,14.05,37.988,5,Running,True,seminar-lab-control-plane,,1,3628.804202,14.657599999999999,0.652555162419233,13.86,15.651,1.7910000000000004,-1.600999999999999,15.113333333333333,0.8566645914371737,13.86,17.12,3.2600000000000016,-1.2899999999999991,15.0596,0.7917062418178403,13.633,17.12,3.487000000000002,-1.9649999999999999,38.139599999999994,0.12216316957248011,37.988,38.242,0.2539999999999978,-0.003999999999997783,38.07346666666667,0.14746473778122743,37.746,38.242,0.4959999999999951,0.0,38.00653333333334,0.1686550193606971,37.738,38.242,0.5039999999999978,-0.008000000000002672,-0.6519999999999992,-0.2539999999999978,-0.25195848121014447,,,0,0,0,0
2026-07-24T13:03:52.938339+0000,TS-HB-02,healthy,seminar,predictive-app-788cd796db-kg6k9,14.786,37.988,5,Running,True,seminar-lab-control-plane,,1,3689.220173,14.4846,0.4492525347730269,13.86,15.025,1.165000000000001,-0.23900000000000077,15.0764,0.8580373573840853,13.86,17.12,3.2600000000000016,-2.3340000000000014,15.018633333333332,0.7727803259802989,13.633,17.12,3.487000000000002,0.4969999999999999,38.138799999999996,0.1231363471928353,37.988,38.242,0.2539999999999978,-0.25,38.07346666666667,0.14746473778122743,37.746,38.242,0.4959999999999951,-0.24600000000000222,38.00626666666666,0.1686777861947361,37.738,38.242,0.5039999999999978,0.25,0.7359999999999989,0.0,0.0,,,0,0,0,0
2026-07-24T13:04:53.403308+0000,TS-HB-02,healthy,seminar,predictive-app-788cd796db-kg6k9,16.767,38.238,5,Running,True,seminar-lab-control-plane,,1,3749.685142,14.832999999999998,1.0314595484070097,13.86,16.767,2.907,2.907,15.052866666666667,0.8048578231933594,13.86,16.767,2.907,1.7359999999999989,15.101233333333333,0.8212880405531005,13.633,17.12,3.487000000000002,1.4629999999999992,38.138799999999996,0.1231363471928353,37.988,38.242,0.2539999999999978,0.0,38.07373333333333,0.1477581206642106,37.746,38.242,0.4959999999999951,0.2539999999999978,38.02293333333333,0.16602869899174302,37.738,38.242,0.5039999999999978,0.2539999999999978,1.9809999999999999,0.25,0.248077527336531,,,0,0,0,0
2026-07-24T13:05:53.898583+0000,TS-HB-02,healthy,seminar,predictive-app-788cd796db-kg6k9,15.393,38.234,5,Running,True,seminar-lab-control-plane,,1,3810.180417,15.139600000000002,0.9183024774005542,14.05,16.767,2.7169999999999987,0.6910000000000007,15.076999999999998,0.8092555426645718,13.86,16.767,2.907,1.3870000000000005,15.1042,0.8221753827499311,13.633,17.12,3.487000000000002,1.7600000000000016,38.138,0.12250061224334646,37.988,38.242,0.2539999999999978,-0.007999999999995566,38.0904,0.15076551329795937,37.746,38.242,0.4959999999999951,0.48799999999999955,38.03126666666667,0.17008976714926455,37.738,38.242,0.5039999999999978,0.4960000000000022,-1.3739999999999988,-0.003999999999997783,-0.003967251987859663,,,0,0,0,0
2026-07-24T13:06:54.377740+0000,TS-HB-02,healthy,seminar,predictive-app-788cd796db-kg6k9,14.626,38.246,5,Running,True,seminar-lab-control-plane,,1,3870.659574,15.1244,0.9260165441286647,14.05,16.767,2.7169999999999987,0.5759999999999987,15.118333333333332,0.76829470618738,13.86,16.767,2.907,-1.8800000000000008,15.1373,0.7812500303999967,13.86,17.12,3.2600000000000016,-0.1120000000000001,38.1388,0.12318831113378813,37.988,38.246,0.25800000000000267,0.25800000000000267,38.123733333333334,0.12379739720831263,37.988,38.246,0.25800000000000267,0.2540000000000049,38.048199999999994,0.16526935590121536,37.742,38.246,0.5040000000000049,0.5040000000000049,-0.7670000000000012,0.012000000000000455,0.011904927841504593,,,0,0,0,0
2026-07-24T13:07:54.757192+0000,TS-HB-02,healthy,seminar,predictive-app-788cd796db-kg6k9,15.52,38.242,5,Running,True,seminar-lab-control-plane,,1,3931.039026,15.4184,0.7559784653017557,14.626,16.767,2.141,0.734,15.052600000000002,0.6843515470867276,13.86,16.767,2.907,0.7240000000000002,15.163366666666665,0.7805379120979443,13.86,17.12,3.2600000000000016,0.5410000000000004,38.1896,0.10087933385978498,37.988,38.246,0.25800000000000267,0.2539999999999978,38.1404,0.12175209786007966,37.988,38.246,0.25800000000000267,0.2459999999999951,38.06486666666667,0.15862802050360378,37.742,38.246,0.5040000000000049,0.25,0.8940000000000001,-0.0040000000000048885,-0.003974862176627461,,,0,0,0,0
2026-07-24T13:08:55.399817+0000,TS-HB-02,healthy,seminar,predictive-app-788cd796db-kg6k9,17.357,37.992,5,Running,True,seminar-lab-control-plane,,1,3991.681651,15.932600000000003,0.9893178660066745,14.626,17.357,2.731,0.5899999999999999,15.223333333333333,0.8881525144303113,13.86,17.357,3.497,1.8529999999999998,15.242633333333334,0.8730544650185837,13.86,17.357,3.497,3.051,38.1904,0.09928061240742854,37.992,38.246,0.2540000000000049,-0.24600000000000222,38.14013333333333,0.12207203702002922,37.988,38.246,0.25800000000000267,-0.24600000000000222,38.06486666666667,0.15862802050360378,37.742,38.246,0.5040000000000049,0.007999999999995566,1.8369999999999997,-0.25,-0.24735077018846066,,,0,0,0,0
2026-07-24T13:09:55.796136+0000,TS-HB-02,healthy,seminar,predictive-app-788cd796db-kg6k9,14.667,37.746,5,Running,True,seminar-lab-control-plane,,1,4052.07797,15.5126,0.9916924119907333,14.626,17.357,2.731,-0.7260000000000009,15.167533333333333,0.8950326524149189,13.86,17.357,3.497,0.0470000000000006,15.254666666666667,0.8624857615571897,13.86,17.357,3.497,-0.19400000000000084,38.092,0.19803838011858915,37.746,38.246,0.5,-0.48799999999999955,38.10733333333334,0.1534382249926205,37.746,38.246,0.5,-0.2459999999999951,38.05693333333333,0.16814020604510865,37.742,38.246,0.5040000000000049,0.0040000000000048885,-2.6899999999999995,-0.2459999999999951,-0.24438575470137025,,,0,0,0,0
2026-07-24T13:10:56.293570+0000,TS-HB-02,healthy,seminar,predictive-app-788cd796db-kg6k9,15.857,38.23,5,Running,True,seminar-lab-control-plane,,1,4112.575404,15.6054,0.9978494074758971,14.626,17.357,2.731,1.2309999999999999,15.25,0.8977680472519957,13.86,17.357,3.497,0.44099999999999895,15.287866666666668,0.8658563288572874,13.86,17.357,3.497,1.6809999999999992,38.0912,0.19747040284557696,37.746,38.246,0.5,-0.016000000000005343,38.1232,0.1529963833995112,37.746,38.246,0.5,0.23799999999999955,38.0732,0.16030853585093197,37.746,38.246,0.5,0.2459999999999951,1.1899999999999995,0.48399999999999466,0.48002035921060193,,,0,0,0,0
2026-07-24T13:11:56.697940+0000,TS-HB-02,healthy,seminar,predictive-app-788cd796db-kg6k9,15.006,38.234,5,Running,True,seminar-lab-control-plane,,1,4172.979774,15.6814,0.9327050123163265,14.667,17.357,2.6899999999999995,-0.5139999999999993,15.222666666666667,0.8985390117048623,13.86,17.357,3.497,-0.06700000000000017,15.315533333333331,0.8428414929405286,13.86,17.357,3.497,-0.09999999999999964,38.0888,0.19563885094733738,37.746,38.242,0.4959999999999951,-0.007999999999995566,38.139333333333326,0.15105789912773734,37.746,38.246,0.5,-0.007999999999995566,38.08153333333333,0.16194458585853339,37.746,38.246,0.5,0.0040000000000048885,-0.8509999999999991,0.0040000000000048885,0.00397322246718728,,,0,0,0,0
2026-07-24T13:12:57.240822+0000,TS-HB-02,healthy,seminar,predictive-app-788cd796db-kg6k9,14.631,37.988,5,Running,True,seminar-lab-control-plane,,1,4233.522656,15.5036,1.026539741071917,14.631,17.357,2.725999999999999,-2.725999999999999,15.1932,0.9101366344309676,13.86,17.357,3.497,-1.0199999999999996,15.2997,0.8510506114992986,13.86,17.357,3.497,-1.7669999999999995,38.038,0.1817470770053682,37.746,38.234,0.48799999999999955,-0.003999999999997783,38.1224,0.15282617576840948,37.746,38.246,0.5,-0.003999999999997783,38.07346666666667,0.16036785491142486,37.746,38.246,0.5,-0.2539999999999978,-0.375,-0.24600000000000222,-0.24379414247244016,,,0,0,0,0
2026-07-24T13:13:57.717992+0000,TS-HB-02,healthy,seminar,predictive-app-788cd796db-kg6k9,15.981,38.242,5,Running,True,seminar-lab-control-plane,,1,4293.999826,15.228399999999999,0.580183281386148,14.631,15.981,1.3499999999999996,1.314,15.215200000000001,0.9248069492241765,13.86,17.357,3.497,0.9559999999999995,15.2858,0.8362759672101848,13.86,17.357,3.497,1.0139999999999993,38.088,0.19604081207747098,37.746,38.242,0.4959999999999951,0.4959999999999951,38.139066666666665,0.15132105677075816,37.746,38.246,0.5,0.003999999999997783,38.07346666666667,0.16036785491142486,37.746,38.246,0.5,0.2459999999999951,1.3499999999999996,0.2539999999999978,0.2519959184598067,,,0,0,0,0
2026-07-24T13:14:58.222128+0000,TS-HB-02,healthy,seminar,predictive-app-788cd796db-kg6k9,14.802,37.746,5,Running,True,seminar-lab-control-plane,,1,4354.503962,15.2554,0.5560692762597106,14.631,15.981,1.3499999999999996,-1.0549999999999997,15.200333333333333,0.9295253747059397,13.86,17.357,3.497,0.9420000000000002,15.2803,0.838893046420895,13.86,17.357,3.497,-0.41999999999999993,38.088,0.19604081207747098,37.746,38.242,0.4959999999999951,-0.48399999999999466,38.10626666666667,0.17739728170282676,37.746,38.246,0.5,-0.49199999999999733,38.06513333333333,0.17036093709794972,37.746,38.246,0.5,0.0,-1.1790000000000003,-0.4959999999999951,-0.491867200615834,,,0,0,0,0
2026-07-24T13:15:58.646866+0000,TS-HB-02,healthy,seminar,predictive-app-788cd796db-kg6k9,14.378,38.492,5,Running,True,seminar-lab-control-plane,,1,4414.9287,14.9596,0.5507241051561091,14.378,15.981,1.6029999999999998,-0.6280000000000001,15.234866666666667,0.887772933931992,14.05,17.357,3.3069999999999986,-0.32399999999999984,15.252166666666666,0.8543857084999054,13.86,17.357,3.497,-1.5869999999999997,38.1404,0.25356782130229655,37.746,38.492,0.7459999999999951,0.25799999999999557,38.1232,0.19986368688015796,37.746,38.492,0.7459999999999951,0.25,38.09,0.1763050386876956,37.746,38.492,0.7459999999999951,0.5,-0.4239999999999995,0.7459999999999951,0.7407562114708666,,,0,0,0,0
2026-07-24T13:16:59.176194+0000,TS-HB-02,healthy,seminar,predictive-app-788cd796db-kg6k9,15.403,38.48,5,Running,True,seminar-lab-control-plane,,1,4475.458028,15.038999999999998,0.5795539664259037,14.378,15.981,1.6029999999999998,0.7720000000000002,15.2816,0.8768760307667941,14.05,17.357,3.3069999999999986,1.3529999999999998,15.233433333333334,0.8446565251956275,13.86,17.357,3.497,0.2740000000000009,38.1896,0.2884257963497587,37.746,38.492,0.7459999999999951,0.49199999999999733,38.139066666666665,0.2173474842018773,37.746,38.492,0.7459999999999951,0.49199999999999733,38.10626666666667,0.1885967361565208,37.746,38.492,0.7459999999999951,0.49199999999999733,1.0250000000000004,-0.012000000000000455,-0.011895060192970047,,,0,0,0,0
2026-07-24T13:17:59.683364+0000,TS-HB-02,healthy,seminar,predictive-app-788cd796db-kg6k9,15.41,37.992,5,Running,True,seminar-lab-control-plane,,1,4535.965198,15.1948,0.5530321509641172,14.378,15.981,1.6029999999999998,-0.5709999999999997,15.372266666666667,0.8128146542860897,14.378,17.357,2.978999999999999,0.6240000000000006,15.242799999999999,0.8450044733609381,13.86,17.357,3.497,0.07000000000000028,38.1904,0.28787052645241845,37.746,38.492,0.7459999999999951,-0.25,38.13933333333333,0.21716435148419738,37.746,38.492,0.7459999999999951,0.003999999999997783,38.1064,0.1885144733612518,37.746,38.492,0.7459999999999951,0.003999999999997783,0.006999999999999673,-0.48799999999999955,-0.48390959286312635,,,0,0,0,0
2026-07-24T13:19:00.184911+0000,TS-HB-02,healthy,seminar,predictive-app-788cd796db-kg6k9,15.599,38.0,5,Running,True,seminar-lab-control-plane,,1,4596.466745,15.1184,0.4572319323931761,14.378,15.599,1.221,0.7970000000000006,15.426466666666668,0.798901317783084,14.378,17.357,2.978999999999999,-1.1679999999999993,15.251433333333333,0.8472734971004847,13.86,17.357,3.497,-1.5210000000000008,38.142,0.29537230743587556,37.746,38.492,0.7459999999999951,0.2539999999999978,38.14013333333333,0.21662682710647513,37.746,38.492,0.7459999999999951,-0.23799999999999955,38.1068,0.18827540111939775,37.746,38.492,0.7459999999999951,-0.23400000000000176,0.18900000000000006,0.008000000000002672,0.007933681431322082,,,0,0,0,0
2026-07-24T13:20:00.598385+0000,TS-HB-02,healthy,seminar,predictive-app-788cd796db-kg6k9,15.032,37.992,5,Running,True,seminar-lab-control-plane,,1,4656.880219,15.1644,0.43406939537359457,14.378,15.599,1.221,0.6539999999999999,15.310799999999999,0.7179388274776578,14.378,17.357,2.978999999999999,-0.36100000000000065,15.181833333333335,0.7734652796919097,13.86,17.357,3.497,0.0009999999999994458,38.191199999999995,0.24075082554374122,37.992,38.492,0.5,-0.5,38.123733333333334,0.21790501498485998,37.746,38.492,0.7459999999999951,-0.24200000000000443,38.098733333333335,0.18783644185538673,37.746,38.492,0.7459999999999951,0.007999999999995566,-0.5670000000000002,-0.008000000000002672,-0.00794524744596148,,,0,0,0,0
2026-07-24T13:21:01.102725+0000,TS-HB-02,healthy,seminar,predictive-app-788cd796db-kg6k9,14.908,38.223,5,Running,True,seminar-lab-control-plane,,1,4717.384559,15.2704,0.25815390758227535,14.908,15.599,0.6910000000000007,-0.495000000000001,15.278466666666668,0.7244009816546473,14.378,17.357,2.978999999999999,0.28200000000000003,15.177733333333332,0.7745791516831689,13.86,17.357,3.497,0.9019999999999992,38.1374,0.19280207467761917,37.992,38.48,0.48799999999999955,-0.2569999999999979,38.123000000000005,0.21755091358115788,37.746,38.492,0.7459999999999951,-0.02300000000000324,38.1067,0.18786966226616672,37.746,38.492,0.7459999999999951,0.47699999999999676,-0.12400000000000055,0.23100000000000165,0.22907447631029604,,,0,0,0,0
2026-07-24T13:22:01.903521+0000,TS-HB-02,healthy,seminar,predictive-app-788cd796db-kg6k9,16.538,38.48,5,Running,True,seminar-lab-control-plane,,1,4778.185355,15.497399999999999,0.5770267238178821,14.908,16.538,1.6300000000000008,1.1280000000000001,15.405933333333333,0.7654343835728499,14.378,17.357,2.978999999999999,1.0180000000000007,15.262133333333333,0.7802318344925127,13.86,17.357,3.497,0.03200000000000003,38.1374,0.19280207467761917,37.992,38.48,0.48799999999999955,0.48799999999999955,38.1386,0.23360873271347568,37.746,38.492,0.7459999999999951,0.23799999999999955,38.131166666666665,0.18709535596114327,37.746,38.492,0.7459999999999951,0.48799999999999955,1.6300000000000008,0.2569999999999979,0.25361510069703486,,,0,0,0,0
2026-07-24T13:23:02.377446+0000,TS-HB-02,healthy,seminar,predictive-app-788cd796db-kg6k9,16.417,38.25,5,Running,True,seminar-lab-control-plane,,1,4838.65928,15.6988,0.6782351804499668,14.908,16.538,1.6300000000000008,0.8180000000000014,15.465733333333333,0.8059756379003533,14.378,17.357,2.978999999999999,-0.9399999999999977,15.259166666666667,0.7756524171445728,13.86,17.357,3.497,1.6210000000000022,38.189,0.18115628611779538,37.992,38.48,0.48799999999999955,0.25,38.139133333333334,0.23385319231422028,37.746,38.492,0.7459999999999951,0.25800000000000267,38.13976666666667,0.1864291971649308,37.746,38.492,0.7459999999999951,0.2539999999999978,-0.12099999999999866,-0.22999999999999687,-0.22819752480097516,,,0,0,0,0
2026-07-24T13:24:02.836792+0000,TS-HB-02,healthy,seminar,predictive-app-788cd796db-kg6k9,14.836,38.246,5,Running,True,seminar-lab-control-plane,,1,4899.118626,15.546199999999999,0.7639430345254803,14.836,16.538,1.702,-0.19599999999999973,15.297666666666666,0.6397879509823682,14.378,16.538,2.16,0.16900000000000048,15.2605,0.7748890995921046,13.86,17.357,3.497,-0.6679999999999993,38.23819999999999,0.1546045277473822,37.992,38.48,0.48799999999999955,0.2540000000000049,38.15606666666667,0.23177301156278904,37.746,38.492,0.7459999999999951,0.5,38.1481,0.18540124954632567,37.746,38.492,0.7459999999999951,0.008000000000002672,-1.5810000000000013,-0.003999999999997783,-0.003969609595179329,,,0,0,0,0
2026-07-24T13:25:03.369302+0000,TS-HB-02,healthy,seminar,predictive-app-788cd796db-kg6k9,14.987,37.992,5,Running,True,seminar-lab-control-plane,,1,4959.651136,15.537200000000002,0.7701873538302216,14.836,16.538,1.702,0.07900000000000063,15.318999999999999,0.6235316618531316,14.378,16.538,2.16,-0.8699999999999992,15.243266666666667,0.7750310502740421,13.86,17.357,3.497,0.3670000000000009,38.2382,0.1546045277473822,37.992,38.48,0.48799999999999955,-0.23100000000000165,38.172466666666665,0.20984275594410687,37.746,38.492,0.7459999999999951,-0.23799999999999955,38.1399,0.1866794668230506,37.746,38.492,0.7459999999999951,0.0,0.1509999999999998,-0.2540000000000049,-0.2517655388815084,,,0,0,0,0
2026-07-24T13:26:03.770183+0000,TS-HB-02,healthy,seminar,predictive-app-788cd796db-kg6k9,15.959,37.738,5,Running,True,seminar-lab-control-plane,,1,5020.052017,15.747399999999999,0.7109212614628984,14.836,16.538,1.702,-0.5790000000000006,15.3258,0.6298856192463262,14.378,16.538,2.16,0.9529999999999994,15.2879,0.7764071676639753,13.86,17.357,3.497,0.5429999999999993,38.141200000000005,0.25394361578900493,37.738,38.48,0.7419999999999973,-0.7419999999999973,38.13966666666666,0.23520534763383172,37.738,38.492,0.7539999999999978,-0.4960000000000022,38.131433333333334,0.19857621262937522,37.738,38.492,0.7539999999999978,-0.2539999999999978,0.9719999999999995,-0.2539999999999978,-0.25231420051637765,,,0,0,0,0
2026-07-24T13:27:04.274039+0000,TS-HB-02,healthy,seminar,predictive-app-788cd796db-kg6k9,15.064,37.992,5,Running,True,seminar-lab-control-plane,,1,5080.555873,15.4526,0.6220124114517323,14.836,16.417,1.5810000000000013,-1.3530000000000015,15.329666666666666,0.6280860521368735,14.378,16.538,2.16,0.43299999999999983,15.276166666666667,0.7770421302749411,13.86,17.357,3.497,-0.009000000000000341,38.0436,0.19093621971746627,37.738,38.25,0.5120000000000005,-0.25800000000000267,38.12353333333333,0.23647772739848436,37.738,38.492,0.7539999999999978,0.003999999999997783,38.131433333333334,0.19857621262937522,37.738,38.492,0.7539999999999978,-0.25,-0.8949999999999996,0.2539999999999978,0.2518847724349977,,,0,0,0,0
2026-07-24T13:28:04.660231+0000,TS-HB-02,healthy,seminar,predictive-app-788cd796db-kg6k9,14.022,37.746,5,Running,True,seminar-lab-control-plane,,1,5140.942065,14.973600000000001,0.6170642105972433,14.022,15.959,1.9369999999999994,-0.8140000000000001,15.289066666666667,0.688695042977817,14.022,16.538,2.516,-1.9589999999999996,15.241133333333334,0.8084691597223843,13.86,17.357,3.497,-1.6289999999999996,37.9428,0.18838513741800095,37.738,38.246,0.5080000000000027,-0.5,38.1074,0.25286143768210934,37.738,38.492,0.7539999999999978,-0.4959999999999951,38.1149,0.20905411580099803,37.738,38.492,0.7539999999999978,-0.2459999999999951,-1.0419999999999998,-0.2459999999999951,-0.2444267391459244,,,0,0,0,0
2026-07-24T13:29:05.263873+0000,TS-HB-02,healthy,seminar,predictive-app-788cd796db-kg6k9,14.047,38.238,5,Running,True,seminar-lab-control-plane,,1,5201.545707,14.8158,0.7237390137335412,14.022,15.959,1.9369999999999994,-0.9399999999999995,15.160133333333334,0.7270540435361175,14.022,16.538,2.516,-0.754999999999999,15.187666666666667,0.8322834987083534,13.86,17.357,3.497,-0.9779999999999998,37.9412,0.18581969755652525,37.738,38.238,0.5,0.24600000000000222,38.10713333333333,0.2527214188697749,37.738,38.492,0.7539999999999978,0.49199999999999733,38.1231,0.20889715970624742,37.738,38.492,0.7539999999999978,0.0,0.025000000000000355,0.49199999999999733,0.4870994386772967,,,0,0,0,0
2026-07-24T13:30:05.648486+0000,TS-HB-02,healthy,seminar,predictive-app-788cd796db-kg6k9,15.133,37.988,5,Running,True,seminar-lab-control-plane,,1,5261.93032,14.845000000000002,0.7329439269139209,14.022,15.959,1.9369999999999994,-0.8260000000000005,15.1822,0.7208460954554234,14.022,16.538,2.516,0.754999999999999,15.191266666666667,0.8318055435149598,13.86,17.357,3.497,1.2729999999999997,37.9404,0.1856077584585261,37.738,38.238,0.5,0.25,38.12326666666666,0.23634620557327612,37.738,38.492,0.7539999999999978,-0.5039999999999978,38.11476666666667,0.20913371852053408,37.738,38.492,0.7539999999999978,-0.25,1.0859999999999985,-0.25,-0.24840765312183088,,,0,0,0,0
2026-07-24T13:31:06.156972+0000,TS-HB-02,healthy,seminar,predictive-app-788cd796db-kg6k9,15.32,38.234,5,Running,True,seminar-lab-control-plane,,1,5322.438806,14.7172,0.5637373147131554,14.022,15.32,1.298,0.2560000000000002,15.245000000000001,0.6883497173191319,14.022,16.538,2.516,-0.08300000000000018,15.239933333333335,0.7943605786347184,14.022,17.357,3.334999999999999,0.6180000000000003,38.03959999999999,0.18345746100934518,37.746,38.238,0.49199999999999733,0.24200000000000443,38.10606666666667,0.21752439454511593,37.738,38.48,0.7419999999999973,-0.2459999999999951,38.11463333333333,0.2090563693254987,37.738,38.492,0.7539999999999978,-0.007999999999995566,0.18700000000000117,0.24600000000000222,0.24393272705584026,,,0,0,0,0
2026-07-24T13:32:06.576016+0000,TS-HB-02,healthy,seminar,predictive-app-788cd796db-kg6k9,13.862,37.754,5,Running,True,seminar-lab-control-plane,,1,5382.85785,14.4768,0.6182450646790476,13.862,15.32,1.4580000000000002,-0.16000000000000014,15.142266666666668,0.7675412229247922,13.862,16.538,2.676,-1.548,15.211933333333333,0.8269637208218696,13.862,17.357,3.494999999999999,-0.1880000000000006,37.992000000000004,0.21737341143754638,37.746,38.238,0.49199999999999733,0.007999999999995566,38.05766666666666,0.20956134079441735,37.738,38.48,0.7419999999999973,-0.23799999999999955,38.09836666666667,0.2173348389518474,37.738,38.492,0.7539999999999978,-0.23400000000000176,-1.4580000000000002,-0.480000000000004,-0.47667089866566303,,,0,0,0,0
2026-07-24T14:11:14.790582+0000,TS-MEM-01,memory_failure,seminar,predictive-app-57b666968c-kzzkd,0.669,32.086,0,Running,True,seminar-lab-control-plane,,1,0.0,0.669,0.0,0.669,0.669,0.0,0.0,0.669,0.0,0.669,0.669,0.0,0.0,0.669,0.0,0.669,0.669,0.0,0.0,32.086,0.0,32.086,32.086,0.0,0.0,32.086,0.0,32.086,32.086,0.0,0.0,32.086,0.0,32.086,32.086,0.0,0.0,0.0,0.0,0.0,2026-07-24T15:38:05.633371+0000,86.84737981666667,0,0,0,0
2026-07-24T14:12:15.239012+0000,TS-MEM-01,memory_failure,seminar,predictive-app-57b666968c-kzzkd,0.713,32.109,0,Running,True,seminar-lab-control-plane,,1,60.44843,0.6910000000000001,0.021999999999999936,0.669,0.713,0.04399999999999993,0.04399999999999993,0.6910000000000001,0.021999999999999936,0.669,0.713,0.04399999999999993,0.04399999999999993,0.6910000000000001,0.021999999999999936,0.669,0.713,0.04399999999999993,0.04399999999999993,32.0975,0.011500000000003396,32.086,32.109,0.02300000000000324,0.02300000000000324,32.0975,0.011500000000003396,32.086,32.109,0.02300000000000324,0.02300000000000324,32.0975,0.011500000000003396,32.086,32.109,0.02300000000000324,0.02300000000000324,0.04399999999999993,0.02300000000000324,0.02282937704089576,2026-07-24T15:38:05.633371+0000,85.83990598333334,0,0,0,0
2026-07-24T14:13:15.666022+0000,TS-MEM-01,memory_failure,seminar,predictive-app-57b666968c-kzzkd,0.85,32.609,0,Running,True,seminar-lab-control-plane,,1,120.87544,0.7440000000000001,0.07707572034477952,0.669,0.85,0.18099999999999994,0.18099999999999994,0.7440000000000001,0.07707572034477952,0.669,0.85,0.18099999999999994,0.18099999999999994,0.7440000000000001,0.07707572034477952,0.669,0.85,0.18099999999999994,0.18099999999999994,32.268,0.2413061679001751,32.086,32.609,0.5230000000000032,0.5230000000000032,32.268,0.2413061679001751,32.086,32.609,0.5230000000000032,0.5230000000000032,32.268,0.2413061679001751,32.086,32.609,0.5230000000000032,0.5230000000000032,0.137,0.5,0.4964667290339204,2026-07-24T15:38:05.633371+0000,84.83278915,0,0,0,0
2026-07-24T14:14:16.106401+0000,TS-MEM-01,memory_failure,seminar,predictive-app-57b666968c-kzzkd,0.732,32.129,0,Running,True,seminar-lab-control-plane,,1,181.315819,0.741,0.06695147496508196,0.669,0.85,0.18099999999999994,0.06299999999999994,0.741,0.06695147496508196,0.669,0.85,0.18099999999999994,0.06299999999999994,0.741,0.06695147496508196,0.669,0.85,0.18099999999999994,0.06299999999999994,32.23325,0.2174722683470256,32.086,32.609,0.5230000000000032,0.04299999999999926,32.23325,0.2174722683470256,32.086,32.609,0.5230000000000032,0.04299999999999926,32.23325,0.2174722683470256,32.086,32.609,0.5230000000000032,0.04299999999999926,-0.118,-0.480000000000004,-0.4765026374172842,2026-07-24T15:38:05.633371+0000,83.8254495,0,0,0,0
2026-07-24T14:15:16.521659+0000,TS-MEM-01,memory_failure,seminar,predictive-app-57b666968c-kzzkd,0.782,32.375,0,Running,True,seminar-lab-control-plane,,1,241.731077,0.7492,0.06208832418418134,0.669,0.85,0.18099999999999994,0.11299999999999999,0.7492,0.06208832418418134,0.669,0.85,0.18099999999999994,0.11299999999999999,0.7492,0.06208832418418134,0.669,0.85,0.18099999999999994,0.11299999999999999,32.2616,0.2026085881694075,32.086,32.609,0.5230000000000032,0.2890000000000015,32.2616,0.2026085881694075,32.086,32.609,0.5230000000000032,0.2890000000000015,32.2616,0.2026085881694075,32.086,32.609,0.5230000000000032,0.2890000000000015,0.050000000000000044,0.24600000000000222,0.24430914455418087,2026-07-24T15:38:05.633371+0000,82.81852853333334,0,0,0,0
2026-07-24T14:16:16.974562+0000,TS-MEM-01,memory_failure,seminar,predictive-app-57b666968c-kzzkd,0.645,32.129,0,Running,True,seminar-lab-control-plane,,1,302.18398,0.7444,0.0686807105379669,0.645,0.85,0.20499999999999996,-0.06799999999999995,0.7318333333333333,0.06870569279340846,0.645,0.85,0.20499999999999996,-0.02400000000000002,0.7318333333333333,0.06870569279340846,0.645,0.85,0.20499999999999996,-0.02400000000000002,32.2702,0.19576966057078563,32.109,32.609,0.5,0.01999999999999602,32.2395,0.19144342071049064,32.086,32.609,0.5230000000000032,0.04299999999999926,32.2395,0.19144342071049064,32.086,32.609,0.5230000000000032,0.04299999999999926,-0.137,-0.24600000000000222,-0.24415700930028342,2026-07-24T15:38:05.633371+0000,81.81098014999999,0,0,0,0
2026-07-24T14:17:17.393094+0000,TS-MEM-01,memory_failure,seminar,predictive-app-57b666968c-kzzkd,0.796,32.129,0,Running,True,seminar-lab-control-plane,,1,362.602512,0.7609999999999999,0.06911439792112782,0.645,0.85,0.20499999999999996,-0.05399999999999994,0.741,0.06745580563810437,0.645,0.85,0.20499999999999996,0.127,0.741,0.06745580563810437,0.645,0.85,0.20499999999999996,0.127,32.2742,0.19261401818144178,32.129,32.609,0.480000000000004,-0.480000000000004,32.22371428571429,0.18141091027649775,32.086,32.609,0.5230000000000032,0.04299999999999926,32.22371428571429,0.18141091027649775,32.086,32.609,0.5230000000000032,0.04299999999999926,0.15100000000000002,0.0,0.0,2026-07-24T15:38:05.633371+0000,80.80400461666666,0,0,0,0
2026-07-24T14:18:17.918052+0000,TS-MEM-01,memory_failure,seminar,predictive-app-57b666968c-kzzkd,0.786,32.125,0,Running,True,seminar-lab-control-plane,,1,423.12747,0.7482000000000001,0.056158347554036876,0.645,0.796,0.15100000000000002,0.05400000000000005,0.746625,0.06483042784834911,0.645,0.85,0.20499999999999996,0.11699999999999999,0.746625,0.06483042784834911,0.645,0.85,0.20499999999999996,0.11699999999999999,32.1774,0.09881214500252763,32.125,32.375,0.25,-0.003999999999997783,32.211375,0.17280620467738006,32.086,32.609,0.5230000000000032,0.03900000000000148,32.211375,0.17280620467738006,32.086,32.609,0.5230000000000032,0.03900000000000148,-0.010000000000000009,-0.003999999999997783,-0.003965306345191796,2026-07-24T15:38:05.633371+0000,79.79525531666667,0,0,0,0
2026-07-24T14:19:18.538789+0000,TS-MEM-01,memory_failure,seminar,predictive-app-57b666968c-kzzkd,16.556,33.316,0,Running,True,seminar-lab-control-plane,,1,483.748207,3.9130000000000003,6.321744252973225,0.645,16.556,15.911000000000001,15.774000000000001,2.503222222222222,4.968783190587182,0.645,16.556,15.911000000000001,15.887,2.503222222222222,4.968783190587182,0.645,16.556,15.911000000000001,15.887,32.4148,0.4606718571825313,32.125,33.316,1.1910000000000025,0.9410000000000025,32.33411111111111,0.3834803904719818,32.086,33.316,1.230000000000004,1.230000000000004,32.33411111111111,0.3834803904719818,32.086,33.316,1.230000000000004,1.230000000000004,15.770000000000001,1.1910000000000025,1.1788045401031688,2026-07-24T15:38:05.633371+0000,78.7849097,0,0,0,0
2026-07-24T14:20:19.247648+0000,TS-MEM-01,memory_failure,seminar,predictive-app-57b666968c-kzzkd,15.42,36.379,0,Running,True,seminar-lab-control-plane,,1,544.457066,6.8406,7.477645768555769,0.645,16.556,15.911000000000001,14.775,3.7948999999999997,6.102115132476607,0.645,16.556,15.911000000000001,14.751,3.7948999999999997,6.102115132476607,0.645,16.556,15.911000000000001,14.751,33.2156,1.6473000455290456,32.125,36.379,4.253999999999998,4.25,32.7386,1.2668278651813734,32.086,36.379,4.292999999999999,4.292999999999999,32.7386,1.2668278651813734,32.086,36.379,4.292999999999999,4.292999999999999,-1.136000000000001,3.0629999999999953,3.0272352837334617,2026-07-24T15:38:05.633371+0000,77.77309538333334,0,0,0,0
2026-07-24T14:21:20.737038+0000,TS-MEM-01,memory_failure,seminar,predictive-app-57b666968c-kzzkd,16.387,39.215,0,Running,True,seminar-lab-control-plane,,1,605.946456,9.989,7.520134466882889,0.786,16.556,15.770000000000001,15.591000000000001,4.939636363636364,6.852368127784561,0.645,16.556,15.911000000000001,15.718,4.939636363636364,6.852368127784561,0.645,16.556,15.911000000000001,15.718,34.6328,2.7690362511169826,32.125,39.215,7.090000000000003,7.086000000000006,33.327363636363636,2.2193204640867084,32.086,39.215,7.129000000000005,7.129000000000005,33.327363636363636,2.2193204640867084,32.086,39.215,7.129000000000005,7.129000000000005,0.9670000000000005,2.8360000000000056,2.7673066849419117,2026-07-24T15:38:05.633371+0000,76.74827221666666,0,0,0,0
2026-07-24T14:22:22.556678+0000,TS-MEM-01,memory_failure,seminar,predictive-app-57b666968c-kzzkd,16.177,41.516,0,Running,True,seminar-lab-control-plane,,1,667.766096,13.065199999999999,6.15186434830938,0.786,16.556,15.770000000000001,15.391,5.876083333333334,7.258670590614755,0.645,16.556,15.911000000000001,15.508,5.876083333333334,7.258670590614755,0.645,16.556,15.911000000000001,15.508,36.5102,3.5163641108394863,32.125,41.516,9.390999999999998,9.390999999999998,34.009750000000004,3.1043674644227686,32.086,41.516,9.43,9.43,34.009750000000004,3.1043674644227686,32.086,41.516,9.43,9.43,-0.21000000000000085,2.300999999999995,2.233270850493463,2026-07-24T15:38:05.633371+0000,75.71794488333333,0,0,0,0
2026-07-24T14:23:22.971439+0000,TS-MEM-01,memory_failure,seminar,predictive-app-57b666968c-kzzkd,18.928,45.141,0,Running,True,seminar-lab-control-plane,,1,728.180857,16.6936,1.1827436915917096,15.42,18.928,3.508000000000001,2.372,6.880076923076923,7.793034724986927,0.645,18.928,18.283,18.259,6.880076923076923,7.793034724986927,0.645,18.928,18.283,18.259,39.1134,4.079253882758457,33.316,45.141,11.824999999999996,11.824999999999996,34.866,4.206394052282417,32.086,45.141,13.055,13.055,34.866,4.206394052282417,32.086,45.141,13.055,13.055,2.7510000000000012,3.625,3.6001135550300365,2026-07-24T15:38:05.633371+0000,74.7110322,0,0,0,0
2026-07-24T14:24:23.517987+0000,TS-MEM-01,memory_failure,seminar,predictive-app-57b666968c-kzzkd,16.522,48.438,0,Running,True,seminar-lab-control-plane,,1,788.727405,16.686799999999998,1.1836126731325518,15.42,18.928,3.508000000000001,1.1019999999999985,7.568785714285714,7.909462128891404,0.645,18.928,18.283,15.852999999999998,7.568785714285714,7.909462128891404,0.645,18.928,18.283,15.852999999999998,42.1378,4.261570198882088,36.379,48.438,12.059000000000005,12.059000000000005,35.83542857142857,5.352308323308278,32.086,48.438,16.352000000000004,16.352000000000004,35.83542857142857,5.352308323308278,32.086,48.438,16.352000000000004,16.352000000000004,-2.4060000000000024,3.297000000000004,3.2672382907775397,2026-07-24T15:38:05.633371+0000,73.70192306666667,0,0,0,0
2026-07-24T14:25:24.556304+0000,TS-MEM-01,memory_failure,seminar,predictive-app-57b666968c-kzzkd,17.685,51.488,0,Running,True,seminar-lab-control-plane,,1,849.765722,17.1398,1.0363658427408649,16.177,18.928,2.7510000000000012,1.2979999999999983,8.2432,8.04715083492288,0.645,18.928,18.283,17.016,8.2432,8.04715083492288,0.645,18.928,18.283,17.016,45.1596,4.458945821604012,39.215,51.488,12.272999999999996,12.272999999999996,36.87893333333333,6.479353470490363,32.086,51.488,19.402,19.402,36.87893333333333,6.479353470490363,32.086,51.488,19.402,19.402,1.1630000000000003,3.049999999999997,2.9981167403419695,2026-07-24T15:38:05.633371+0000,72.68461778333334,0,0,0,0
2026-07-24T14:26:25.411138+0000,TS-MEM-01,memory_failure,seminar,predictive-app-57b666968c-kzzkd,16.602,53.766,0,Running,True,seminar-lab-control-plane,,1,910.620556,17.1828,1.0083200682322968,16.177,18.928,2.7510000000000012,0.4250000000000007,9.305399999999999,8.028808743518555,0.645,18.928,18.283,15.889000000000001,8.765625,8.050047514417228,0.645,18.928,18.283,15.933,48.0698,4.377134240573374,41.516,53.766,12.25,12.25,38.32426666666667,7.574502425608923,32.109,53.766,21.656999999999996,21.656999999999996,37.934375,7.487823564586369,32.086,53.766,21.68,21.68,-1.0829999999999984,2.2779999999999987,2.2460007039046386,2026-07-24T15:38:05.633371+0000,71.67037055,0,0,0,0
2026-07-24T14:27:25.815131+0000,TS-MEM-01,memory_failure,seminar,predictive-app-57b666968c-kzzkd,15.408,56.695,0,Running,True,seminar-lab-control-plane,,1,971.024549,17.029,1.1919359043170001,15.408,18.928,3.5200000000000014,-3.5200000000000014,10.285066666666667,7.81427213472602,0.645,18.928,18.283,14.558,9.15635294117647,7.964546528512737,0.645,18.928,18.283,14.738999999999999,51.1056,4.028843337733526,45.141,56.695,11.554000000000002,11.554000000000002,39.96333333333333,8.63771773612039,32.125,56.695,24.57,24.086,39.03794117647059,8.500302717589378,32.086,56.695,24.609,24.609,-1.1940000000000008,2.929000000000002,2.909410310010468,2026-07-24T15:38:05.633371+0000,70.66363733333333,0,0,0,0
2026-07-24T14:28:26.336073+0000,TS-MEM-01,memory_failure,seminar,predictive-app-57b666968c-kzzkd,17.367,59.41,0,Running,True,seminar-lab-control-plane,,1,1031.545491,16.7168,0.7904751482494476,15.408,17.685,2.2769999999999992,0.8450000000000024,11.386199999999999,7.566983601585684,0.645,18.928,18.283,16.635,9.6125,7.96536769919213,0.645,18.928,18.283,16.698,53.959399999999995,3.8424894846960607,48.438,59.41,10.971999999999994,10.971999999999994,41.75006666666666,9.644870487927182,32.125,59.41,27.284999999999997,27.281,40.16972222222222,9.487715910619224,32.086,59.41,27.323999999999998,27.323999999999998,1.9590000000000014,2.7149999999999963,2.691630278986731,2026-07-24T15:38:05.633371+0000,69.65495496666668,0,0,0,0
2026-07-24T14:29:27.174930+0000,TS-MEM-01,memory_failure,seminar,predictive-app-57b666968c-kzzkd,16.136,62.43,0,Running,True,seminar-lab-control-plane,,1,1092.384348,16.6396,0.8238734368821382,15.408,17.685,2.2769999999999992,-1.5489999999999995,12.413133333333331,7.081046785767074,0.645,18.928,18.283,15.354,9.955842105263159,7.888578507551667,0.645,18.928,18.283,15.466999999999999,56.757799999999996,3.8970147754402715,51.488,62.43,10.942,10.942,43.770133333333334,10.549052342061602,32.125,62.43,30.305,30.055,41.34131578947368,10.487439921677893,32.086,62.43,30.344,30.344,-1.2310000000000016,3.020000000000003,2.97835970192537,2026-07-24T15:38:05.633371+0000,68.64097401666666,0,0,0,0
2026-07-24T14:30:27.731342+0000,TS-MEM-01,memory_failure,seminar,predictive-app-57b666968c-kzzkd,15.138,64.703,0,Running,True,seminar-lab-control-plane,,1,1152.94076,16.1302,0.80725916532424,15.138,17.367,2.229000000000001,-1.4640000000000004,13.3702,6.379761439636019,0.645,18.928,18.283,14.493,10.21495,7.771344056693153,0.645,18.928,18.283,14.469,59.400800000000004,3.9079863561685806,53.766,64.703,10.937000000000005,10.937000000000005,45.925333333333334,11.278002533939924,32.125,64.703,32.578,32.574000000000005,42.5094,11.419766636845075,32.086,64.703,32.617000000000004,32.617000000000004,-0.9979999999999993,2.2730000000000032,2.2521149370606732,2026-07-24T15:38:05.633371+0000,67.63170048333333,0,0,0,0
2026-07-24T14:31:28.235439+0000,TS-MEM-01,memory_failure,seminar,predictive-app-57b666968c-kzzkd,14.552,68.34,0,Running,True,seminar-lab-control-plane,,1,1213.444857,15.7202,0.9680864424213316,14.552,17.367,2.8150000000000013,-0.8559999999999999,14.297333333333333,5.3981023414611995,0.786,18.928,18.142,13.756,10.42147619047619,7.640088684470617,0.645,18.928,18.283,13.883,62.315599999999996,4.050674442608263,56.695,68.34,11.645000000000003,11.645000000000003,48.3394,11.923542028552857,32.125,68.34,36.215,36.211000000000006,43.739428571428576,12.428210845344008,32.086,68.34,36.254000000000005,36.254000000000005,-0.5860000000000003,3.6370000000000005,3.606697906754976,2026-07-24T15:38:05.633371+0000,66.62329886666666,0,0,0,0
2026-07-24T14:32:28.812330+0000,TS-MEM-01,memory_failure,seminar,predictive-app-57b666968c-kzzkd,15.126,70.449,0,Running,True,seminar-lab-control-plane,,1,1274.021748,15.6638,0.9925378380696579,14.552,17.367,2.8150000000000013,-2.2410000000000014,15.252666666666666,4.015000152206998,0.786,18.928,18.142,14.34,10.635318181818182,7.528481003292906,0.645,18.928,18.283,14.456999999999999,65.0664,3.969039309455091,59.41,70.449,11.039000000000001,11.039000000000001,50.89406666666666,12.276604674293646,32.125,70.449,38.324,38.324,44.9535,13.35637879526959,32.086,70.449,38.363,38.363,0.5739999999999998,2.1089999999999947,2.0889153918447168,2026-07-24T15:38:05.633371+0000,65.61368401666667,0,0,0,0
2026-07-24T14:33:29.317916+0000,TS-MEM-01,memory_failure,seminar,predictive-app-57b666968c-kzzkd,17.353,73.902,0,Running,True,seminar-lab-control-plane,,1,1334.527334,15.661000000000001,0.9877372120154178,14.552,17.353,2.801000000000002,1.2170000000000023,16.357133333333334,1.1145297882465424,14.552,18.928,4.376000000000001,0.7970000000000006,10.927391304347825,7.489359906120326,0.645,18.928,18.283,16.684,67.9648,4.070275636857988,62.43,73.902,11.472000000000001,11.472000000000001,53.6792,12.44041251298899,33.316,73.902,40.586,40.586,46.2121304347826,14.334851098859202,32.086,73.902,41.816,41.816,2.227000000000002,3.453000000000003,3.424146656475655,2026-07-24T15:38:05.633371+0000,64.60525758333333,0,0,0,0
2026-07-24T14:34:29.765120+0000,TS-MEM-01,memory_failure,seminar,predictive-app-57b666968c-kzzkd,16.833,76.875,0,Running,True,seminar-lab-control-plane,,1,1394.974538,15.800400000000002,1.088937206637733,14.552,17.353,2.801000000000002,1.6949999999999985,16.3756,1.119953439508384,14.552,18.928,4.376000000000001,1.4129999999999985,11.173458333333334,7.426037553652949,0.645,18.928,18.283,16.163999999999998,70.8538,4.239381247304805,64.703,76.875,12.171999999999997,12.171999999999997,56.583133333333336,12.432084147434354,36.379,76.875,40.496,40.496,47.489749999999994,15.312384797525821,32.086,76.875,44.789,44.789,-0.5200000000000031,2.972999999999999,2.951004979485899,2026-07-24T15:38:05.633371+0000,63.59780418333333,0,0,0,0
2026-07-24T14:35:30.242649+0000,TS-MEM-01,memory_failure,seminar,predictive-app-57b666968c-kzzkd,15.927,79.105,0,Running,True,seminar-lab-control-plane,,1,1455.452067,15.9582,1.0374652572496044,14.552,17.353,2.801000000000002,1.375,16.409399999999998,1.0980397564144295,14.552,18.928,4.376000000000001,-0.46000000000000085,11.363599999999998,7.3353858030781165,0.645,18.928,18.283,15.258,73.7342,3.965556878926291,68.34,79.105,10.765,10.765,59.43153333333334,12.371142441810102,39.215,79.105,39.89,39.89,48.75436,16.231823246647306,32.086,79.105,47.019000000000005,47.019000000000005,-0.9059999999999988,2.230000000000004,2.212391977853464,2026-07-24T15:38:05.633371+0000,62.589845366666665,0,0,0,0
2026-07-24T14:36:30.889466+0000,TS-MEM-01,memory_failure,seminar,predictive-app-57b666968c-kzzkd,15.664,81.797,0,Running,True,seminar-lab-control-plane,,1,1516.098884,16.180600000000002,0.8054212810697183,15.126,17.353,2.227000000000002,0.5380000000000003,16.3612,1.1137217007253921,14.552,18.928,4.376000000000001,-0.5129999999999999,11.529,7.2403231865817865,0.645,18.928,18.283,14.995,76.4256,3.957812203730694,70.449,81.797,11.347999999999999,11.347999999999999,62.27033333333333,12.291735915737119,41.516,81.797,40.281,40.281,50.02523076923077,17.13815500416382,32.086,81.797,49.711,49.711,-0.2629999999999999,2.691999999999993,2.663288990088294,2026-07-24T15:38:05.633371+0000,61.57906508333333,0,0,0,0
2026-07-24T14:37:31.587462+0000,TS-MEM-01,memory_failure,seminar,predictive-app-57b666968c-kzzkd,16.481,84.453,0,Running,True,seminar-lab-control-plane,,1,1576.79688,16.451600000000003,0.6089944498925937,15.664,17.353,1.6890000000000018,-0.8719999999999999,16.381466666666668,1.112951084080315,14.552,18.928,4.376000000000001,-2.446999999999999,11.712407407407408,7.166261865876483,0.645,18.928,18.283,15.812000000000001,79.2264,3.6828898218653756,73.902,84.453,10.551000000000002,10.551000000000002,65.1328,12.123597360519673,45.141,84.453,39.312000000000005,39.312000000000005,51.30033333333333,18.030835355846094,32.086,84.453,52.367000000000004,52.367000000000004,0.817000000000002,2.656000000000006,2.625457354473455,2026-07-24T15:38:05.633371+0000,60.56743181666666,0,0,0,0
2026-07-24T14:38:32.305666+0000,TS-MEM-01,memory_failure,seminar,predictive-app-57b666968c-kzzkd,14.947,87.75,0,Running,True,seminar-lab-control-plane,,1,1637.515084,15.970399999999998,0.6554240154281715,14.947,16.833,1.8859999999999992,-1.8859999999999992,16.11606666666667,0.9343877472560393,14.552,17.685,3.132999999999999,-1.5749999999999993,11.827928571428572,7.062684313289365,0.645,18.928,18.283,14.277999999999999,81.99600000000001,3.8410281956787964,76.875,87.75,10.875,10.875,67.9734,12.098360047543617,48.438,87.75,39.312,39.312,52.60210714285714,18.954010710776615,32.086,87.75,55.664,55.664,-1.5340000000000025,3.296999999999997,3.258001504787589,2026-07-24T15:38:05.633371+0000,59.55546175,0,0,0,1
2026-07-24T14:39:32.925365+0000,TS-MEM-01,memory_failure,seminar,predictive-app-57b666968c-kzzkd,15.293,90.594,0,Running,True,seminar-lab-control-plane,,1,1698.134783,15.6624,0.5269488020671382,14.947,16.481,1.5340000000000025,-0.6340000000000003,16.034133333333333,0.9489702395520895,14.552,17.685,3.132999999999999,-2.3919999999999995,11.947413793103449,6.968587070548071,0.645,18.928,18.283,14.623999999999999,84.7398,4.094539261015758,79.105,90.594,11.48899999999999,11.48899999999999,70.7838,12.130235519560186,51.488,90.594,39.105999999999995,39.105999999999995,53.9121724137931,19.872645104591186,32.086,90.594,58.507999999999996,58.507999999999996,0.3460000000000001,2.843999999999994,2.814926547226829,2026-07-24T15:38:05.633371+0000,58.54513343333333,0,0,0,1
2026-07-24T14:40:33.696607+0000,TS-MEM-01,memory_failure,seminar,predictive-app-57b666968c-kzzkd,16.734,92.969,0,Running,True,seminar-lab-control-plane,,1,1758.906025,15.8238,0.6835844936801821,14.947,16.734,1.7870000000000026,1.070000000000002,15.970733333333332,0.8645741507946081,14.552,17.367,2.8150000000000013,0.13200000000000145,12.106966666666667,6.905125296875905,0.645,18.928,18.283,16.065,87.51259999999999,4.033681226869505,81.797,92.969,11.171999999999997,11.171999999999997,73.5492,12.1443617930297,53.766,92.969,39.202999999999996,39.202999999999996,55.21406666666667,20.75839316346255,32.086,92.969,60.882999999999996,60.882999999999996,1.4410000000000025,2.375,2.344859102928981,2026-07-24T15:38:05.633371+0000,57.5322794,0,0,0,1
2026-07-24T14:41:34.427226+0000,TS-MEM-01,memory_failure,seminar,predictive-app-57b666968c-kzzkd,16.468,96.523,0,Running,True,seminar-lab-control-plane,,1,1819.636644,15.9846,0.7206404373888473,14.947,16.734,1.7870000000000026,-0.013000000000001677,15.961800000000002,0.8586775258112493,14.552,17.367,2.8150000000000013,1.0600000000000005,12.633600000000001,6.608817118567186,0.645,18.928,18.283,15.755,90.45779999999999,4.159354055619635,84.453,96.523,12.069999999999993,12.069999999999993,76.39966666666666,12.184213642615122,56.695,96.523,39.827999999999996,39.827999999999996,57.36196666666667,21.571928421729524,32.109,96.523,64.41399999999999,64.41399999999999,-0.2660000000000018,3.554000000000002,3.511243644659708,2026-07-24T15:38:05.633371+0000,56.52010241666667,0,0,0,1
2026-07-24T14:42:34.823708+0000,TS-MEM-01,memory_failure,seminar,predictive-app-57b666968c-kzzkd,16.091,99.117,0,Running,True,seminar-lab-control-plane,,1,1880.033126,15.906600000000001,0.6828032220193383,14.947,16.734,1.7870000000000026,1.144000000000002,16.007333333333335,0.8461207688950501,14.552,17.367,2.8150000000000013,-1.2759999999999998,13.146199999999999,6.251037404036763,0.645,18.928,18.283,15.241000000000001,93.39059999999999,4.060016581246876,87.75,99.117,11.367000000000004,11.367000000000004,79.22779999999999,12.205611289894481,59.41,99.117,39.70700000000001,39.70700000000001,59.59556666666666,22.298388797823232,32.125,99.117,66.992,66.50800000000001,-0.3769999999999989,2.5940000000000083,2.576971287830978,2026-07-24T15:38:05.633371+0000,55.51349438333333,0,0,0,1
2026-07-24T14:43:35.314271+0000,TS-MEM-01,memory_failure,seminar,predictive-app-57b666968c-kzzkd,16.169,101.848,0,Running,True,seminar-lab-control-plane,,1,1940.523689,16.151,0.4858942271729379,15.293,16.734,1.4410000000000025,0.8760000000000012,15.927466666666668,0.7668362595032164,14.552,17.353,2.801000000000002,0.03300000000000125,13.656833333333333,5.837757709276931,0.645,18.928,18.283,15.437000000000001,96.2102,4.0590441929103935,90.594,101.848,11.254000000000005,11.254000000000005,82.057,12.202504841220088,62.43,101.848,39.418,39.418,61.903533333333336,22.959193022597475,32.125,101.848,69.723,69.719,0.0779999999999994,2.7309999999999945,2.708852288248659,2026-07-24T15:38:05.633371+0000,54.505318333333335,0,0,0,1
2026-07-24T14:44:35.745003+0000,TS-MEM-01,memory_failure,seminar,predictive-app-57b666968c-kzzkd,16.203,105.246,0,Running,True,seminar-lab-control-plane,,1,2000.954421,16.333000000000002,0.23722816021708698,16.091,16.734,0.6430000000000007,-0.5310000000000024,15.931933333333335,0.7682317763684456,14.552,17.353,2.801000000000002,1.0649999999999995,14.172533333333332,5.3349030152592505,0.645,18.928,18.283,15.421,99.14059999999999,4.231948893831254,92.969,105.246,12.277000000000001,12.277000000000001,84.9114,12.284986684567459,64.703,105.246,40.54299999999999,40.54299999999999,64.34076666666667,23.542571170376057,32.125,105.246,73.121,72.871,0.03399999999999892,3.397999999999996,3.3737800826241817,2026-07-24T15:38:05.633371+0000,53.498139466666665,0,0,0,1
2026-07-24T14:45:36.478314+0000,TS-MEM-01,memory_failure,seminar,predictive-app-57b666968c-kzzkd,19.599,107.82,0,Running,True,seminar-lab-control-plane,,1,2061.687732,16.906,1.3524567275887156,16.091,19.599,3.507999999999999,3.1310000000000002,16.229333333333333,1.1645613575744083,14.552,19.599,5.047000000000001,5.047000000000001,14.799766666666667,4.803378024427765,0.645,19.599,18.954,18.954,102.1108,4.066444510871821,96.523,107.82,11.296999999999997,11.296999999999997,87.78586666666665,12.264582101138032,68.34,107.82,39.47999999999999,39.47999999999999,66.8556,24.01838296749665,32.125,107.82,75.695,75.691,3.396000000000001,2.573999999999998,2.542920803379218,2026-07-24T15:38:05.633371+0000,52.48591761666667,0,0,0,1
2026-07-24T14:46:37.325174+0000,TS-MEM-01,memory_failure,seminar,predictive-app-57b666968c-kzzkd,14.844,109.977,0,Running,True,seminar-lab-control-plane,,1,2122.534592,16.581200000000003,1.5923706101281767,14.844,19.599,4.755000000000001,-1.2470000000000017,16.248800000000003,1.1385096808254755,14.844,19.599,4.755000000000001,-0.28200000000000003,15.273066666666667,4.021182926563888,0.786,19.599,18.813,14.048,104.80160000000001,3.927630970445105,99.117,109.977,10.86,10.86,90.56166666666667,12.261126362976968,70.449,109.977,39.528000000000006,39.528000000000006,69.45053333333334,24.32967298825768,32.125,109.977,77.852,77.84800000000001,-4.755000000000001,2.1570000000000107,2.126979107878379,2026-07-24T15:38:05.633371+0000,51.47180328333333,0,0,0,1
2026-07-24T14:47:37.740858+0000,TS-MEM-01,memory_failure,seminar,predictive-app-57b666968c-kzzkd,15.847,112.891,0,Running,True,seminar-lab-control-plane,,1,2182.950276,16.532400000000003,1.6102836520315242,14.844,19.599,4.755000000000001,-0.32200000000000095,16.296866666666666,1.1048128569531048,14.844,19.599,4.755000000000001,-1.506000000000002,15.774766666666666,2.990486121946662,0.786,19.599,18.813,15.061,107.55640000000001,3.802907445626247,101.848,112.891,11.043000000000006,11.043000000000006,93.39113333333333,12.19021421122515,73.902,112.891,38.989000000000004,38.989000000000004,72.1426,24.51853056853122,32.125,112.891,80.766,80.766,1.0030000000000001,2.9140000000000015,2.8939505178820797,2026-07-24T15:38:05.633371+0000,50.46487521666666,0,0,0,1
2026-07-24T14:48:38.277973+0000,TS-MEM-01,memory_failure,seminar,predictive-app-57b666968c-kzzkd,17.041,116.309,0,Running,True,seminar-lab-control-plane,,1,2243.487391,16.7068,1.6087016379677064,14.844,19.599,4.755000000000001,0.838000000000001,16.276066666666665,1.0875354073418553,14.844,19.599,4.755000000000001,0.20800000000000196,16.3166,1.101861110424858,14.552,19.599,5.047000000000001,0.48499999999999943,110.44860000000001,3.8602745290975684,105.246,116.309,11.063000000000002,11.063000000000002,96.21826666666668,12.25977674873768,76.875,116.309,39.434,39.434,74.94873333333334,24.595244315291694,33.316,116.309,82.993,82.993,1.1940000000000008,3.417999999999992,3.3876738262138777,2026-07-24T15:38:05.633371+0000,49.4559233,0,0,0,1
2026-07-24T14:49:38.726397+0000,TS-MEM-01,memory_failure,seminar,predictive-app-57b666968c-kzzkd,15.545,119.723,0,Running,True,seminar-lab-control-plane,,1,2303.935815,16.575200000000002,1.6702680503440104,14.844,19.599,4.755000000000001,-4.054,16.1902,1.0910144025935957,14.844,19.599,4.755000000000001,-0.3819999999999997,16.2829,1.1094581365093055,14.552,19.599,5.047000000000001,0.125,113.34400000000001,4.27876944926919,107.82,119.723,11.903000000000006,11.903000000000006,99.07480000000001,12.410870698437463,79.105,119.723,40.617999999999995,40.617999999999995,77.82896666666666,24.610539366273315,36.379,119.723,83.344,83.344,-1.4960000000000004,3.4140000000000015,3.3886739545103786,2026-07-24T15:38:05.633371+0000,48.44844956666667,0,0,0,1
2026-07-24T14:50:39.267650+0000,TS-MEM-01,memory_failure,seminar,predictive-app-57b666968c-kzzkd,16.218,122.047,0,Running,True,seminar-lab-control-plane,,1,2364.477068,15.899000000000001,0.7275946673801184,14.844,17.041,2.197000000000001,1.3740000000000006,16.209600000000002,1.0887466678096702,14.844,19.599,4.755000000000001,0.5540000000000003,16.3095,1.097957338272622,14.552,19.599,5.047000000000001,-0.16900000000000048,116.1894,4.388290491751805,109.977,122.047,12.069999999999993,12.069999999999993,101.9376,12.426960946801662,81.797,122.047,40.25,40.25,80.68456666666665,24.605460526318577,39.215,122.047,82.832,82.832,0.673,2.323999999999998,2.303222894973777,2026-07-24T15:38:05.633371+0000,47.43942868333333,0,0,0,1
2026-07-24T14:51:39.683285+0000,TS-MEM-01,memory_failure,seminar,predictive-app-57b666968c-kzzkd,16.644,124.559,0,Running,True,seminar-lab-control-plane,,1,2424.892703,16.259,0.5368370329997578,15.545,17.041,1.4960000000000004,0.7969999999999988,16.274933333333333,1.083437028883335,14.844,19.599,4.755000000000001,0.1629999999999967,16.318066666666667,1.0995300794228366,14.552,19.599,5.047000000000001,0.46699999999999875,119.1058,4.128312313766884,112.891,124.559,11.667999999999992,11.667999999999992,104.7884,12.38444840811789,84.453,124.559,40.105999999999995,40.105999999999995,83.52936666666666,24.580015568863157,41.516,124.559,83.043,83.043,0.4259999999999984,2.5120000000000005,2.494718461537316,2026-07-24T15:38:05.633371+0000,46.43250143333333,0,0,0,1
2026-07-24T14:52:40.378678+0000,TS-MEM-01,memory_failure,seminar,predictive-app-57b666968c-kzzkd,16.055,127.5,0,Running,True,seminar-lab-control-plane,,1,2485.588096,16.300600000000003,0.5107228602676632,15.545,17.041,1.4960000000000004,-0.9860000000000007,16.246533333333335,1.0832465319071565,14.844,19.599,4.755000000000001,1.1080000000000005,16.314,1.100269663915791,14.552,19.599,5.047000000000001,-2.873000000000001,122.02759999999998,3.8566589478458244,116.309,127.5,11.191000000000003,11.191000000000003,107.65820000000001,12.327125743389407,87.75,127.5,39.75,39.75,86.3955,24.526969489047485,45.141,127.5,82.35900000000001,82.35900000000001,-0.5889999999999986,2.9410000000000025,2.9073046779679,2026-07-24T15:38:05.633371+0000,45.42091155,0,0,0,1
2026-07-24T14:53:40.845858+0000,TS-MEM-01,memory_failure,seminar,predictive-app-57b666968c-kzzkd,14.7,130.094,0,Running,True,seminar-lab-control-plane,,1,2546.055276,15.832399999999998,0.6666125111337069,14.7,16.644,1.943999999999999,-0.8450000000000006,16.230066666666666,1.104543855575179,14.7,19.599,4.899000000000001,-0.593,16.173066666666667,1.0245964061793256,14.552,19.599,5.047000000000001,-1.8219999999999992,124.7846,3.7075131611363408,119.723,130.094,10.370999999999995,10.370999999999995,110.48113333333335,12.29326330891122,90.594,130.094,39.5,39.5,89.22726666666668,24.50457442184122,48.438,130.094,81.65599999999999,81.65599999999999,-1.3550000000000004,2.593999999999994,2.5739583026693102,2026-07-24T15:38:05.633371+0000,44.41312521666667,0,0,0,1
2026-07-24T14:54:41.322648+0000,TS-MEM-01,memory_failure,seminar,predictive-app-57b666968c-kzzkd,15.494,134.078,0,Running,True,seminar-lab-control-plane,,1,2606.532066,15.8222,0.6713057127717496,14.7,16.644,1.943999999999999,-0.7240000000000002,16.243466666666666,1.0942657731201388,14.7,19.599,4.899000000000001,-1.240000000000002,16.1388,1.0295320101871694,14.552,19.599,5.047000000000001,-2.190999999999999,127.6556,4.201489097926964,122.047,134.078,12.031000000000006,12.031000000000006,113.38006666666666,12.388493771596673,92.969,134.078,41.10900000000001,41.10900000000001,92.08193333333334,24.574767126646147,51.488,134.078,82.59,82.59,0.7940000000000005,3.984000000000009,3.952590737702853,2026-07-24T15:38:05.633371+0000,43.40517871666667,0,0,0,1
2026-07-24T14:55:41.727044+0000,TS-MEM-01,memory_failure,seminar,predictive-app-57b666968c-kzzkd,15.255,136.605,0,Running,True,seminar-lab-control-plane,,1,2666.936462,15.6296,0.6682576149958849,14.7,16.644,1.943999999999999,-1.3889999999999976,16.144866666666665,1.112111437261969,14.7,19.599,4.899000000000001,-1.2129999999999992,16.0578,0.9998603702517836,14.552,19.599,5.047000000000001,-1.3469999999999995,130.5672,4.347662516801312,124.559,136.605,12.045999999999992,12.045999999999992,116.28913333333334,12.37731129051148,96.523,136.605,40.081999999999994,40.081999999999994,94.91916666666665,24.63771812497161,53.766,136.605,82.839,82.839,-0.238999999999999,2.526999999999987,2.5100822132216867,2026-07-24T15:38:05.633371+0000,42.39843878333333,0,0,0,1
2026-07-24T14:56:42.833276+0000,TS-MEM-01,memory_failure,seminar,predictive-app-57b666968c-kzzkd,15.584,138.906,0,Running,True,seminar-lab-control-plane,,1,2728.042694,15.417599999999998,0.4429883068434101,14.7,16.055,1.3550000000000004,-0.4710000000000001,16.085933333333333,1.1168389001502783,14.7,19.599,4.899000000000001,-0.5070000000000014,16.023866666666667,0.9980883639349053,14.552,19.599,5.047000000000001,0.17600000000000016,133.4366,4.166069687367122,127.5,138.906,11.406000000000006,11.406000000000006,119.11466666666666,12.380187325813091,99.117,138.906,39.789,39.789,97.75716666666668,24.637468547023143,56.695,138.906,82.21100000000001,82.21100000000001,0.32899999999999885,2.301000000000016,2.2593440223904,2026-07-24T15:38:05.633371+0000,41.38000158333333,0,0,0,1
2026-07-24T14:57:43.388119+0000,TS-MEM-01,memory_failure,seminar,predictive-app-57b666968c-kzzkd,16.912,142.254,0,Running,True,seminar-lab-control-plane,,1,2788.597537,15.588999999999999,0.7295554810979004,14.7,16.912,2.2119999999999997,2.2119999999999997,16.140666666666664,1.1357042259712176,14.7,19.599,4.899000000000001,0.7429999999999986,16.073999999999998,1.0036516660010584,14.552,19.599,5.047000000000001,-0.45500000000000185,136.3874,4.141205215876073,130.094,142.254,12.159999999999997,12.159999999999997,121.99046666666666,12.411028063066459,101.848,142.254,40.40599999999999,40.40599999999999,100.60913333333333,24.67117138245003,59.41,142.254,82.844,82.844,1.3279999999999994,3.3479999999999848,3.3173234385233084,2026-07-24T15:38:05.633371+0000,40.3707542,0,0,0,1
2026-07-24T14:58:43.774911+0000,TS-MEM-01,memory_failure,seminar,predictive-app-57b666968c-kzzkd,13.145,144.551,0,Running,True,seminar-lab-control-plane,,1,2848.984329,15.278,1.2132984793528725,13.145,16.912,3.7669999999999995,-2.349,15.939066666666667,1.359189438190602,13.145,19.599,6.454000000000001,-3.058,15.933266666666668,1.1035173441722261,13.145,19.599,6.454000000000001,-2.9909999999999997,139.2788,3.7678751253192035,134.078,144.551,10.472999999999985,10.472999999999985,124.83733333333333,12.361750731816128,105.246,144.551,39.30499999999999,39.30499999999999,103.44716666666666,24.665689384356455,62.43,144.551,82.12099999999998,82.12099999999998,-3.7669999999999995,2.296999999999997,2.2822871597484404,2026-07-24T15:38:05.633371+0000,39.36430766666667,0,0,0,1
2026-07-24T14:59:44.254665+0000,TS-MEM-01,memory_failure,seminar,predictive-app-57b666968c-kzzkd,16.176,147.898,0,Running,True,seminar-lab-control-plane,,1,2909.464083,15.4144,1.2670587358129815,13.145,16.912,3.7669999999999995,0.9209999999999976,15.937266666666666,1.3588565519910056,13.145,19.599,6.454000000000001,-3.423000000000002,15.9346,1.1037856253216478,13.145,19.599,6.454000000000001,1.0379999999999985,142.0428,4.000705507782259,136.605,147.898,11.293000000000006,11.293000000000006,127.6808,12.433523722581667,107.82,147.898,40.078,40.078,106.2961,24.699435197793477,64.703,147.898,83.195,83.195,3.030999999999999,3.3470000000000084,3.320450013735183,2026-07-24T15:38:05.633371+0000,38.356311766666664,0,0,0,1
2026-07-24T15:00:44.671834+0000,TS-MEM-01,memory_failure,seminar,predictive-app-57b666968c-kzzkd,15.815,150.094,0,Running,True,seminar-lab-control-plane,,1,2969.881252,15.5264,1.2727561588929708,13.145,16.912,3.7669999999999995,0.23099999999999987,15.685,0.9433786090430488,13.145,17.041,3.896000000000001,0.9710000000000001,15.957166666666668,1.094147098073315,13.145,19.599,6.454000000000001,1.263,144.7406,3.9721468049405453,138.906,150.094,11.187999999999988,11.187999999999988,130.49906666666666,12.403355553863502,109.977,150.094,40.11699999999999,40.11699999999999,109.14246666666666,24.662440372265575,68.34,150.094,81.75399999999999,81.75399999999999,-0.3609999999999989,2.195999999999998,2.180837039881824,2026-07-24T15:38:05.633371+0000,37.34935895,0,0,0,1
2026-07-24T15:01:45.174880+0000,TS-MEM-01,memory_failure,seminar,predictive-app-57b666968c-kzzkd,15.783,153.207,0,Running,True,seminar-lab-control-plane,,1,3030.384298,15.566199999999998,1.2770392946186069,13.145,16.912,3.7669999999999995,-1.1289999999999996,15.7476,0.916260137733819,13.145,17.041,3.896000000000001,-0.06400000000000006,15.9982,1.0633291243386032,13.145,19.599,6.454000000000001,0.657,147.6008,3.8890462275472615,142.254,153.207,10.953000000000003,10.953000000000003,133.38106666666667,12.322214603263893,112.891,153.207,40.31599999999999,40.31599999999999,111.97136666666667,24.68727101764973,70.449,153.207,82.758,82.758,-0.03200000000000003,3.1129999999999995,3.0871172998463576,2026-07-24T15:38:05.633371+0000,36.340974849999995,0,0,0,1
2026-07-24T15:02:45.862721+0000,TS-MEM-01,memory_failure,seminar,predictive-app-57b666968c-kzzkd,16.469,155.836,0,Running,True,seminar-lab-control-plane,,1,3091.072139,15.4776,1.1932113978671135,13.145,16.469,3.3240000000000016,3.3240000000000016,15.789066666666667,0.9337285448970445,13.145,17.041,3.896000000000001,-0.5719999999999992,16.04296666666667,1.0538953611351818,13.145,19.599,6.454000000000001,-0.8840000000000003,150.3172,3.9486581720883143,144.551,155.836,11.285000000000025,11.285000000000025,136.24406666666667,12.2174308672305,116.309,155.836,39.527000000000015,39.527000000000015,114.81760000000001,24.65820235891767,73.902,155.836,81.93400000000001,81.93400000000001,0.6860000000000017,2.629000000000019,2.599202696962002,2026-07-24T15:38:05.633371+0000,35.32951083333333,0,0,0,1
2026-07-24T15:03:46.364852+0000,TS-MEM-01,memory_failure,seminar,predictive-app-57b666968c-kzzkd,14.657,158.898,0,Running,True,seminar-lab-control-plane,,1,3151.57427,15.780000000000001,0.6154510541058377,14.657,16.469,1.8120000000000012,-1.5189999999999984,15.630133333333333,0.9096913664656933,13.145,16.912,3.7669999999999995,-0.8879999999999999,15.953100000000001,1.0533011392759595,13.145,19.599,6.454000000000001,-2.1759999999999984,153.1866,3.9286967610137555,147.898,158.898,11.0,11.0,139.08333333333334,12.203432684654343,119.723,158.898,39.175,39.175,117.65079999999999,24.67724524117984,76.875,158.898,82.023,82.023,-1.8120000000000012,3.0619999999999834,3.036587256736445,2026-07-24T15:38:05.633371+0000,34.321141983333334,0,0,0,1
2026-07-24T15:04:46.989376+0000,TS-MEM-01,memory_failure,seminar,predictive-app-57b666968c-kzzkd,14.604,161.625,0,Running,True,seminar-lab-control-plane,,1,3212.198794,15.4656,0.7246824407973403,14.604,16.469,1.865000000000002,-1.2110000000000003,15.5674,0.9451541532117035,13.145,16.912,3.7669999999999995,-1.6140000000000008,15.8788,1.067138397772302,13.145,19.599,6.454000000000001,-1.3230000000000004,155.932,4.067542009617128,150.094,161.625,11.531000000000006,11.531000000000006,141.8768,12.247745175881732,122.047,161.625,39.578,39.578,120.47579999999999,24.698609023451773,79.105,161.625,82.52,82.52,-0.053000000000000824,2.727000000000004,2.698907788537857,2026-07-24T15:38:05.633371+0000,33.31073325,0,0,0,1
2026-07-24T15:05:47.726996+0000,TS-MEM-01,memory_failure,seminar,predictive-app-57b666968c-kzzkd,15.383,164.387,0,Running,True,seminar-lab-control-plane,,1,3272.936414,15.3792,0.7033122777258987,14.604,16.469,1.865000000000002,-0.40000000000000036,15.511733333333332,0.9296589673399355,13.145,16.912,3.7669999999999995,-1.2609999999999992,15.860666666666669,1.0707810337423138,13.145,19.599,6.454000000000001,-0.2810000000000006,158.7906,3.981740855455106,153.207,164.387,11.180000000000007,11.180000000000007,144.69946666666664,12.231340503622505,124.559,164.387,39.828,39.828,123.31853333333333,24.6812040761566,81.797,164.387,82.59,82.59,0.7789999999999999,2.7620000000000005,2.7284572559807256,2026-07-24T15:38:05.633371+0000,32.298439583333334,0,0,0,1
2026-07-24T15:06:48.395088+0000,TS-MEM-01,memory_failure,seminar,predictive-app-57b666968c-kzzkd,14.782,167.914,0,Running,True,seminar-lab-control-plane,,1,3333.604506,15.178999999999998,0.7023437904616182,14.604,16.469,1.865000000000002,-1.6870000000000012,15.387599999999999,0.8938058551311177,13.145,16.912,3.7669999999999995,-1.2729999999999997,15.831266666666666,1.0877511030664406,13.145,19.599,6.454000000000001,-1.6990000000000016,161.73200000000003,4.196950559632626,155.836,167.914,12.077999999999975,12.077999999999975,147.5898,12.253029874008067,127.5,167.914,40.41399999999999,40.41399999999999,126.1891,24.693027603421452,84.453,167.914,83.46099999999998,83.46099999999998,-0.6009999999999991,3.526999999999987,3.4881598056520255,2026-07-24T15:38:05.633371+0000,31.287304716666664,0,0,0,1
2026-07-24T15:07:48.775168+0000,TS-MEM-01,memory_failure,seminar,predictive-app-57b666968c-kzzkd,16.352,170.512,0,Running,True,seminar-lab-control-plane,,1,3393.984586,15.155599999999998,0.6596249237255921,14.604,16.352,1.748000000000001,1.6950000000000003,15.407399999999999,0.9114858784790186,13.145,16.912,3.7669999999999995,1.652000000000001,15.826966666666666,1.0854266283612135,13.145,19.599,6.454000000000001,1.4050000000000011,164.6672,4.179008466131764,158.898,170.512,11.614000000000004,11.614000000000004,150.45726666666667,12.24892601804568,130.094,170.512,40.418000000000006,40.418000000000006,129.05773333333335,24.67665163122602,87.75,170.512,82.762,82.762,1.5700000000000003,2.598000000000013,2.5816461323006,2026-07-24T15:38:05.633371+0000,30.28097005,0,0,0,1
2026-07-24T15:08:49.367802+0000,TS-MEM-01,memory_failure,seminar,predictive-app-57b666968c-kzzkd,14.866,172.66,0,Running,True,seminar-lab-control-plane,,1,3454.57722,15.197399999999998,0.6327804042477873,14.604,16.352,1.748000000000001,0.26200000000000045,15.418466666666665,0.9038052789302703,13.145,16.912,3.7669999999999995,-0.6280000000000001,15.824266666666665,1.0877105293025309,13.145,19.599,6.454000000000001,-0.4269999999999996,167.4196,4.001080184150426,161.625,172.66,11.034999999999997,11.034999999999997,153.295,12.13273975654307,134.078,172.66,38.581999999999994,38.581999999999994,131.88806666666667,24.64590520003049,90.594,172.66,82.066,82.066,-1.4860000000000007,2.147999999999996,2.1269912115060023,2026-07-24T15:38:05.633371+0000,29.271092816666666,0,0,1,1
2026-07-24T15:09:50.355072+0000,TS-MEM-01,memory_failure,seminar,predictive-app-57b666968c-kzzkd,16.699,175.68,0,Running,True,seminar-lab-control-plane,,1,3515.56449,15.616400000000002,0.7780654471186795,14.782,16.699,1.9170000000000016,1.3160000000000025,15.4988,0.9588263103051219,13.145,16.912,3.7669999999999995,1.4440000000000008,15.871133333333331,1.0940817377549652,13.145,19.599,6.454000000000001,-0.03500000000000014,170.2306,3.877922825431358,164.387,175.68,11.293000000000006,11.293000000000006,156.06846666666667,12.177750163675135,136.605,175.68,39.07500000000002,39.07500000000002,134.72426666666667,24.626430153980706,92.969,175.68,82.71100000000001,82.71100000000001,1.833000000000002,3.0200000000000102,2.9711118402250274,2026-07-24T15:38:05.633371+0000,28.254638316666668,0,0,1,1
2026-07-24T15:10:51.238326+0000,TS-MEM-01,memory_failure,seminar,predictive-app-57b666968c-kzzkd,16.608,178.836,0,Running,True,seminar-lab-control-plane,,1,3576.447744,15.8614,0.855055460189565,14.782,16.699,1.9170000000000016,1.8260000000000005,15.589,0.9946209998453343,13.145,16.912,3.7669999999999995,1.024000000000001,15.866933333333332,1.0909987758420834,13.145,19.599,6.454000000000001,0.14000000000000057,173.1204,3.829933555559657,167.914,178.836,10.922000000000025,10.922000000000025,158.88386666666665,12.234107698652286,138.906,178.836,39.93000000000001,39.93000000000001,137.5865,24.59702095613752,96.523,178.836,82.31300000000002,82.31300000000002,-0.09100000000000108,3.156000000000006,3.110214838385615,2026-07-24T15:38:05.633371+0000,27.239917416666668,0,0,1,1
2026-07-24T15:11:51.749931+0000,TS-MEM-01,memory_failure,seminar,predictive-app-57b666968c-kzzkd,15.764,182.211,0,Running,True,seminar-lab-control-plane,,1,3636.959349,16.0578,0.6792815027659649,14.866,16.699,1.833000000000002,-0.588000000000001,15.601,0.9955736704701125,13.145,16.912,3.7669999999999995,-1.1479999999999997,15.843466666666666,1.0853746429485036,13.145,19.599,6.454000000000001,-0.32700000000000173,175.9798,4.1950809479677496,170.512,182.211,11.699000000000012,11.699000000000012,161.77086666666668,12.288529409530256,142.254,182.211,39.95700000000002,39.95700000000002,140.44276666666664,24.637904664267968,99.117,182.211,83.09400000000001,83.09400000000001,-0.8440000000000012,3.375,3.3464655250839894,2026-07-24T15:38:05.633371+0000,26.231390666666666,0,0,1,1
2026-07-24T15:12:52.717461+0000,TS-MEM-01,memory_failure,seminar,predictive-app-57b666968c-kzzkd,15.986,184.465,0,Running,True,seminar-lab-control-plane,,1,3697.926879,15.9846,0.66316320766459,14.866,16.699,1.833000000000002,1.120000000000001,15.539266666666666,0.9394978422303882,13.145,16.699,3.554000000000002,2.841000000000001,15.839966666666665,1.0847398915049904,13.145,19.599,6.454000000000001,-0.18299999999999983,178.77040000000002,4.26984920576852,172.66,184.465,11.805000000000007,11.805000000000007,164.58493333333334,12.330045582325454,144.551,184.465,39.914000000000016,39.914000000000016,143.28769999999997,24.629331466295802,101.848,184.465,82.617,82.617,0.2220000000000013,2.2539999999999907,2.218229933211981,2026-07-24T15:38:05.633371+0000,25.215265166666665,0,0,1,1
2026-07-24T15:13:53.258661+0000,TS-MEM-01,memory_failure,seminar,predictive-app-57b666968c-kzzkd,15.175,187.746,0,Running,True,seminar-lab-control-plane,,1,3758.468079,16.0464,0.5628529470474386,15.175,16.699,1.524000000000001,-1.524000000000001,15.6746,0.7007278882229045,14.604,16.699,2.0950000000000024,-1.0009999999999977,15.806833333333334,1.0893545821061166,13.145,19.599,6.454000000000001,-1.0279999999999987,181.7876,4.215803344559858,175.68,187.746,12.066000000000003,12.066000000000003,167.4646,12.358909562470899,147.898,187.746,39.84800000000001,39.84800000000001,146.15096666666665,24.638358898924743,105.246,187.746,82.50000000000001,82.50000000000001,-0.8109999999999999,3.281000000000006,3.2516699371667617,2026-07-24T15:38:05.633371+0000,24.20624516666667,0,0,1,1
2026-07-24T15:14:55.005841+0000,TS-MEM-01,memory_failure,seminar,predictive-app-57b666968c-kzzkd,16.451,190.855,0,Running,True,seminar-lab-control-plane,,1,3820.215259,15.996800000000002,0.5117676816681438,15.175,16.608,1.4329999999999998,-0.15700000000000003,15.692933333333334,0.7170145016354644,14.604,16.699,2.0950000000000024,0.636000000000001,15.815100000000001,1.0932635348655433,13.145,19.599,6.454000000000001,-3.1479999999999997,184.82260000000002,4.188647256573662,178.836,190.855,12.018999999999977,12.018999999999977,170.3284,12.469638871007234,150.094,190.855,40.760999999999996,40.760999999999996,149.0046,24.6930486029301,107.82,190.855,83.035,83.035,1.2759999999999998,3.1089999999999804,3.0210286526445227,2026-07-24T15:38:05.633371+0000,23.1771255,0,0,1,1
2026-07-24T15:15:55.500879+0000,TS-MEM-01,memory_failure,seminar,predictive-app-57b666968c-kzzkd,15.627,193.727,0,Running,True,seminar-lab-control-plane,,1,3880.710297,15.8006,0.4195819824539505,15.175,16.451,1.2759999999999998,-0.13699999999999868,15.6804,0.7164141074360076,14.604,16.699,2.0950000000000024,-0.1559999999999988,15.682700000000002,0.8376225144220422,13.145,17.041,3.896000000000001,0.7830000000000013,187.8008,4.167119215957493,182.211,193.727,11.515999999999991,11.515999999999991,173.23726666666667,12.499384952690946,153.207,193.727,40.52000000000001,40.52000000000001,151.86816666666667,24.73211194794244,109.977,193.727,83.75,83.75,-0.8239999999999998,2.872000000000014,2.848498086735656,2026-07-24T15:38:05.633371+0000,22.168874866666666,0,0,1,1
2026-07-24T15:16:55.899898+0000,TS-MEM-01,memory_failure,seminar,predictive-app-57b666968c-kzzkd,15.771,196.125,0,Running,True,seminar-lab-control-plane,,1,3941.109316,15.802000000000001,0.4194691883797751,15.175,16.451,1.2759999999999998,-0.21499999999999986,15.679599999999999,0.7163057820046768,14.604,16.699,2.0950000000000024,-0.6980000000000004,15.713599999999998,0.8230852365743806,13.145,17.041,3.896000000000001,-0.07599999999999874,190.5836,4.150927009717507,184.465,196.125,11.659999999999997,11.659999999999997,176.09846666666667,12.49895765182935,155.836,196.125,40.28899999999999,40.28899999999999,154.73976666666667,24.702722992527708,112.891,196.125,83.234,83.234,0.14400000000000013,2.397999999999996,2.3821578956439633,2026-07-24T15:38:05.633371+0000,21.16222455,0,0,1,1
2026-07-24T15:17:56.675411+0000,TS-MEM-01,memory_failure,seminar,predictive-app-57b666968c-kzzkd,15.952,199.586,0,Running,True,seminar-lab-control-plane,,1,4001.884829,15.7952,0.41669768417881475,15.175,16.451,1.2759999999999998,0.7769999999999992,15.645133333333332,0.6894268021737725,14.604,16.699,2.0950000000000024,1.295,15.717099999999999,0.8238679242856248,13.145,17.041,3.896000000000001,-1.0890000000000004,193.6078,4.099463057523802,187.746,199.586,11.840000000000003,11.840000000000003,179.01513333333332,12.534889005580522,158.898,199.586,40.68800000000002,40.68800000000002,157.62960000000004,24.709017901163165,116.309,199.586,83.27700000000002,83.27700000000002,0.18099999999999916,3.4610000000000127,3.4168366460353985,2026-07-24T15:38:05.633371+0000,20.14929933333333,0,0,1,1
2026-07-24T15:18:57.098569+0000,TS-MEM-01,memory_failure,seminar,predictive-app-57b666968c-kzzkd,15.91,202.488,0,Running,True,seminar-lab-control-plane,,1,4062.307987,15.942200000000003,0.2788084647208304,15.627,16.451,0.8239999999999998,-0.5410000000000004,15.728666666666667,0.6386819413622241,14.604,16.699,2.0950000000000024,1.306000000000001,15.6794,0.7874983851835534,13.145,16.912,3.7669999999999995,0.3650000000000002,196.5562,4.124558807921453,190.855,202.488,11.63300000000001,11.63300000000001,181.92113333333333,12.586912546327236,161.625,202.488,40.863,40.863,160.50223333333332,24.74765333478895,119.723,202.488,82.765,82.765,-0.041999999999999815,2.901999999999987,2.8816765916140827,2026-07-24T15:38:05.633371+0000,19.142246699999998,0,0,1,1
2026-07-24T15:19:57.563087+0000,TS-MEM-01,memory_failure,seminar,predictive-app-57b666968c-kzzkd,14.673,204.516,0,Running,True,seminar-lab-control-plane,,1,4122.772505,15.586599999999999,0.4708301604612742,14.673,15.952,1.279,-0.9540000000000006,15.733266666666667,0.6307645589987487,14.673,16.699,2.0260000000000016,-0.7099999999999991,15.650333333333332,0.807754968346792,13.145,16.912,3.7669999999999995,-1.545,199.2884,3.9645952428971167,193.727,204.516,10.788999999999987,10.788999999999987,184.78053333333335,12.523066604559089,164.387,204.516,40.12899999999999,40.12899999999999,163.3286666666667,24.770946954491343,122.047,204.516,82.469,82.469,-1.237,2.0279999999999916,2.0124199121210142,2026-07-24T15:38:05.633371+0000,18.134504733333333,0,0,1,1
2026-07-24T15:20:58.223073+0000,TS-MEM-01,memory_failure,seminar,predictive-app-57b666968c-kzzkd,15.923,207.512,0,Running,True,seminar-lab-control-plane,,1,4183.432491,15.6458,0.4903906198123989,14.673,15.952,1.279,0.15199999999999925,15.769266666666665,0.6251309693887237,14.673,16.699,2.0260000000000016,1.141,15.640500000000001,0.8025634658185635,13.145,16.912,3.7669999999999995,-0.7209999999999983,202.0454,3.9314948607371405,196.125,207.512,11.387,11.387,187.65553333333335,12.461265205249278,167.914,207.512,39.59800000000001,39.59800000000001,166.17749999999998,24.773984870895017,124.559,207.512,82.953,82.953,1.25,2.9960000000000093,2.963403255648634,2026-07-24T15:38:05.633371+0000,17.123504966666665,0,0,1,1
2026-07-24T15:21:58.672838+0000,TS-MEM-01,memory_failure,seminar,predictive-app-57b666968c-kzzkd,15.536,210.473,0,Running,True,seminar-lab-control-plane,,1,4243.882256,15.5988,0.4873911775976141,14.673,15.952,1.279,-0.41600000000000037,15.819533333333334,0.5717603071995159,14.673,16.699,2.0260000000000016,-0.8160000000000007,15.603566666666667,0.7807310541338338,13.145,16.912,3.7669999999999995,-0.5190000000000001,204.91500000000002,3.796934131638676,199.586,210.473,10.887,10.887,190.49280000000002,12.488406283162556,170.512,210.473,39.96100000000001,39.96100000000001,169.04129999999998,24.763185751097033,127.5,210.473,82.97300000000001,82.97300000000001,-0.38700000000000045,2.9610000000000127,2.938969241650497,2026-07-24T15:38:05.633371+0000,16.116008883333333,0,0,1,1
2026-07-24T15:22:59.241755+0000,TS-MEM-01,memory_failure,seminar,predictive-app-57b666968c-kzzkd,15.686,213.242,0,Running,True,seminar-lab-control-plane,,1,4304.451173,15.545600000000002,0.4596636161368324,14.673,15.923,1.25,-0.2240000000000002,15.775133333333335,0.5542795764674044,14.673,16.699,2.0260000000000016,0.8200000000000003,15.591266666666666,0.7764168525276403,13.145,16.912,3.7669999999999995,0.9860000000000007,207.6462,3.891708231612817,202.488,213.242,10.75399999999999,10.75399999999999,193.3414666666667,12.479248315325572,172.66,213.242,40.581999999999994,40.581999999999994,171.89936666666665,24.75171844469708,130.094,213.242,83.148,83.148,0.15000000000000036,2.768999999999977,2.7429910955812304,2026-07-24T15:38:05.633371+0000,15.106526933333333,0,0,1,1
2026-07-24T15:23:59.715226+0000,TS-MEM-01,memory_failure,seminar,predictive-app-57b666968c-kzzkd,14.051,215.637,0,Running,True,seminar-lab-control-plane,,1,4364.924644,15.1738,0.7023273880463383,14.051,15.923,1.8719999999999999,-0.6219999999999999,15.7208,0.6688407084899443,14.051,16.699,2.6480000000000015,-2.6480000000000015,15.569633333333334,0.8092943215474377,13.145,16.912,3.7669999999999995,-1.4429999999999996,210.27599999999998,3.959635892352119,204.516,215.637,11.12100000000001,11.12100000000001,196.2066,12.334794919522054,175.68,215.637,39.956999999999994,39.956999999999994,174.7508,24.698717041444386,134.078,215.637,81.559,81.559,-1.6349999999999998,2.3950000000000102,2.376248586756341,2026-07-24T15:38:05.633371+0000,14.09863575,0,1,1,1
2026-07-24T15:25:00.077974+0000,TS-MEM-01,memory_failure,seminar,predictive-app-57b666968c-kzzkd,14.353,219.492,0,Running,True,seminar-lab-control-plane,,1,4425.287392,15.109799999999998,0.7574629759928814,14.051,15.923,1.8719999999999999,-1.5700000000000003,15.564400000000001,0.6955719756670281,14.051,16.608,2.5570000000000004,-2.255000000000001,15.5316,0.8382481573695062,13.145,16.912,3.7669999999999995,-0.902000000000001,213.2712,4.130242675679402,207.512,219.492,11.97999999999999,11.97999999999999,199.1274,12.315599705522535,178.836,219.492,40.65599999999998,40.65599999999998,177.59793333333334,24.769007499875546,136.605,219.492,82.887,82.887,0.3019999999999996,3.8549999999999898,3.8318335010195255,2026-07-24T15:38:05.633371+0000,13.092589949999999,0,1,1,1
2026-07-24T15:26:00.500440+0000,TS-MEM-01,memory_failure,seminar,predictive-app-57b666968c-kzzkd,14.51,223.828,0,Running,True,seminar-lab-control-plane,,1,4485.709858,14.8272,0.6584683439619511,14.051,15.686,1.6349999999999998,-1.0259999999999998,15.424533333333333,0.6824721597903393,14.051,16.451,2.4000000000000004,-1.2539999999999996,15.506766666666666,0.8569025103372387,13.145,16.912,3.7669999999999995,-1.0739999999999998,216.5344,4.697441712251847,210.473,223.828,13.35499999999999,13.35499999999999,202.12686666666667,12.486090030465453,182.211,223.828,41.61699999999999,41.61699999999999,180.50536666666667,24.90536448168462,138.906,223.828,84.922,84.922,0.15700000000000003,4.336000000000013,4.305683253642789,2026-07-24T15:38:05.633371+0000,12.08554885,0,1,1,1
2026-07-24T15:27:00.875520+0000,TS-MEM-01,memory_failure,seminar,predictive-app-57b666968c-kzzkd,13.145,226.836,0,Running,True,seminar-lab-control-plane,,1,4546.084938,14.349,0.8187705417270444,13.145,15.686,2.5410000000000004,-2.5410000000000004,15.249933333333333,0.8797833420160288,13.145,16.451,3.306000000000001,-2.841000000000001,15.425466666666667,0.955722126050382,13.145,16.912,3.7669999999999995,-3.7669999999999995,219.80699999999996,5.0231988214686325,213.242,226.836,13.594000000000023,13.594000000000023,205.10186666666667,12.700857749861695,184.465,226.836,42.37100000000001,42.37100000000001,183.43636666666666,25.01107277918238,142.254,226.836,84.58200000000002,84.58200000000002,-1.3650000000000002,3.0080000000000098,2.9893128091921466,2026-07-24T15:38:05.633371+0000,11.079297516666665,0,1,1,1
2026-07-24T15:28:01.275470+0000,TS-MEM-01,memory_failure,seminar,predictive-app-57b666968c-kzzkd,13.895,229.453,0,Running,True,seminar-lab-control-plane,,1,4606.484888,13.990800000000002,0.47517087452831175,13.145,14.51,1.3650000000000002,-0.15600000000000058,15.110533333333334,0.9169822147796695,13.145,16.451,3.306000000000001,-1.2800000000000011,15.324900000000001,0.9527378215787948,13.145,16.699,3.554000000000002,0.75,223.0492,4.970903716629815,215.637,229.453,13.816000000000003,13.816000000000003,208.10106666666667,12.78500745126448,187.746,229.453,41.706999999999994,41.706999999999994,186.343,25.12283194360598,144.551,229.453,84.90200000000002,84.90200000000002,0.75,2.6169999999999902,2.599671026217727,2026-07-24T15:38:05.633371+0000,10.072631683333332,0,1,1,1
2026-07-24T15:29:01.642426+0000,TS-MEM-01,memory_failure,seminar,predictive-app-57b666968c-kzzkd,15.5,231.934,0,Running,True,seminar-lab-control-plane,,1,4666.851844,14.280599999999998,0.7724088554645127,13.145,15.5,2.3550000000000004,1.1470000000000002,15.132200000000001,0.9220749210340803,13.145,16.451,3.306000000000001,-0.9510000000000005,15.4034,0.862653062746958,13.145,16.699,3.554000000000002,-0.6759999999999984,226.3086,4.345801173547217,219.492,231.934,12.442000000000007,12.442000000000007,211.04693333333336,12.846151820508531,190.855,231.934,41.07900000000001,41.07900000000001,189.25576666666666,25.17415491687638,147.898,231.934,84.036,84.036,1.6050000000000004,2.4809999999999945,2.465918606199055,2026-07-24T15:38:05.633371+0000,9.06651575,0,1,1,1
2026-07-24T15:30:02.452699+0000,TS-MEM-01,memory_failure,seminar,predictive-app-57b666968c-kzzkd,15.221,235.555,0,Running,True,seminar-lab-control-plane,,1,4727.662117,14.4542,0.8615686623827478,13.145,15.5,2.3550000000000004,0.7110000000000003,15.050199999999998,0.8532730864148982,13.145,15.952,2.8070000000000004,-0.4060000000000006,15.371566666666666,0.8510986501118791,13.145,16.699,3.554000000000002,-0.5939999999999994,229.5212,4.046129577757565,223.828,235.555,11.727000000000004,11.727000000000004,214.02693333333335,13.000203611055005,193.727,235.555,41.828,41.828,192.17766666666665,25.291086327443995,150.094,235.555,85.46100000000001,85.46100000000001,-0.2789999999999999,3.6210000000000093,3.5727515974151367,2026-07-24T15:38:05.633371+0000,8.0530112,0,1,1,1
2026-07-24T15:31:02.810680+0000,TS-MEM-01,memory_failure,seminar,predictive-app-57b666968c-kzzkd,14.036,238.305,0,Running,True,seminar-lab-control-plane,,1,4788.020098,14.359399999999999,0.8761672443089835,13.145,15.5,2.3550000000000004,0.891,14.944133333333331,0.87362370745203,13.145,15.952,2.8070000000000004,-1.7350000000000012,15.312266666666666,0.8796339743830555,13.145,16.699,3.554000000000002,-1.7469999999999999,232.41660000000002,4.1153792826427145,226.836,238.305,11.468999999999994,11.468999999999994,216.9988,13.1147163253092,196.125,238.305,42.18000000000001,42.18000000000001,195.11803333333333,25.355140586586344,153.207,238.305,85.09800000000001,85.09800000000001,-1.1850000000000005,2.75,2.7336898495660416,2026-07-24T15:38:05.633371+0000,7.047044850000001,0,1,1,1
2026-07-24T15:32:03.237105+0000,TS-MEM-01,memory_failure,seminar,predictive-app-57b666968c-kzzkd,14.246,240.422,0,Running,True,seminar-lab-control-plane,,1,4848.446523,14.5796,0.6532988902485571,13.895,15.5,1.6050000000000004,0.35100000000000087,14.842466666666667,0.8601130054953426,13.145,15.952,2.8070000000000004,-1.7059999999999995,15.261033333333334,0.8953447560701205,13.145,16.699,3.554000000000002,-2.2230000000000008,235.1338,4.017690550553271,229.453,240.422,10.968999999999994,10.968999999999994,219.95193333333333,13.069181532478868,199.586,240.422,40.835999999999984,40.835999999999984,198.02519999999998,25.382973797935286,155.836,240.422,84.58599999999998,84.58599999999998,0.21000000000000085,2.1169999999999902,2.102060480989888,2026-07-24T15:38:05.633371+0000,6.039937766666667,0,1,1,1
2026-07-24T15:33:03.626687+0000,TS-MEM-01,memory_failure,seminar,predictive-app-57b666968c-kzzkd,15.818,243.598,0,Running,True,seminar-lab-control-plane,,1,4908.836105,14.9642,0.7013371229301881,14.036,15.818,1.782,0.3179999999999996,14.833533333333333,0.8491689950900418,13.145,15.923,2.7780000000000005,-0.09200000000000053,15.239333333333333,0.8734256058124986,13.145,16.699,3.554000000000002,1.1609999999999996,237.96280000000002,4.001604048379249,231.934,243.598,11.664000000000016,11.664000000000016,222.88606666666666,13.107963841200496,202.488,243.598,41.110000000000014,41.110000000000014,200.9506,25.40936396501631,158.898,243.598,84.70000000000002,84.70000000000002,1.5719999999999992,3.176000000000016,3.155511160848919,2026-07-24T15:38:05.633371+0000,5.033444733333334,0,1,1,1
2026-07-24T15:34:04.004080+0000,TS-MEM-01,memory_failure,seminar,predictive-app-57b666968c-kzzkd,14.917,245.828,0,Running,True,seminar-lab-control-plane,,1,4969.213498,14.8476,0.6490819979016478,14.036,15.818,1.782,-0.30400000000000027,14.767333333333333,0.7999487205787417,13.145,15.923,2.7780000000000005,0.24399999999999977,15.248,0.8688824623235151,13.145,16.699,3.554000000000002,0.3130000000000006,240.7416,3.6597942346538166,235.555,245.828,10.272999999999996,10.272999999999996,225.77540000000002,13.069833499576943,204.516,245.828,41.31200000000001,41.31200000000001,203.8482666666667,25.405208792599176,161.625,245.828,84.203,84.203,-0.9009999999999998,2.2299999999999898,2.216061233382491,2026-07-24T15:38:05.633371+0000,4.02715485,1,1,1,1
2026-07-24T15:35:04.443806+0000,TS-MEM-01,memory_failure,seminar,predictive-app-57b666968c-kzzkd,11.848,249.379,0,Running,True,seminar-lab-control-plane,,1,5029.653224,14.172999999999998,1.3182779676532559,11.848,15.818,3.969999999999999,-2.187999999999999,14.579,1.0825998337335971,11.848,15.923,4.074999999999999,-4.074999999999999,15.156133333333335,1.0573675089054564,11.848,16.699,4.851000000000001,-3.5349999999999984,243.50639999999999,3.9103384303670454,238.305,249.379,11.073999999999984,11.073999999999984,228.76626666666667,12.995632109631504,207.512,249.379,41.86699999999999,41.86699999999999,206.7734,25.427210027317912,164.387,249.379,84.99199999999999,84.99199999999999,-3.068999999999999,3.5509999999999877,3.525164889066494,2026-07-24T15:38:05.633371+0000,3.0198260833333332,1,1,1,1
2026-07-24T15:36:04.820299+0000,TS-MEM-01,memory_failure,seminar,predictive-app-57b666968c-kzzkd,15.653,251.605,0,Running,True,seminar-lab-control-plane,,1,5090.029717,14.4964,1.437913571811601,11.848,15.818,3.969999999999999,1.407,14.561,1.0621555441647954,11.848,15.818,3.969999999999999,0.11700000000000088,15.165133333333333,1.060404945711274,11.848,16.699,4.851000000000001,0.8710000000000004,246.16639999999998,3.990200325798884,240.422,251.605,11.182999999999993,11.182999999999993,231.7058,12.841463713040243,210.473,251.605,41.13199999999998,41.13199999999998,209.68066666666667,25.400780672167517,167.914,251.605,83.691,83.691,3.8049999999999997,2.225999999999999,2.2121192100375873,2026-07-24T15:38:05.633371+0000,2.0135512,1,1,1,1
2026-07-24T15:37:05.218867+0000,TS-MEM-01,memory_failure,seminar,predictive-app-57b666968c-kzzkd,14.087,255.344,0,Running,True,seminar-lab-control-plane,,1,5150.428285,14.4646,1.4448411123718745,11.848,15.818,3.969999999999999,-1.7309999999999999,14.464400000000001,1.034623719039929,11.848,15.818,3.969999999999999,-1.5990000000000002,15.141966666666667,1.0759993644153623,11.848,16.699,4.851000000000001,-2.2650000000000006,249.15079999999998,4.154647681814385,243.598,255.344,11.745999999999981,11.745999999999981,234.6972,12.773027436490096,213.242,255.344,42.102000000000004,42.102000000000004,212.59499999999997,25.457071817735375,170.512,255.344,84.832,84.832,-1.5660000000000007,3.7390000000000043,3.7143264721110647,2026-07-24T15:38:05.633371+0000,1.0069084,1,1,1,1
