metric_name,timestamp,metric_value,check,error,error_code,expected_response,group,method,name,proto,scenario,service,status,subproto,tls_version,url,extra_tags,metadata
http_reqs,1784713441,1.000000,,,,true,,GET,http://localhost:8080/work,HTTP/1.1,application_workload,,200,,,http://localhost:8080/work,,
http_req_duration,1784713441,80.763500,,,,true,,GET,http://localhost:8080/work,HTTP/1.1,application_workload,,200,,,http://localhost:8080/work,,
http_req_blocked,1784713441,22.900600,,,,true,,GET,http://localhost:8080/work,HTTP/1.1,application_workload,,200,,,http://localhost:8080/work,,
http_req_connecting,1784713441,0.556700,,,,true,,GET,http://localhost:8080/work,HTTP/1.1,application_workload,,200,,,http://localhost:8080/work,,
http_req_tls_handshaking,1784713441,0.000000,,,,true,,GET,http://localhost:8080/work,HTTP/1.1,application_workload,,200,,,http://localhost:8080/work,,
http_req_sending,1784713441,0.000000,,,,true,,GET,http://localhost:8080/work,HTTP/1.1,application_workload,,200,,,http://localhost:8080/work,,
http_req_waiting,1784713441,80.212700,,,,true,,GET,http://localhost:8080/work,HTTP/1.1,application_workload,,200,,,http://localhost:8080/work,,
http_req_receiving,1784713441,0.550800,,,,true,,GET,http://localhost:8080/work,HTTP/1.1,application_workload,,200,,,http://localhost:8080/work,,
http_req_failed,1784713441,0.000000,,,,true,,GET,http://localhost:8080/work,HTTP/1.1,application_workload,,200,,,http://localhost:8080/work,,
checks,1784713441,1.000000,status is 200,,,,,,,,application_workload,,,,,,,
data_sent,1784713441,74.000000,,,,,,,,,application_workload,,,,,,,
data_received,1784713441,269.000000,,,,,,,,,application_workload,,,,,,,
iteration_duration,1784713441,105.214700,,,,,,,,,application_workload,,,,,,,
iterations,1784713441,1.000000,,,,,,,,,application_workload,,,,,,,
vus,1784713442,0.000000,,,,,,,,,,,,,,,,
vus_max,1784713442,20.000000,,,,,,,,,,,,,,,,
http_reqs,1784713442,1.000000,,,,true,,GET,http://localhost:8080/work,HTTP/1.1,application_workload,,200,,,http://localhost:8080/work,,
http_req_duration,1784713442,100.080800,,,,true,,GET,http://localhost:8080/work,HTTP/1.1,application_workload,,200,,,http://localhost:8080/work,,
http_req_blocked,1784713442,1.466000,,,,true,,GET,http://localhost:8080/work,HTTP/1.1,application_workload,,200,,,http://localhost:8080/work,,
http_req_connecting,1784713442,1.449800,,,,true,,GET,http://localhost:8080/work,HTTP/1.1,application_workload,,200,,,http://localhost:8080/work,,
http_req_tls_handshaking,1784713442,0.000000,,,,true,,GET,http://localhost:8080/work,HTTP/1.1,application_workload,,200,,,http://localhost:8080/work,,
http_req_sending,1784713442,0.016200,,,,true,,GET,http://localhost:8080/work,HTTP/1.1,application_workload,,200,,,http://localhost:8080/work,,
http_req_waiting,1784713442,100.064600,,,,true,,GET,http://localhost:8080/work,HTTP/1.1,application_workload,,200,,,http://localhost:8080/work,,
http_req_receiving,1784713442,0.000000,,,,true,,GET,http://localhost:8080/work,HTTP/1.1,application_workload,,200,,,http://localhost:8080/work,,
http_req_failed,1784713442,0.000000,,,,true,,GET,http://localhost:8080/work,HTTP/1.1,application_workload,,200,,,http://localhost:8080/work,,
checks,1784713442,1.000000,status is 200,,,,,,,,application_workload,,,,,,,
data_sent,1784713442,74.000000,,,,,,,,,application_workload,,,,,,,
data_received,1784713442,268.000000,,,,,,,,,application_workload,,,,,,,
iteration_duration,1784713442,101.530600,,,,,,,,,application_workload,,,,,,,
iterations,1784713442,1.000000,,,,,,,,,application_workload,,,,,,,
vus,1784713443,0.000000,,,,,,,,,,,,,,,,
vus_max,1784713443,20.000000,,,,,,,,,,,,,,,,
http_reqs,1784713443,1.000000,,,,true,,GET,http://localhost:8080/work,HTTP/1.1,application_workload,,200,,,http://localhost:8080/work,,
http_req_duration,1784713443,101.314300,,,,true,,GET,http://localhost:8080/work,HTTP/1.1,application_workload,,200,,,http://localhost:8080/work,,
http_req_blocked,1784713443,0.000000,,,,true,,GET,http://localhost:8080/work,HTTP/1.1,application_workload,,200,,,http://localhost:8080/work,,
http_req_connecting,1784713443,0.000000,,,,true,,GET,http://localhost:8080/work,HTTP/1.1,application_workload,,200,,,http://localhost:8080/work,,
http_req_tls_handshaking,1784713443,0.000000,,,,true,,GET,http://localhost:8080/work,HTTP/1.1,application_workload,,200,,,http://localhost:8080/work,,
http_req_sending,1784713443,0.000000,,,,true,,GET,http://localhost:8080/work,HTTP/1.1,application_workload,,200,,,http://localhost:8080/work,,
http_req_waiting,1784713443,101.314300,,,,true,,GET,http://localhost:8080/work,HTTP/1.1,application_workload,,200,,,http://localhost:8080/work,,
http_req_receiving,1784713443,0.000000,,,,true,,GET,http://localhost:8080/work,HTTP/1.1,application_workload,,200,,,http://localhost:8080/work,,
http_req_failed,1784713443,0.000000,,,,true,,GET,http://localhost:8080/work,HTTP/1.1,application_workload,,200,,,http://localhost:8080/work,,
checks,1784713443,1.000000,status is 200,,,,,,,,application_workload,,,,,,,
data_sent,1784713443,74.000000,,,,,,,,,application_workload,,,,,,,
data_received,1784713443,267.000000,,,,,,,,,application_workload,,,,,,,
iteration_duration,1784713443,101.882300,,,,,,,,,application_workload,,,,,,,
iterations,1784713443,1.000000,,,,,,,,,application_workload,,,,,,,
vus,1784713444,0.000000,,,,,,,,,,,,,,,,
vus_max,1784713444,20.000000,,,,,,,,,,,,,,,,
http_reqs,1784713444,1.000000,,,,true,,GET,http://localhost:8080/work,HTTP/1.1,application_workload,,200,,,http://localhost:8080/work,,
http_req_duration,1784713444,101.952400,,,,true,,GET,http://localhost:8080/work,HTTP/1.1,application_workload,,200,,,http://localhost:8080/work,,
http_req_blocked,1784713444,0.998500,,,,true,,GET,http://localhost:8080/work,HTTP/1.1,application_workload,,200,,,http://localhost:8080/work,,
http_req_connecting,1784713444,0.998500,,,,true,,GET,http://localhost:8080/work,HTTP/1.1,application_workload,,200,,,http://localhost:8080/work,,
http_req_tls_handshaking,1784713444,0.000000,,,,true,,GET,http://localhost:8080/work,HTTP/1.1,application_workload,,200,,,http://localhost:8080/work,,
http_req_sending,1784713444,0.000000,,,,true,,GET,http://localhost:8080/work,HTTP/1.1,application_workload,,200,,,http://localhost:8080/work,,
http_req_waiting,1784713444,101.523000,,,,true,,GET,http://localhost:8080/work,HTTP/1.1,application_workload,,200,,,http://localhost:8080/work,,
http_req_receiving,1784713444,0.429400,,,,true,,GET,http://localhost:8080/work,HTTP/1.1,application_workload,,200,,,http://localhost:8080/work,,
http_req_failed,1784713444,0.000000,,,,true,,GET,http://localhost:8080/work,HTTP/1.1,application_workload,,200,,,http://localhost:8080/work,,
checks,1784713444,1.000000,status is 200,,,,,,,,application_workload,,,,,,,
data_sent,1784713444,74.000000,,,,,,,,,application_workload,,,,,,,
data_received,1784713444,269.000000,,,,,,,,,application_workload,,,,,,,
iteration_duration,1784713444,102.950900,,,,,,,,,application_workload,,,,,,,
iterations,1784713444,1.000000,,,,,,,,,application_workload,,,,,,,
vus,1784713445,0.000000,,,,,,,,,,,,,,,,
vus_max,1784713445,20.000000,,,,,,,,,,,,,,,,
http_reqs,1784713445,1.000000,,,,true,,GET,http://localhost:8080/work,HTTP/1.1,application_workload,,200,,,http://localhost:8080/work,,
http_req_duration,1784713445,100.394800,,,,true,,GET,http://localhost:8080/work,HTTP/1.1,application_workload,,200,,,http://localhost:8080/work,,
http_req_blocked,1784713445,0.913300,,,,true,,GET,http://localhost:8080/work,HTTP/1.1,application_workload,,200,,,http://localhost:8080/work,,
http_req_connecting,1784713445,0.913300,,,,true,,GET,http://localhost:8080/work,HTTP/1.1,application_workload,,200,,,http://localhost:8080/work,,
http_req_tls_handshaking,1784713445,0.000000,,,,true,,GET,http://localhost:8080/work,HTTP/1.1,application_workload,,200,,,http://localhost:8080/work,,
http_req_sending,1784713445,0.000000,,,,true,,GET,http://localhost:8080/work,HTTP/1.1,application_workload,,200,,,http://localhost:8080/work,,
http_req_waiting,1784713445,100.394800,,,,true,,GET,http://localhost:8080/work,HTTP/1.1,application_workload,,200,,,http://localhost:8080/work,,
http_req_receiving,1784713445,0.000000,,,,true,,GET,http://localhost:8080/work,HTTP/1.1,application_workload,,200,,,http://localhost:8080/work,,
http_req_failed,1784713445,0.000000,,,,true,,GET,http://localhost:8080/work,HTTP/1.1,application_workload,,200,,,http://localhost:8080/work,,
checks,1784713445,1.000000,status is 200,,,,,,,,application_workload,,,,,,,
data_sent,1784713445,74.000000,,,,,,,,,application_workload,,,,,,,
data_received,1784713445,269.000000,,,,,,,,,application_workload,,,,,,,
iteration_duration,1784713445,101.850400,,,,,,,,,application_workload,,,,,,,
iterations,1784713445,1.000000,,,,,,,,,application_workload,,,,,,,
vus,1784713446,0.000000,,,,,,,,,,,,,,,,
vus_max,1784713446,20.000000,,,,,,,,,,,,,,,,
http_reqs,1784713446,1.000000,,,,true,,GET,http://localhost:8080/work,HTTP/1.1,application_workload,,200,,,http://localhost:8080/work,,
http_req_duration,1784713446,57.232200,,,,true,,GET,http://localhost:8080/work,HTTP/1.1,application_workload,,200,,,http://localhost:8080/work,,
http_req_blocked,1784713446,0.509100,,,,true,,GET,http://localhost:8080/work,HTTP/1.1,application_workload,,200,,,http://localhost:8080/work,,
http_req_connecting,1784713446,0.509100,,,,true,,GET,http://localhost:8080/work,HTTP/1.1,application_workload,,200,,,http://localhost:8080/work,,
http_req_tls_handshaking,1784713446,0.000000,,,,true,,GET,http://localhost:8080/work,HTTP/1.1,application_workload,,200,,,http://localhost:8080/work,,
http_req_sending,1784713446,0.000000,,,,true,,GET,http://localhost:8080/work,HTTP/1.1,application_workload,,200,,,http://localhost:8080/work,,
http_req_waiting,1784713446,57.232200,,,,true,,GET,http://localhost:8080/work,HTTP/1.1,application_workload,,200,,,http://localhost:8080/work,,
http_req_receiving,1784713446,0.000000,,,,true,,GET,http://localhost:8080/work,HTTP/1.1,application_workload,,200,,,http://localhost:8080/work,,
http_req_failed,1784713446,0.000000,,,,true,,GET,http://localhost:8080/work,HTTP/1.1,application_workload,,200,,,http://localhost:8080/work,,
checks,1784713446,1.000000,status is 200,,,,,,,,application_workload,,,,,,,
data_sent,1784713446,74.000000,,,,,,,,,application_workload,,,,,,,
data_received,1784713446,269.000000,,,,,,,,,application_workload,,,,,,,
iteration_duration,1784713446,57.741300,,,,,,,,,application_workload,,,,,,,
iterations,1784713446,1.000000,,,,,,,,,application_workload,,,,,,,
vus,1784713447,0.000000,,,,,,,,,,,,,,,,
vus_max,1784713447,20.000000,,,,,,,,,,,,,,,,
http_reqs,1784713447,1.000000,,,,true,,GET,http://localhost:8080/work,HTTP/1.1,application_workload,,200,,,http://localhost:8080/work,,
http_req_duration,1784713447,100.891400,,,,true,,GET,http://localhost:8080/work,HTTP/1.1,application_workload,,200,,,http://localhost:8080/work,,
http_req_blocked,1784713447,0.698900,,,,true,,GET,http://localhost:8080/work,HTTP/1.1,application_workload,,200,,,http://localhost:8080/work,,
http_req_connecting,1784713447,0.698900,,,,true,,GET,http://localhost:8080/work,HTTP/1.1,application_workload,,200,,,http://localhost:8080/work,,
http_req_tls_handshaking,1784713447,0.000000,,,,true,,GET,http://localhost:8080/work,HTTP/1.1,application_workload,,200,,,http://localhost:8080/work,,
http_req_sending,1784713447,0.000000,,,,true,,GET,http://localhost:8080/work,HTTP/1.1,application_workload,,200,,,http://localhost:8080/work,,
http_req_waiting,1784713447,100.891400,,,,true,,GET,http://localhost:8080/work,HTTP/1.1,application_workload,,200,,,http://localhost:8080/work,,
http_req_receiving,1784713447,0.000000,,,,true,,GET,http://localhost:8080/work,HTTP/1.1,application_workload,,200,,,http://localhost:8080/work,,
http_req_failed,1784713447,0.000000,,,,true,,GET,http://localhost:8080/work,HTTP/1.1,application_workload,,200,,,http://localhost:8080/work,,
checks,1784713447,1.000000,status is 200,,,,,,,,application_workload,,,,,,,
data_sent,1784713447,74.000000,,,,,,,,,application_workload,,,,,,,
data_received,1784713447,269.000000,,,,,,,,,application_workload,,,,,,,
iteration_duration,1784713447,101.590300,,,,,,,,,application_workload,,,,,,,
iterations,1784713447,1.000000,,,,,,,,,application_workload,,,,,,,
vus,1784713448,0.000000,,,,,,,,,,,,,,,,
vus_max,1784713448,20.000000,,,,,,,,,,,,,,,,
http_reqs,1784713448,1.000000,,,,true,,GET,http://localhost:8080/work,HTTP/1.1,application_workload,,200,,,http://localhost:8080/work,,
http_req_duration,1784713448,99.924200,,,,true,,GET,http://localhost:8080/work,HTTP/1.1,application_workload,,200,,,http://localhost:8080/work,,
http_req_blocked,1784713448,1.197500,,,,true,,GET,http://localhost:8080/work,HTTP/1.1,application_workload,,200,,,http://localhost:8080/work,,
http_req_connecting,1784713448,1.197500,,,,true,,GET,http://localhost:8080/work,HTTP/1.1,application_workload,,200,,,http://localhost:8080/work,,
http_req_tls_handshaking,1784713448,0.000000,,,,true,,GET,http://localhost:8080/work,HTTP/1.1,application_workload,,200,,,http://localhost:8080/work,,
http_req_sending,1784713448,0.000000,,,,true,,GET,http://localhost:8080/work,HTTP/1.1,application_workload,,200,,,http://localhost:8080/work,,
http_req_waiting,1784713448,99.924200,,,,true,,GET,http://localhost:8080/work,HTTP/1.1,application_workload,,200,,,http://localhost:8080/work,,
http_req_receiving,1784713448,0.000000,,,,true,,GET,http://localhost:8080/work,HTTP/1.1,application_workload,,200,,,http://localhost:8080/work,,
http_req_failed,1784713448,0.000000,,,,true,,GET,http://localhost:8080/work,HTTP/1.1,application_workload,,200,,,http://localhost:8080/work,,
checks,1784713448,1.000000,status is 200,,,,,,,,application_workload,,,,,,,
data_sent,1784713448,74.000000,,,,,,,,,application_workload,,,,,,,
data_received,1784713448,269.000000,,,,,,,,,application_workload,,,,,,,
iteration_duration,1784713448,101.121700,,,,,,,,,application_workload,,,,,,,
iterations,1784713448,1.000000,,,,,,,,,application_workload,,,,,,,
vus,1784713449,0.000000,,,,,,,,,,,,,,,,
vus_max,1784713449,20.000000,,,,,,,,,,,,,,,,
http_reqs,1784713449,1.000000,,,,true,,GET,http://localhost:8080/work,HTTP/1.1,application_workload,,200,,,http://localhost:8080/work,,
http_req_duration,1784713449,100.101200,,,,true,,GET,http://localhost:8080/work,HTTP/1.1,application_workload,,200,,,http://localhost:8080/work,,
http_req_blocked,1784713449,0.913200,,,,true,,GET,http://localhost:8080/work,HTTP/1.1,application_workload,,200,,,http://localhost:8080/work,,
http_req_connecting,1784713449,0.913200,,,,true,,GET,http://localhost:8080/work,HTTP/1.1,application_workload,,200,,,http://localhost:8080/work,,
http_req_tls_handshaking,1784713449,0.000000,,,,true,,GET,http://localhost:8080/work,HTTP/1.1,application_workload,,200,,,http://localhost:8080/work,,
http_req_sending,1784713449,1.953200,,,,true,,GET,http://localhost:8080/work,HTTP/1.1,application_workload,,200,,,http://localhost:8080/work,,
http_req_waiting,1784713449,98.148000,,,,true,,GET,http://localhost:8080/work,HTTP/1.1,application_workload,,200,,,http://localhost:8080/work,,
http_req_receiving,1784713449,0.000000,,,,true,,GET,http://localhost:8080/work,HTTP/1.1,application_workload,,200,,,http://localhost:8080/work,,
http_req_failed,1784713449,0.000000,,,,true,,GET,http://localhost:8080/work,HTTP/1.1,application_workload,,200,,,http://localhost:8080/work,,
checks,1784713449,1.000000,status is 200,,,,,,,,application_workload,,,,,,,
data_sent,1784713449,74.000000,,,,,,,,,application_workload,,,,,,,
data_received,1784713449,269.000000,,,,,,,,,application_workload,,,,,,,
iteration_duration,1784713449,101.590600,,,,,,,,,application_workload,,,,,,,
iterations,1784713449,1.000000,,,,,,,,,application_workload,,,,,,,
vus,1784713450,0.000000,,,,,,,,,,,,,,,,
vus_max,1784713450,20.000000,,,,,,,,,,,,,,,,
http_reqs,1784713450,1.000000,,,,true,,GET,http://localhost:8080/work,HTTP/1.1,application_workload,,200,,,http://localhost:8080/work,,
http_req_duration,1784713450,100.883500,,,,true,,GET,http://localhost:8080/work,HTTP/1.1,application_workload,,200,,,http://localhost:8080/work,,
http_req_blocked,1784713450,0.375900,,,,true,,GET,http://localhost:8080/work,HTTP/1.1,application_workload,,200,,,http://localhost:8080/work,,
http_req_connecting,1784713450,0.375900,,,,true,,GET,http://localhost:8080/work,HTTP/1.1,application_workload,,200,,,http://localhost:8080/work,,
http_req_tls_handshaking,1784713450,0.000000,,,,true,,GET,http://localhost:8080/work,HTTP/1.1,application_workload,,200,,,http://localhost:8080/work,,
http_req_sending,1784713450,0.000000,,,,true,,GET,http://localhost:8080/work,HTTP/1.1,application_workload,,200,,,http://localhost:8080/work,,
http_req_waiting,1784713450,100.883500,,,,true,,GET,http://localhost:8080/work,HTTP/1.1,application_workload,,200,,,http://localhost:8080/work,,
http_req_receiving,1784713450,0.000000,,,,true,,GET,http://localhost:8080/work,HTTP/1.1,application_workload,,200,,,http://localhost:8080/work,,
http_req_failed,1784713450,0.000000,,,,true,,GET,http://localhost:8080/work,HTTP/1.1,application_workload,,200,,,http://localhost:8080/work,,
checks,1784713450,1.000000,status is 200,,,,,,,,application_workload,,,,,,,
data_sent,1784713450,74.000000,,,,,,,,,application_workload,,,,,,,
data_received,1784713450,268.000000,,,,,,,,,application_workload,,,,,,,
iteration_duration,1784713450,101.771100,,,,,,,,,application_workload,,,,,,,
iterations,1784713450,1.000000,,,,,,,,,application_workload,,,,,,,
vus,1784713451,0.000000,,,,,,,,,,,,,,,,
vus_max,1784713451,20.000000,,,,,,,,,,,,,,,,
http_reqs,1784713451,1.000000,,,,true,,GET,http://localhost:8080/work,HTTP/1.1,application_workload,,200,,,http://localhost:8080/work,,
http_req_duration,1784713451,100.766100,,,,true,,GET,http://localhost:8080/work,HTTP/1.1,application_workload,,200,,,http://localhost:8080/work,,
http_req_blocked,1784713451,0.430300,,,,true,,GET,http://localhost:8080/work,HTTP/1.1,application_workload,,200,,,http://localhost:8080/work,,
http_req_connecting,1784713451,0.430300,,,,true,,GET,http://localhost:8080/work,HTTP/1.1,application_workload,,200,,,http://localhost:8080/work,,
http_req_tls_handshaking,1784713451,0.000000,,,,true,,GET,http://localhost:8080/work,HTTP/1.1,application_workload,,200,,,http://localhost:8080/work,,
http_req_sending,1784713451,0.000000,,,,true,,GET,http://localhost:8080/work,HTTP/1.1,application_workload,,200,,,http://localhost:8080/work,,
http_req_waiting,1784713451,100.766100,,,,true,,GET,http://localhost:8080/work,HTTP/1.1,application_workload,,200,,,http://localhost:8080/work,,
http_req_receiving,1784713451,0.000000,,,,true,,GET,http://localhost:8080/work,HTTP/1.1,application_workload,,200,,,http://localhost:8080/work,,
http_req_failed,1784713451,0.000000,,,,true,,GET,http://localhost:8080/work,HTTP/1.1,application_workload,,200,,,http://localhost:8080/work,,
checks,1784713451,1.000000,status is 200,,,,,,,,application_workload,,,,,,,
data_sent,1784713451,74.000000,,,,,,,,,application_workload,,,,,,,
data_received,1784713451,268.000000,,,,,,,,,application_workload,,,,,,,
iteration_duration,1784713451,101.734600,,,,,,,,,application_workload,,,,,,,
iterations,1784713451,1.000000,,,,,,,,,application_workload,,,,,,,
vus,1784713452,0.000000,,,,,,,,,,,,,,,,
vus_max,1784713452,20.000000,,,,,,,,,,,,,,,,
http_reqs,1784713452,1.000000,,,,true,,GET,http://localhost:8080/work,HTTP/1.1,application_workload,,200,,,http://localhost:8080/work,,
http_req_duration,1784713452,100.004800,,,,true,,GET,http://localhost:8080/work,HTTP/1.1,application_workload,,200,,,http://localhost:8080/work,,
http_req_blocked,1784713452,0.828200,,,,true,,GET,http://localhost:8080/work,HTTP/1.1,application_workload,,200,,,http://localhost:8080/work,,
http_req_connecting,1784713452,0.828200,,,,true,,GET,http://localhost:8080/work,HTTP/1.1,application_workload,,200,,,http://localhost:8080/work,,
http_req_tls_handshaking,1784713452,0.000000,,,,true,,GET,http://localhost:8080/work,HTTP/1.1,application_workload,,200,,,http://localhost:8080/work,,
http_req_sending,1784713452,0.000000,,,,true,,GET,http://localhost:8080/work,HTTP/1.1,application_workload,,200,,,http://localhost:8080/work,,
http_req_waiting,1784713452,100.004800,,,,true,,GET,http://localhost:8080/work,HTTP/1.1,application_workload,,200,,,http://localhost:8080/work,,
http_req_receiving,1784713452,0.000000,,,,true,,GET,http://localhost:8080/work,HTTP/1.1,application_workload,,200,,,http://localhost:8080/work,,
http_req_failed,1784713452,0.000000,,,,true,,GET,http://localhost:8080/work,HTTP/1.1,application_workload,,200,,,http://localhost:8080/work,,
checks,1784713452,1.000000,status is 200,,,,,,,,application_workload,,,,,,,
data_sent,1784713452,74.000000,,,,,,,,,application_workload,,,,,,,
data_received,1784713452,269.000000,,,,,,,,,application_workload,,,,,,,
iteration_duration,1784713452,100.833000,,,,,,,,,application_workload,,,,,,,
iterations,1784713452,1.000000,,,,,,,,,application_workload,,,,,,,
vus,1784713453,0.000000,,,,,,,,,,,,,,,,
vus_max,1784713453,20.000000,,,,,,,,,,,,,,,,
http_reqs,1784713453,1.000000,,,,true,,GET,http://localhost:8080/work,HTTP/1.1,application_workload,,200,,,http://localhost:8080/work,,
http_req_duration,1784713453,86.551500,,,,true,,GET,http://localhost:8080/work,HTTP/1.1,application_workload,,200,,,http://localhost:8080/work,,
http_req_blocked,1784713453,0.641300,,,,true,,GET,http://localhost:8080/work,HTTP/1.1,application_workload,,200,,,http://localhost:8080/work,,
http_req_connecting,1784713453,0.641300,,,,true,,GET,http://localhost:8080/work,HTTP/1.1,application_workload,,200,,,http://localhost:8080/work,,
http_req_tls_handshaking,1784713453,0.000000,,,,true,,GET,http://localhost:8080/work,HTTP/1.1,application_workload,,200,,,http://localhost:8080/work,,
http_req_sending,1784713453,0.000000,,,,true,,GET,http://localhost:8080/work,HTTP/1.1,application_workload,,200,,,http://localhost:8080/work,,
http_req_waiting,1784713453,86.551500,,,,true,,GET,http://localhost:8080/work,HTTP/1.1,application_workload,,200,,,http://localhost:8080/work,,
http_req_receiving,1784713453,0.000000,,,,true,,GET,http://localhost:8080/work,HTTP/1.1,application_workload,,200,,,http://localhost:8080/work,,
http_req_failed,1784713453,0.000000,,,,true,,GET,http://localhost:8080/work,HTTP/1.1,application_workload,,200,,,http://localhost:8080/work,,
checks,1784713453,1.000000,status is 200,,,,,,,,application_workload,,,,,,,
data_sent,1784713453,74.000000,,,,,,,,,application_workload,,,,,,,
data_received,1784713453,268.000000,,,,,,,,,application_workload,,,,,,,
iteration_duration,1784713453,91.700900,,,,,,,,,application_workload,,,,,,,
iterations,1784713453,1.000000,,,,,,,,,application_workload,,,,,,,
vus,1784713454,0.000000,,,,,,,,,,,,,,,,
vus_max,1784713454,20.000000,,,,,,,,,,,,,,,,
http_reqs,1784713454,1.000000,,,,true,,GET,http://localhost:8080/work,HTTP/1.1,application_workload,,200,,,http://localhost:8080/work,,
http_req_duration,1784713454,195.938700,,,,true,,GET,http://localhost:8080/work,HTTP/1.1,application_workload,,200,,,http://localhost:8080/work,,
http_req_blocked,1784713454,5.207800,,,,true,,GET,http://localhost:8080/work,HTTP/1.1,application_workload,,200,,,http://localhost:8080/work,,
http_req_connecting,1784713454,5.207800,,,,true,,GET,http://localhost:8080/work,HTTP/1.1,application_workload,,200,,,http://localhost:8080/work,,
http_req_tls_handshaking,1784713454,0.000000,,,,true,,GET,http://localhost:8080/work,HTTP/1.1,application_workload,,200,,,http://localhost:8080/work,,
http_req_sending,1784713454,0.000000,,,,true,,GET,http://localhost:8080/work,HTTP/1.1,application_workload,,200,,,http://localhost:8080/work,,
http_req_waiting,1784713454,195.393800,,,,true,,GET,http://localhost:8080/work,HTTP/1.1,application_workload,,200,,,http://localhost:8080/work,,
http_req_receiving,1784713454,0.544900,,,,true,,GET,http://localhost:8080/work,HTTP/1.1,application_workload,,200,,,http://localhost:8080/work,,
http_req_failed,1784713454,0.000000,,,,true,,GET,http://localhost:8080/work,HTTP/1.1,application_workload,,200,,,http://localhost:8080/work,,
checks,1784713454,1.000000,status is 200,,,,,,,,application_workload,,,,,,,
data_sent,1784713454,74.000000,,,,,,,,,application_workload,,,,,,,
data_received,1784713454,269.000000,,,,,,,,,application_workload,,,,,,,
iteration_duration,1784713454,201.146500,,,,,,,,,application_workload,,,,,,,
iterations,1784713454,1.000000,,,,,,,,,application_workload,,,,,,,
vus,1784713455,0.000000,,,,,,,,,,,,,,,,
vus_max,1784713455,20.000000,,,,,,,,,,,,,,,,
http_reqs,1784713455,1.000000,,,,true,,GET,http://localhost:8080/work,HTTP/1.1,application_workload,,200,,,http://localhost:8080/work,,
http_req_duration,1784713455,199.762300,,,,true,,GET,http://localhost:8080/work,HTTP/1.1,application_workload,,200,,,http://localhost:8080/work,,
http_req_blocked,1784713455,0.815800,,,,true,,GET,http://localhost:8080/work,HTTP/1.1,application_workload,,200,,,http://localhost:8080/work,,
http_req_connecting,1784713455,0.303300,,,,true,,GET,http://localhost:8080/work,HTTP/1.1,application_workload,,200,,,http://localhost:8080/work,,
http_req_tls_handshaking,1784713455,0.000000,,,,true,,GET,http://localhost:8080/work,HTTP/1.1,application_workload,,200,,,http://localhost:8080/work,,
http_req_sending,1784713455,0.527100,,,,true,,GET,http://localhost:8080/work,HTTP/1.1,application_workload,,200,,,http://localhost:8080/work,,
http_req_waiting,1784713455,199.235200,,,,true,,GET,http://localhost:8080/work,HTTP/1.1,application_workload,,200,,,http://localhost:8080/work,,
http_req_receiving,1784713455,0.000000,,,,true,,GET,http://localhost:8080/work,HTTP/1.1,application_workload,,200,,,http://localhost:8080/work,,
http_req_failed,1784713455,0.000000,,,,true,,GET,http://localhost:8080/work,HTTP/1.1,application_workload,,200,,,http://localhost:8080/work,,
checks,1784713455,1.000000,status is 200,,,,,,,,application_workload,,,,,,,
data_sent,1784713455,74.000000,,,,,,,,,application_workload,,,,,,,
data_received,1784713455,269.000000,,,,,,,,,application_workload,,,,,,,
iteration_duration,1784713455,200.606400,,,,,,,,,application_workload,,,,,,,
iterations,1784713455,1.000000,,,,,,,,,application_workload,,,,,,,
vus,1784713456,0.000000,,,,,,,,,,,,,,,,
vus_max,1784713456,20.000000,,,,,,,,,,,,,,,,
http_reqs,1784713456,1.000000,,,,true,,GET,http://localhost:8080/work,HTTP/1.1,application_workload,,200,,,http://localhost:8080/work,,
http_req_duration,1784713456,195.238200,,,,true,,GET,http://localhost:8080/work,HTTP/1.1,application_workload,,200,,,http://localhost:8080/work,,
http_req_blocked,1784713456,5.006000,,,,true,,GET,http://localhost:8080/work,HTTP/1.1,application_workload,,200,,,http://localhost:8080/work,,
http_req_connecting,1784713456,5.006000,,,,true,,GET,http://localhost:8080/work,HTTP/1.1,application_workload,,200,,,http://localhost:8080/work,,
http_req_tls_handshaking,1784713456,0.000000,,,,true,,GET,http://localhost:8080/work,HTTP/1.1,application_workload,,200,,,http://localhost:8080/work,,
http_req_sending,1784713456,0.000000,,,,true,,GET,http://localhost:8080/work,HTTP/1.1,application_workload,,200,,,http://localhost:8080/work,,
http_req_waiting,1784713456,195.238200,,,,true,,GET,http://localhost:8080/work,HTTP/1.1,application_workload,,200,,,http://localhost:8080/work,,
http_req_receiving,1784713456,0.000000,,,,true,,GET,http://localhost:8080/work,HTTP/1.1,application_workload,,200,,,http://localhost:8080/work,,
http_req_failed,1784713456,0.000000,,,,true,,GET,http://localhost:8080/work,HTTP/1.1,application_workload,,200,,,http://localhost:8080/work,,
checks,1784713456,1.000000,status is 200,,,,,,,,application_workload,,,,,,,
data_sent,1784713456,74.000000,,,,,,,,,application_workload,,,,,,,
data_received,1784713456,269.000000,,,,,,,,,application_workload,,,,,,,
iteration_duration,1784713456,200.782700,,,,,,,,,application_workload,,,,,,,
iterations,1784713456,1.000000,,,,,,,,,application_workload,,,,,,,
vus,1784713457,0.000000,,,,,,,,,,,,,,,,
vus_max,1784713457,20.000000,,,,,,,,,,,,,,,,
http_reqs,1784713457,1.000000,,,,true,,GET,http://localhost:8080/work,HTTP/1.1,application_workload,,200,,,http://localhost:8080/work,,
http_req_duration,1784713457,100.016800,,,,true,,GET,http://localhost:8080/work,HTTP/1.1,application_workload,,200,,,http://localhost:8080/work,,
http_req_blocked,1784713457,0.331700,,,,true,,GET,http://localhost:8080/work,HTTP/1.1,application_workload,,200,,,http://localhost:8080/work,,
http_req_connecting,1784713457,0.331700,,,,true,,GET,http://localhost:8080/work,HTTP/1.1,application_workload,,200,,,http://localhost:8080/work,,
http_req_tls_handshaking,1784713457,0.000000,,,,true,,GET,http://localhost:8080/work,HTTP/1.1,application_workload,,200,,,http://localhost:8080/work,,
http_req_sending,1784713457,0.507900,,,,true,,GET,http://localhost:8080/work,HTTP/1.1,application_workload,,200,,,http://localhost:8080/work,,
http_req_waiting,1784713457,99.508900,,,,true,,GET,http://localhost:8080/work,HTTP/1.1,application_workload,,200,,,http://localhost:8080/work,,
http_req_receiving,1784713457,0.000000,,,,true,,GET,http://localhost:8080/work,HTTP/1.1,application_workload,,200,,,http://localhost:8080/work,,
http_req_failed,1784713457,0.000000,,,,true,,GET,http://localhost:8080/work,HTTP/1.1,application_workload,,200,,,http://localhost:8080/work,,
checks,1784713457,1.000000,status is 200,,,,,,,,application_workload,,,,,,,
data_sent,1784713457,74.000000,,,,,,,,,application_workload,,,,,,,
data_received,1784713457,268.000000,,,,,,,,,application_workload,,,,,,,
iteration_duration,1784713457,100.348500,,,,,,,,,application_workload,,,,,,,
iterations,1784713457,1.000000,,,,,,,,,application_workload,,,,,,,
vus,1784713458,0.000000,,,,,,,,,,,,,,,,
vus_max,1784713458,20.000000,,,,,,,,,,,,,,,,
http_reqs,1784713458,1.000000,,,,true,,GET,http://localhost:8080/work,HTTP/1.1,application_workload,,200,,,http://localhost:8080/work,,
http_req_duration,1784713458,57.125100,,,,true,,GET,http://localhost:8080/work,HTTP/1.1,application_workload,,200,,,http://localhost:8080/work,,
http_req_blocked,1784713458,0.382800,,,,true,,GET,http://localhost:8080/work,HTTP/1.1,application_workload,,200,,,http://localhost:8080/work,,
http_req_connecting,1784713458,0.382800,,,,true,,GET,http://localhost:8080/work,HTTP/1.1,application_workload,,200,,,http://localhost:8080/work,,
http_req_tls_handshaking,1784713458,0.000000,,,,true,,GET,http://localhost:8080/work,HTTP/1.1,application_workload,,200,,,http://localhost:8080/work,,
http_req_sending,1784713458,0.000000,,,,true,,GET,http://localhost:8080/work,HTTP/1.1,application_workload,,200,,,http://localhost:8080/work,,
http_req_waiting,1784713458,57.125100,,,,true,,GET,http://localhost:8080/work,HTTP/1.1,application_workload,,200,,,http://localhost:8080/work,,
http_req_receiving,1784713458,0.000000,,,,true,,GET,http://localhost:8080/work,HTTP/1.1,application_workload,,200,,,http://localhost:8080/work,,
http_req_failed,1784713458,0.000000,,,,true,,GET,http://localhost:8080/work,HTTP/1.1,application_workload,,200,,,http://localhost:8080/work,,
checks,1784713458,1.000000,status is 200,,,,,,,,application_workload,,,,,,,
data_sent,1784713458,74.000000,,,,,,,,,application_workload,,,,,,,
data_received,1784713458,269.000000,,,,,,,,,application_workload,,,,,,,
iteration_duration,1784713458,57.507900,,,,,,,,,application_workload,,,,,,,
iterations,1784713458,1.000000,,,,,,,,,application_workload,,,,,,,
vus,1784713459,0.000000,,,,,,,,,,,,,,,,
vus_max,1784713459,20.000000,,,,,,,,,,,,,,,,
http_reqs,1784713459,1.000000,,,,true,,GET,http://localhost:8080/work,HTTP/1.1,application_workload,,200,,,http://localhost:8080/work,,
http_req_duration,1784713459,86.065400,,,,true,,GET,http://localhost:8080/work,HTTP/1.1,application_workload,,200,,,http://localhost:8080/work,,
http_req_blocked,1784713459,7.157800,,,,true,,GET,http://localhost:8080/work,HTTP/1.1,application_workload,,200,,,http://localhost:8080/work,,
http_req_connecting,1784713459,4.006500,,,,true,,GET,http://localhost:8080/work,HTTP/1.1,application_workload,,200,,,http://localhost:8080/work,,
http_req_tls_handshaking,1784713459,0.000000,,,,true,,GET,http://localhost:8080/work,HTTP/1.1,application_workload,,200,,,http://localhost:8080/work,,
http_req_sending,1784713459,0.136300,,,,true,,GET,http://localhost:8080/work,HTTP/1.1,application_workload,,200,,,http://localhost:8080/work,,
http_req_waiting,1784713459,85.929100,,,,true,,GET,http://localhost:8080/work,HTTP/1.1,application_workload,,200,,,http://localhost:8080/work,,
http_req_receiving,1784713459,0.000000,,,,true,,GET,http://localhost:8080/work,HTTP/1.1,application_workload,,200,,,http://localhost:8080/work,,
http_req_failed,1784713459,0.000000,,,,true,,GET,http://localhost:8080/work,HTTP/1.1,application_workload,,200,,,http://localhost:8080/work,,
checks,1784713459,1.000000,status is 200,,,,,,,,application_workload,,,,,,,
data_sent,1784713459,74.000000,,,,,,,,,application_workload,,,,,,,
data_received,1784713459,269.000000,,,,,,,,,application_workload,,,,,,,
iteration_duration,1784713459,100.048200,,,,,,,,,application_workload,,,,,,,
iterations,1784713459,1.000000,,,,,,,,,application_workload,,,,,,,
vus,1784713460,0.000000,,,,,,,,,,,,,,,,
vus_max,1784713460,20.000000,,,,,,,,,,,,,,,,
http_reqs,1784713460,1.000000,,,,true,,GET,http://localhost:8080/work,HTTP/1.1,application_workload,,200,,,http://localhost:8080/work,,
http_req_duration,1784713460,96.659100,,,,true,,GET,http://localhost:8080/work,HTTP/1.1,application_workload,,200,,,http://localhost:8080/work,,
http_req_blocked,1784713460,2.934200,,,,true,,GET,http://localhost:8080/work,HTTP/1.1,application_workload,,200,,,http://localhost:8080/work,,
http_req_connecting,1784713460,2.934200,,,,true,,GET,http://localhost:8080/work,HTTP/1.1,application_workload,,200,,,http://localhost:8080/work,,
http_req_tls_handshaking,1784713460,0.000000,,,,true,,GET,http://localhost:8080/work,HTTP/1.1,application_workload,,200,,,http://localhost:8080/work,,
http_req_sending,1784713460,0.000000,,,,true,,GET,http://localhost:8080/work,HTTP/1.1,application_workload,,200,,,http://localhost:8080/work,,
http_req_waiting,1784713460,96.659100,,,,true,,GET,http://localhost:8080/work,HTTP/1.1,application_workload,,200,,,http://localhost:8080/work,,
http_req_receiving,1784713460,0.000000,,,,true,,GET,http://localhost:8080/work,HTTP/1.1,application_workload,,200,,,http://localhost:8080/work,,
http_req_failed,1784713460,0.000000,,,,true,,GET,http://localhost:8080/work,HTTP/1.1,application_workload,,200,,,http://localhost:8080/work,,
checks,1784713460,1.000000,status is 200,,,,,,,,application_workload,,,,,,,
data_sent,1784713460,74.000000,,,,,,,,,application_workload,,,,,,,
data_received,1784713460,268.000000,,,,,,,,,application_workload,,,,,,,
iteration_duration,1784713460,100.592200,,,,,,,,,application_workload,,,,,,,
iterations,1784713460,1.000000,,,,,,,,,application_workload,,,,,,,
vus,1784713461,0.000000,,,,,,,,,,,,,,,,
vus_max,1784713461,20.000000,,,,,,,,,,,,,,,,
http_reqs,1784713461,1.000000,,,,true,,GET,http://localhost:8080/work,HTTP/1.1,application_workload,,200,,,http://localhost:8080/work,,
http_req_duration,1784713461,99.739100,,,,true,,GET,http://localhost:8080/work,HTTP/1.1,application_workload,,200,,,http://localhost:8080/work,,
http_req_blocked,1784713461,0.875700,,,,true,,GET,http://localhost:8080/work,HTTP/1.1,application_workload,,200,,,http://localhost:8080/work,,
http_req_connecting,1784713461,0.875700,,,,true,,GET,http://localhost:8080/work,HTTP/1.1,application_workload,,200,,,http://localhost:8080/work,,
http_req_tls_handshaking,1784713461,0.000000,,,,true,,GET,http://localhost:8080/work,HTTP/1.1,application_workload,,200,,,http://localhost:8080/work,,
http_req_sending,1784713461,0.000000,,,,true,,GET,http://localhost:8080/work,HTTP/1.1,application_workload,,200,,,http://localhost:8080/work,,
http_req_waiting,1784713461,99.187500,,,,true,,GET,http://localhost:8080/work,HTTP/1.1,application_workload,,200,,,http://localhost:8080/work,,
http_req_receiving,1784713461,0.551600,,,,true,,GET,http://localhost:8080/work,HTTP/1.1,application_workload,,200,,,http://localhost:8080/work,,
http_req_failed,1784713461,0.000000,,,,true,,GET,http://localhost:8080/work,HTTP/1.1,application_workload,,200,,,http://localhost:8080/work,,
checks,1784713461,1.000000,status is 200,,,,,,,,application_workload,,,,,,,
data_sent,1784713461,74.000000,,,,,,,,,application_workload,,,,,,,
data_received,1784713461,269.000000,,,,,,,,,application_workload,,,,,,,
iteration_duration,1784713461,100.614800,,,,,,,,,application_workload,,,,,,,
iterations,1784713461,1.000000,,,,,,,,,application_workload,,,,,,,
vus,1784713462,0.000000,,,,,,,,,,,,,,,,
vus_max,1784713462,20.000000,,,,,,,,,,,,,,,,
http_reqs,1784713462,1.000000,,,,true,,GET,http://localhost:8080/work,HTTP/1.1,application_workload,,200,,,http://localhost:8080/work,,
http_req_duration,1784713462,53.899000,,,,true,,GET,http://localhost:8080/work,HTTP/1.1,application_workload,,200,,,http://localhost:8080/work,,
http_req_blocked,1784713462,2.958300,,,,true,,GET,http://localhost:8080/work,HTTP/1.1,application_workload,,200,,,http://localhost:8080/work,,
http_req_connecting,1784713462,2.958300,,,,true,,GET,http://localhost:8080/work,HTTP/1.1,application_workload,,200,,,http://localhost:8080/work,,
http_req_tls_handshaking,1784713462,0.000000,,,,true,,GET,http://localhost:8080/work,HTTP/1.1,application_workload,,200,,,http://localhost:8080/work,,
http_req_sending,1784713462,0.000000,,,,true,,GET,http://localhost:8080/work,HTTP/1.1,application_workload,,200,,,http://localhost:8080/work,,
http_req_waiting,1784713462,53.899000,,,,true,,GET,http://localhost:8080/work,HTTP/1.1,application_workload,,200,,,http://localhost:8080/work,,
http_req_receiving,1784713462,0.000000,,,,true,,GET,http://localhost:8080/work,HTTP/1.1,application_workload,,200,,,http://localhost:8080/work,,
http_req_failed,1784713462,0.000000,,,,true,,GET,http://localhost:8080/work,HTTP/1.1,application_workload,,200,,,http://localhost:8080/work,,
checks,1784713462,1.000000,status is 200,,,,,,,,application_workload,,,,,,,
data_sent,1784713462,74.000000,,,,,,,,,application_workload,,,,,,,
data_received,1784713462,269.000000,,,,,,,,,application_workload,,,,,,,
iteration_duration,1784713462,57.409500,,,,,,,,,application_workload,,,,,,,
iterations,1784713462,1.000000,,,,,,,,,application_workload,,,,,,,
vus,1784713463,0.000000,,,,,,,,,,,,,,,,
vus_max,1784713463,20.000000,,,,,,,,,,,,,,,,
http_reqs,1784713463,1.000000,,,,true,,GET,http://localhost:8080/work,HTTP/1.1,application_workload,,200,,,http://localhost:8080/work,,
http_req_duration,1784713463,97.870600,,,,true,,GET,http://localhost:8080/work,HTTP/1.1,application_workload,,200,,,http://localhost:8080/work,,
http_req_blocked,1784713463,2.932300,,,,true,,GET,http://localhost:8080/work,HTTP/1.1,application_workload,,200,,,http://localhost:8080/work,,
http_req_connecting,1784713463,2.932300,,,,true,,GET,http://localhost:8080/work,HTTP/1.1,application_workload,,200,,,http://localhost:8080/work,,
http_req_tls_handshaking,1784713463,0.000000,,,,true,,GET,http://localhost:8080/work,HTTP/1.1,application_workload,,200,,,http://localhost:8080/work,,
http_req_sending,1784713463,0.000000,,,,true,,GET,http://localhost:8080/work,HTTP/1.1,application_workload,,200,,,http://localhost:8080/work,,
http_req_waiting,1784713463,96.244400,,,,true,,GET,http://localhost:8080/work,HTTP/1.1,application_workload,,200,,,http://localhost:8080/work,,
http_req_receiving,1784713463,1.626200,,,,true,,GET,http://localhost:8080/work,HTTP/1.1,application_workload,,200,,,http://localhost:8080/work,,
http_req_failed,1784713463,0.000000,,,,true,,GET,http://localhost:8080/work,HTTP/1.1,application_workload,,200,,,http://localhost:8080/work,,
checks,1784713463,1.000000,status is 200,,,,,,,,application_workload,,,,,,,
data_sent,1784713463,74.000000,,,,,,,,,application_workload,,,,,,,
data_received,1784713463,268.000000,,,,,,,,,application_workload,,,,,,,
iteration_duration,1784713463,101.806400,,,,,,,,,application_workload,,,,,,,
iterations,1784713463,1.000000,,,,,,,,,application_workload,,,,,,,
vus,1784713464,0.000000,,,,,,,,,,,,,,,,
vus_max,1784713464,20.000000,,,,,,,,,,,,,,,,
http_reqs,1784713464,1.000000,,,,true,,GET,http://localhost:8080/work,HTTP/1.1,application_workload,,200,,,http://localhost:8080/work,,
http_req_duration,1784713464,99.950900,,,,true,,GET,http://localhost:8080/work,HTTP/1.1,application_workload,,200,,,http://localhost:8080/work,,
http_req_blocked,1784713464,0.000000,,,,true,,GET,http://localhost:8080/work,HTTP/1.1,application_workload,,200,,,http://localhost:8080/work,,
http_req_connecting,1784713464,0.000000,,,,true,,GET,http://localhost:8080/work,HTTP/1.1,application_workload,,200,,,http://localhost:8080/work,,
http_req_tls_handshaking,1784713464,0.000000,,,,true,,GET,http://localhost:8080/work,HTTP/1.1,application_workload,,200,,,http://localhost:8080/work,,
http_req_sending,1784713464,0.000000,,,,true,,GET,http://localhost:8080/work,HTTP/1.1,application_workload,,200,,,http://localhost:8080/work,,
http_req_waiting,1784713464,99.950900,,,,true,,GET,http://localhost:8080/work,HTTP/1.1,application_workload,,200,,,http://localhost:8080/work,,
http_req_receiving,1784713464,0.000000,,,,true,,GET,http://localhost:8080/work,HTTP/1.1,application_workload,,200,,,http://localhost:8080/work,,
http_req_failed,1784713464,0.000000,,,,true,,GET,http://localhost:8080/work,HTTP/1.1,application_workload,,200,,,http://localhost:8080/work,,
checks,1784713464,1.000000,status is 200,,,,,,,,application_workload,,,,,,,
data_sent,1784713464,74.000000,,,,,,,,,application_workload,,,,,,,
data_received,1784713464,269.000000,,,,,,,,,application_workload,,,,,,,
iteration_duration,1784713464,99.950900,,,,,,,,,application_workload,,,,,,,
iterations,1784713464,1.000000,,,,,,,,,application_workload,,,,,,,
vus,1784713465,0.000000,,,,,,,,,,,,,,,,
vus_max,1784713465,20.000000,,,,,,,,,,,,,,,,
http_reqs,1784713465,1.000000,,,,true,,GET,http://localhost:8080/work,HTTP/1.1,application_workload,,200,,,http://localhost:8080/work,,
http_req_duration,1784713465,90.403600,,,,true,,GET,http://localhost:8080/work,HTTP/1.1,application_workload,,200,,,http://localhost:8080/work,,
http_req_blocked,1784713465,9.862400,,,,true,,GET,http://localhost:8080/work,HTTP/1.1,application_workload,,200,,,http://localhost:8080/work,,
http_req_connecting,1784713465,9.862400,,,,true,,GET,http://localhost:8080/work,HTTP/1.1,application_workload,,200,,,http://localhost:8080/work,,
http_req_tls_handshaking,1784713465,0.000000,,,,true,,GET,http://localhost:8080/work,HTTP/1.1,application_workload,,200,,,http://localhost:8080/work,,
http_req_sending,1784713465,0.000000,,,,true,,GET,http://localhost:8080/work,HTTP/1.1,application_workload,,200,,,http://localhost:8080/work,,
http_req_waiting,1784713465,90.403600,,,,true,,GET,http://localhost:8080/work,HTTP/1.1,application_workload,,200,,,http://localhost:8080/work,,
http_req_receiving,1784713465,0.000000,,,,true,,GET,http://localhost:8080/work,HTTP/1.1,application_workload,,200,,,http://localhost:8080/work,,
http_req_failed,1784713465,0.000000,,,,true,,GET,http://localhost:8080/work,HTTP/1.1,application_workload,,200,,,http://localhost:8080/work,,
checks,1784713465,1.000000,status is 200,,,,,,,,application_workload,,,,,,,
data_sent,1784713465,74.000000,,,,,,,,,application_workload,,,,,,,
data_received,1784713465,268.000000,,,,,,,,,application_workload,,,,,,,
iteration_duration,1784713465,100.266000,,,,,,,,,application_workload,,,,,,,
iterations,1784713465,1.000000,,,,,,,,,application_workload,,,,,,,
vus,1784713466,0.000000,,,,,,,,,,,,,,,,
vus_max,1784713466,20.000000,,,,,,,,,,,,,,,,
http_reqs,1784713466,1.000000,,,,true,,GET,http://localhost:8080/work,HTTP/1.1,application_workload,,200,,,http://localhost:8080/work,,
http_req_duration,1784713466,156.321100,,,,true,,GET,http://localhost:8080/work,HTTP/1.1,application_workload,,200,,,http://localhost:8080/work,,
http_req_blocked,1784713466,0.858600,,,,true,,GET,http://localhost:8080/work,HTTP/1.1,application_workload,,200,,,http://localhost:8080/work,,
http_req_connecting,1784713466,0.858600,,,,true,,GET,http://localhost:8080/work,HTTP/1.1,application_workload,,200,,,http://localhost:8080/work,,
http_req_tls_handshaking,1784713466,0.000000,,,,true,,GET,http://localhost:8080/work,HTTP/1.1,application_workload,,200,,,http://localhost:8080/work,,
http_req_sending,1784713466,0.000000,,,,true,,GET,http://localhost:8080/work,HTTP/1.1,application_workload,,200,,,http://localhost:8080/work,,
http_req_waiting,1784713466,156.321100,,,,true,,GET,http://localhost:8080/work,HTTP/1.1,application_workload,,200,,,http://localhost:8080/work,,
http_req_receiving,1784713466,0.000000,,,,true,,GET,http://localhost:8080/work,HTTP/1.1,application_workload,,200,,,http://localhost:8080/work,,
http_req_failed,1784713466,0.000000,,,,true,,GET,http://localhost:8080/work,HTTP/1.1,application_workload,,200,,,http://localhost:8080/work,,
checks,1784713466,1.000000,status is 200,,,,,,,,application_workload,,,,,,,
data_sent,1784713466,74.000000,,,,,,,,,application_workload,,,,,,,
data_received,1784713466,269.000000,,,,,,,,,application_workload,,,,,,,
iteration_duration,1784713466,157.179700,,,,,,,,,application_workload,,,,,,,
iterations,1784713466,1.000000,,,,,,,,,application_workload,,,,,,,
vus,1784713467,0.000000,,,,,,,,,,,,,,,,
vus_max,1784713467,20.000000,,,,,,,,,,,,,,,,
http_reqs,1784713467,1.000000,,,,true,,GET,http://localhost:8080/work,HTTP/1.1,application_workload,,200,,,http://localhost:8080/work,,
http_req_duration,1784713467,99.862200,,,,true,,GET,http://localhost:8080/work,HTTP/1.1,application_workload,,200,,,http://localhost:8080/work,,
http_req_blocked,1784713467,0.000000,,,,true,,GET,http://localhost:8080/work,HTTP/1.1,application_workload,,200,,,http://localhost:8080/work,,
http_req_connecting,1784713467,0.000000,,,,true,,GET,http://localhost:8080/work,HTTP/1.1,application_workload,,200,,,http://localhost:8080/work,,
http_req_tls_handshaking,1784713467,0.000000,,,,true,,GET,http://localhost:8080/work,HTTP/1.1,application_workload,,200,,,http://localhost:8080/work,,
http_req_sending,1784713467,0.953200,,,,true,,GET,http://localhost:8080/work,HTTP/1.1,application_workload,,200,,,http://localhost:8080/work,,
http_req_waiting,1784713467,98.909000,,,,true,,GET,http://localhost:8080/work,HTTP/1.1,application_workload,,200,,,http://localhost:8080/work,,
http_req_receiving,1784713467,0.000000,,,,true,,GET,http://localhost:8080/work,HTTP/1.1,application_workload,,200,,,http://localhost:8080/work,,
http_req_failed,1784713467,0.000000,,,,true,,GET,http://localhost:8080/work,HTTP/1.1,application_workload,,200,,,http://localhost:8080/work,,
checks,1784713467,1.000000,status is 200,,,,,,,,application_workload,,,,,,,
data_sent,1784713467,74.000000,,,,,,,,,application_workload,,,,,,,
data_received,1784713467,268.000000,,,,,,,,,application_workload,,,,,,,
iteration_duration,1784713467,99.862200,,,,,,,,,application_workload,,,,,,,
iterations,1784713467,1.000000,,,,,,,,,application_workload,,,,,,,
vus,1784713468,0.000000,,,,,,,,,,,,,,,,
vus_max,1784713468,20.000000,,,,,,,,,,,,,,,,
http_reqs,1784713468,1.000000,,,,true,,GET,http://localhost:8080/work,HTTP/1.1,application_workload,,200,,,http://localhost:8080/work,,
http_req_duration,1784713468,94.004700,,,,true,,GET,http://localhost:8080/work,HTTP/1.1,application_workload,,200,,,http://localhost:8080/work,,
http_req_blocked,1784713468,4.555000,,,,true,,GET,http://localhost:8080/work,HTTP/1.1,application_workload,,200,,,http://localhost:8080/work,,
http_req_connecting,1784713468,4.555000,,,,true,,GET,http://localhost:8080/work,HTTP/1.1,application_workload,,200,,,http://localhost:8080/work,,
http_req_tls_handshaking,1784713468,0.000000,,,,true,,GET,http://localhost:8080/work,HTTP/1.1,application_workload,,200,,,http://localhost:8080/work,,
http_req_sending,1784713468,0.000000,,,,true,,GET,http://localhost:8080/work,HTTP/1.1,application_workload,,200,,,http://localhost:8080/work,,
http_req_waiting,1784713468,94.004700,,,,true,,GET,http://localhost:8080/work,HTTP/1.1,application_workload,,200,,,http://localhost:8080/work,,
http_req_receiving,1784713468,0.000000,,,,true,,GET,http://localhost:8080/work,HTTP/1.1,application_workload,,200,,,http://localhost:8080/work,,
http_req_failed,1784713468,0.000000,,,,true,,GET,http://localhost:8080/work,HTTP/1.1,application_workload,,200,,,http://localhost:8080/work,,
checks,1784713468,1.000000,status is 200,,,,,,,,application_workload,,,,,,,
data_sent,1784713468,74.000000,,,,,,,,,application_workload,,,,,,,
data_received,1784713468,268.000000,,,,,,,,,application_workload,,,,,,,
iteration_duration,1784713468,98.559700,,,,,,,,,application_workload,,,,,,,
iterations,1784713468,1.000000,,,,,,,,,application_workload,,,,,,,
vus,1784713469,0.000000,,,,,,,,,,,,,,,,
vus_max,1784713469,20.000000,,,,,,,,,,,,,,,,
http_reqs,1784713469,1.000000,,,,true,,GET,http://localhost:8080/work,HTTP/1.1,application_workload,,200,,,http://localhost:8080/work,,
http_req_duration,1784713469,100.009700,,,,true,,GET,http://localhost:8080/work,HTTP/1.1,application_workload,,200,,,http://localhost:8080/work,,
http_req_blocked,1784713469,0.000000,,,,true,,GET,http://localhost:8080/work,HTTP/1.1,application_workload,,200,,,http://localhost:8080/work,,
http_req_connecting,1784713469,0.000000,,,,true,,GET,http://localhost:8080/work,HTTP/1.1,application_workload,,200,,,http://localhost:8080/work,,
http_req_tls_handshaking,1784713469,0.000000,,,,true,,GET,http://localhost:8080/work,HTTP/1.1,application_workload,,200,,,http://localhost:8080/work,,
http_req_sending,1784713469,0.000000,,,,true,,GET,http://localhost:8080/work,HTTP/1.1,application_workload,,200,,,http://localhost:8080/work,,
http_req_waiting,1784713469,100.009700,,,,true,,GET,http://localhost:8080/work,HTTP/1.1,application_workload,,200,,,http://localhost:8080/work,,
http_req_receiving,1784713469,0.000000,,,,true,,GET,http://localhost:8080/work,HTTP/1.1,application_workload,,200,,,http://localhost:8080/work,,
http_req_failed,1784713469,0.000000,,,,true,,GET,http://localhost:8080/work,HTTP/1.1,application_workload,,200,,,http://localhost:8080/work,,
checks,1784713469,1.000000,status is 200,,,,,,,,application_workload,,,,,,,
data_sent,1784713469,74.000000,,,,,,,,,application_workload,,,,,,,
data_received,1784713469,268.000000,,,,,,,,,application_workload,,,,,,,
iteration_duration,1784713469,100.009700,,,,,,,,,application_workload,,,,,,,
iterations,1784713469,1.000000,,,,,,,,,application_workload,,,,,,,
vus,1784713470,0.000000,,,,,,,,,,,,,,,,
vus_max,1784713470,20.000000,,,,,,,,,,,,,,,,
http_reqs,1784713470,1.000000,,,,true,,GET,http://localhost:8080/work,HTTP/1.1,application_workload,,200,,,http://localhost:8080/work,,
http_req_duration,1784713470,93.948700,,,,true,,GET,http://localhost:8080/work,HTTP/1.1,application_workload,,200,,,http://localhost:8080/work,,
http_req_blocked,1784713470,4.102300,,,,true,,GET,http://localhost:8080/work,HTTP/1.1,application_workload,,200,,,http://localhost:8080/work,,
http_req_connecting,1784713470,3.098800,,,,true,,GET,http://localhost:8080/work,HTTP/1.1,application_workload,,200,,,http://localhost:8080/work,,
http_req_tls_handshaking,1784713470,0.000000,,,,true,,GET,http://localhost:8080/work,HTTP/1.1,application_workload,,200,,,http://localhost:8080/work,,
http_req_sending,1784713470,0.000000,,,,true,,GET,http://localhost:8080/work,HTTP/1.1,application_workload,,200,,,http://localhost:8080/work,,
http_req_waiting,1784713470,93.948700,,,,true,,GET,http://localhost:8080/work,HTTP/1.1,application_workload,,200,,,http://localhost:8080/work,,
http_req_receiving,1784713470,0.000000,,,,true,,GET,http://localhost:8080/work,HTTP/1.1,application_workload,,200,,,http://localhost:8080/work,,
http_req_failed,1784713470,0.000000,,,,true,,GET,http://localhost:8080/work,HTTP/1.1,application_workload,,200,,,http://localhost:8080/work,,
checks,1784713470,1.000000,status is 200,,,,,,,,application_workload,,,,,,,
data_sent,1784713470,74.000000,,,,,,,,,application_workload,,,,,,,
data_received,1784713470,269.000000,,,,,,,,,application_workload,,,,,,,
iteration_duration,1784713470,99.083000,,,,,,,,,application_workload,,,,,,,
iterations,1784713470,1.000000,,,,,,,,,application_workload,,,,,,,
vus,1784713471,0.000000,,,,,,,,,,,,,,,,
vus_max,1784713471,20.000000,,,,,,,,,,,,,,,,
http_reqs,1784713471,1.000000,,,,true,,GET,http://localhost:8080/work,HTTP/1.1,application_workload,,200,,,http://localhost:8080/work,,
http_req_duration,1784713471,97.983400,,,,true,,GET,http://localhost:8080/work,HTTP/1.1,application_workload,,200,,,http://localhost:8080/work,,
http_req_blocked,1784713471,1.334800,,,,true,,GET,http://localhost:8080/work,HTTP/1.1,application_workload,,200,,,http://localhost:8080/work,,
http_req_connecting,1784713471,1.334800,,,,true,,GET,http://localhost:8080/work,HTTP/1.1,application_workload,,200,,,http://localhost:8080/work,,
http_req_tls_handshaking,1784713471,0.000000,,,,true,,GET,http://localhost:8080/work,HTTP/1.1,application_workload,,200,,,http://localhost:8080/work,,
http_req_sending,1784713471,0.000000,,,,true,,GET,http://localhost:8080/work,HTTP/1.1,application_workload,,200,,,http://localhost:8080/work,,
http_req_waiting,1784713471,97.983400,,,,true,,GET,http://localhost:8080/work,HTTP/1.1,application_workload,,200,,,http://localhost:8080/work,,
http_req_receiving,1784713471,0.000000,,,,true,,GET,http://localhost:8080/work,HTTP/1.1,application_workload,,200,,,http://localhost:8080/work,,
http_req_failed,1784713471,0.000000,,,,true,,GET,http://localhost:8080/work,HTTP/1.1,application_workload,,200,,,http://localhost:8080/work,,
checks,1784713471,1.000000,status is 200,,,,,,,,application_workload,,,,,,,
data_sent,1784713471,74.000000,,,,,,,,,application_workload,,,,,,,
data_received,1784713471,269.000000,,,,,,,,,application_workload,,,,,,,
iteration_duration,1784713471,99.318200,,,,,,,,,application_workload,,,,,,,
iterations,1784713471,1.000000,,,,,,,,,application_workload,,,,,,,
vus,1784713472,0.000000,,,,,,,,,,,,,,,,
vus_max,1784713472,20.000000,,,,,,,,,,,,,,,,
http_reqs,1784713472,1.000000,,,,true,,GET,http://localhost:8080/work,HTTP/1.1,application_workload,,200,,,http://localhost:8080/work,,
http_req_duration,1784713472,98.463900,,,,true,,GET,http://localhost:8080/work,HTTP/1.1,application_workload,,200,,,http://localhost:8080/work,,
http_req_blocked,1784713472,0.954500,,,,true,,GET,http://localhost:8080/work,HTTP/1.1,application_workload,,200,,,http://localhost:8080/work,,
http_req_connecting,1784713472,0.954500,,,,true,,GET,http://localhost:8080/work,HTTP/1.1,application_workload,,200,,,http://localhost:8080/work,,
http_req_tls_handshaking,1784713472,0.000000,,,,true,,GET,http://localhost:8080/work,HTTP/1.1,application_workload,,200,,,http://localhost:8080/work,,
http_req_sending,1784713472,0.000000,,,,true,,GET,http://localhost:8080/work,HTTP/1.1,application_workload,,200,,,http://localhost:8080/work,,
http_req_waiting,1784713472,98.463900,,,,true,,GET,http://localhost:8080/work,HTTP/1.1,application_workload,,200,,,http://localhost:8080/work,,
http_req_receiving,1784713472,0.000000,,,,true,,GET,http://localhost:8080/work,HTTP/1.1,application_workload,,200,,,http://localhost:8080/work,,
http_req_failed,1784713472,0.000000,,,,true,,GET,http://localhost:8080/work,HTTP/1.1,application_workload,,200,,,http://localhost:8080/work,,
checks,1784713472,1.000000,status is 200,,,,,,,,application_workload,,,,,,,
data_sent,1784713472,74.000000,,,,,,,,,application_workload,,,,,,,
data_received,1784713472,269.000000,,,,,,,,,application_workload,,,,,,,
iteration_duration,1784713472,99.418400,,,,,,,,,application_workload,,,,,,,
iterations,1784713472,1.000000,,,,,,,,,application_workload,,,,,,,
vus,1784713473,0.000000,,,,,,,,,,,,,,,,
vus_max,1784713473,20.000000,,,,,,,,,,,,,,,,
http_reqs,1784713473,1.000000,,,,true,,GET,http://localhost:8080/work,HTTP/1.1,application_workload,,200,,,http://localhost:8080/work,,
http_req_duration,1784713473,99.511000,,,,true,,GET,http://localhost:8080/work,HTTP/1.1,application_workload,,200,,,http://localhost:8080/work,,
http_req_blocked,1784713473,0.360100,,,,true,,GET,http://localhost:8080/work,HTTP/1.1,application_workload,,200,,,http://localhost:8080/work,,
http_req_connecting,1784713473,0.360100,,,,true,,GET,http://localhost:8080/work,HTTP/1.1,application_workload,,200,,,http://localhost:8080/work,,
http_req_tls_handshaking,1784713473,0.000000,,,,true,,GET,http://localhost:8080/work,HTTP/1.1,application_workload,,200,,,http://localhost:8080/work,,
http_req_sending,1784713473,0.534900,,,,true,,GET,http://localhost:8080/work,HTTP/1.1,application_workload,,200,,,http://localhost:8080/work,,
http_req_waiting,1784713473,98.976100,,,,true,,GET,http://localhost:8080/work,HTTP/1.1,application_workload,,200,,,http://localhost:8080/work,,
http_req_receiving,1784713473,0.000000,,,,true,,GET,http://localhost:8080/work,HTTP/1.1,application_workload,,200,,,http://localhost:8080/work,,
http_req_failed,1784713473,0.000000,,,,true,,GET,http://localhost:8080/work,HTTP/1.1,application_workload,,200,,,http://localhost:8080/work,,
checks,1784713473,1.000000,status is 200,,,,,,,,application_workload,,,,,,,
data_sent,1784713473,74.000000,,,,,,,,,application_workload,,,,,,,
data_received,1784713473,269.000000,,,,,,,,,application_workload,,,,,,,
iteration_duration,1784713473,99.871100,,,,,,,,,application_workload,,,,,,,
iterations,1784713473,1.000000,,,,,,,,,application_workload,,,,,,,
vus,1784713474,0.000000,,,,,,,,,,,,,,,,
vus_max,1784713474,20.000000,,,,,,,,,,,,,,,,
http_reqs,1784713474,1.000000,,,,true,,GET,http://localhost:8080/work,HTTP/1.1,application_workload,,200,,,http://localhost:8080/work,,
http_req_duration,1784713474,197.209300,,,,true,,GET,http://localhost:8080/work,HTTP/1.1,application_workload,,200,,,http://localhost:8080/work,,
http_req_blocked,1784713474,1.007100,,,,true,,GET,http://localhost:8080/work,HTTP/1.1,application_workload,,200,,,http://localhost:8080/work,,
http_req_connecting,1784713474,1.007100,,,,true,,GET,http://localhost:8080/work,HTTP/1.1,application_workload,,200,,,http://localhost:8080/work,,
http_req_tls_handshaking,1784713474,0.000000,,,,true,,GET,http://localhost:8080/work,HTTP/1.1,application_workload,,200,,,http://localhost:8080/work,,
http_req_sending,1784713474,0.000000,,,,true,,GET,http://localhost:8080/work,HTTP/1.1,application_workload,,200,,,http://localhost:8080/work,,
http_req_waiting,1784713474,197.209300,,,,true,,GET,http://localhost:8080/work,HTTP/1.1,application_workload,,200,,,http://localhost:8080/work,,
http_req_receiving,1784713474,0.000000,,,,true,,GET,http://localhost:8080/work,HTTP/1.1,application_workload,,200,,,http://localhost:8080/work,,
http_req_failed,1784713474,0.000000,,,,true,,GET,http://localhost:8080/work,HTTP/1.1,application_workload,,200,,,http://localhost:8080/work,,
checks,1784713474,1.000000,status is 200,,,,,,,,application_workload,,,,,,,
data_sent,1784713474,74.000000,,,,,,,,,application_workload,,,,,,,
data_received,1784713474,269.000000,,,,,,,,,application_workload,,,,,,,
iteration_duration,1784713474,199.212200,,,,,,,,,application_workload,,,,,,,
iterations,1784713474,1.000000,,,,,,,,,application_workload,,,,,,,
vus,1784713475,0.000000,,,,,,,,,,,,,,,,
vus_max,1784713475,20.000000,,,,,,,,,,,,,,,,
http_reqs,1784713475,1.000000,,,,true,,GET,http://localhost:8080/work,HTTP/1.1,application_workload,,200,,,http://localhost:8080/work,,
http_req_duration,1784713475,95.358700,,,,true,,GET,http://localhost:8080/work,HTTP/1.1,application_workload,,200,,,http://localhost:8080/work,,
http_req_blocked,1784713475,2.494300,,,,true,,GET,http://localhost:8080/work,HTTP/1.1,application_workload,,200,,,http://localhost:8080/work,,
http_req_connecting,1784713475,2.494300,,,,true,,GET,http://localhost:8080/work,HTTP/1.1,application_workload,,200,,,http://localhost:8080/work,,
http_req_tls_handshaking,1784713475,0.000000,,,,true,,GET,http://localhost:8080/work,HTTP/1.1,application_workload,,200,,,http://localhost:8080/work,,
http_req_sending,1784713475,0.000000,,,,true,,GET,http://localhost:8080/work,HTTP/1.1,application_workload,,200,,,http://localhost:8080/work,,
http_req_waiting,1784713475,95.358700,,,,true,,GET,http://localhost:8080/work,HTTP/1.1,application_workload,,200,,,http://localhost:8080/work,,
http_req_receiving,1784713475,0.000000,,,,true,,GET,http://localhost:8080/work,HTTP/1.1,application_workload,,200,,,http://localhost:8080/work,,
http_req_failed,1784713475,0.000000,,,,true,,GET,http://localhost:8080/work,HTTP/1.1,application_workload,,200,,,http://localhost:8080/work,,
checks,1784713475,1.000000,status is 200,,,,,,,,application_workload,,,,,,,
data_sent,1784713475,74.000000,,,,,,,,,application_workload,,,,,,,
data_received,1784713475,268.000000,,,,,,,,,application_workload,,,,,,,
iteration_duration,1784713475,98.877000,,,,,,,,,application_workload,,,,,,,
iterations,1784713475,1.000000,,,,,,,,,application_workload,,,,,,,
vus,1784713476,0.000000,,,,,,,,,,,,,,,,
vus_max,1784713476,20.000000,,,,,,,,,,,,,,,,
http_reqs,1784713476,1.000000,,,,true,,GET,http://localhost:8080/work,HTTP/1.1,application_workload,,200,,,http://localhost:8080/work,,
http_req_duration,1784713476,297.924900,,,,true,,GET,http://localhost:8080/work,HTTP/1.1,application_workload,,200,,,http://localhost:8080/work,,
http_req_blocked,1784713476,1.001600,,,,true,,GET,http://localhost:8080/work,HTTP/1.1,application_workload,,200,,,http://localhost:8080/work,,
http_req_connecting,1784713476,1.001600,,,,true,,GET,http://localhost:8080/work,HTTP/1.1,application_workload,,200,,,http://localhost:8080/work,,
http_req_tls_handshaking,1784713476,0.000000,,,,true,,GET,http://localhost:8080/work,HTTP/1.1,application_workload,,200,,,http://localhost:8080/work,,
http_req_sending,1784713476,0.000000,,,,true,,GET,http://localhost:8080/work,HTTP/1.1,application_workload,,200,,,http://localhost:8080/work,,
http_req_waiting,1784713476,297.924900,,,,true,,GET,http://localhost:8080/work,HTTP/1.1,application_workload,,200,,,http://localhost:8080/work,,
http_req_receiving,1784713476,0.000000,,,,true,,GET,http://localhost:8080/work,HTTP/1.1,application_workload,,200,,,http://localhost:8080/work,,
http_req_failed,1784713476,0.000000,,,,true,,GET,http://localhost:8080/work,HTTP/1.1,application_workload,,200,,,http://localhost:8080/work,,
checks,1784713476,1.000000,status is 200,,,,,,,,application_workload,,,,,,,
data_sent,1784713476,74.000000,,,,,,,,,application_workload,,,,,,,
data_received,1784713476,268.000000,,,,,,,,,application_workload,,,,,,,
iteration_duration,1784713476,299.450000,,,,,,,,,application_workload,,,,,,,
iterations,1784713476,1.000000,,,,,,,,,application_workload,,,,,,,
vus,1784713477,0.000000,,,,,,,,,,,,,,,,
vus_max,1784713477,20.000000,,,,,,,,,,,,,,,,
http_reqs,1784713477,1.000000,,,,true,,GET,http://localhost:8080/work,HTTP/1.1,application_workload,,200,,,http://localhost:8080/work,,
http_req_duration,1784713477,99.762100,,,,true,,GET,http://localhost:8080/work,HTTP/1.1,application_workload,,200,,,http://localhost:8080/work,,
http_req_blocked,1784713477,1.056500,,,,true,,GET,http://localhost:8080/work,HTTP/1.1,application_workload,,200,,,http://localhost:8080/work,,
http_req_connecting,1784713477,1.056500,,,,true,,GET,http://localhost:8080/work,HTTP/1.1,application_workload,,200,,,http://localhost:8080/work,,
http_req_tls_handshaking,1784713477,0.000000,,,,true,,GET,http://localhost:8080/work,HTTP/1.1,application_workload,,200,,,http://localhost:8080/work,,
http_req_sending,1784713477,0.508300,,,,true,,GET,http://localhost:8080/work,HTTP/1.1,application_workload,,200,,,http://localhost:8080/work,,
http_req_waiting,1784713477,99.253800,,,,true,,GET,http://localhost:8080/work,HTTP/1.1,application_workload,,200,,,http://localhost:8080/work,,
http_req_receiving,1784713477,0.000000,,,,true,,GET,http://localhost:8080/work,HTTP/1.1,application_workload,,200,,,http://localhost:8080/work,,
http_req_failed,1784713477,0.000000,,,,true,,GET,http://localhost:8080/work,HTTP/1.1,application_workload,,200,,,http://localhost:8080/work,,
checks,1784713477,1.000000,status is 200,,,,,,,,application_workload,,,,,,,
data_sent,1784713477,74.000000,,,,,,,,,application_workload,,,,,,,
data_received,1784713477,269.000000,,,,,,,,,application_workload,,,,,,,
iteration_duration,1784713477,101.714500,,,,,,,,,application_workload,,,,,,,
iterations,1784713477,1.000000,,,,,,,,,application_workload,,,,,,,
vus,1784713478,0.000000,,,,,,,,,,,,,,,,
vus_max,1784713478,20.000000,,,,,,,,,,,,,,,,
http_reqs,1784713478,1.000000,,,,true,,GET,http://localhost:8080/work,HTTP/1.1,application_workload,,200,,,http://localhost:8080/work,,
http_req_duration,1784713478,96.181400,,,,true,,GET,http://localhost:8080/work,HTTP/1.1,application_workload,,200,,,http://localhost:8080/work,,
http_req_blocked,1784713478,2.000200,,,,true,,GET,http://localhost:8080/work,HTTP/1.1,application_workload,,200,,,http://localhost:8080/work,,
http_req_connecting,1784713478,2.000200,,,,true,,GET,http://localhost:8080/work,HTTP/1.1,application_workload,,200,,,http://localhost:8080/work,,
http_req_tls_handshaking,1784713478,0.000000,,,,true,,GET,http://localhost:8080/work,HTTP/1.1,application_workload,,200,,,http://localhost:8080/work,,
http_req_sending,1784713478,0.000000,,,,true,,GET,http://localhost:8080/work,HTTP/1.1,application_workload,,200,,,http://localhost:8080/work,,
http_req_waiting,1784713478,96.181400,,,,true,,GET,http://localhost:8080/work,HTTP/1.1,application_workload,,200,,,http://localhost:8080/work,,
http_req_receiving,1784713478,0.000000,,,,true,,GET,http://localhost:8080/work,HTTP/1.1,application_workload,,200,,,http://localhost:8080/work,,
http_req_failed,1784713478,0.000000,,,,true,,GET,http://localhost:8080/work,HTTP/1.1,application_workload,,200,,,http://localhost:8080/work,,
checks,1784713478,1.000000,status is 200,,,,,,,,application_workload,,,,,,,
data_sent,1784713478,74.000000,,,,,,,,,application_workload,,,,,,,
data_received,1784713478,269.000000,,,,,,,,,application_workload,,,,,,,
iteration_duration,1784713478,98.181600,,,,,,,,,application_workload,,,,,,,
iterations,1784713478,1.000000,,,,,,,,,application_workload,,,,,,,
vus,1784713479,0.000000,,,,,,,,,,,,,,,,
vus_max,1784713479,20.000000,,,,,,,,,,,,,,,,
http_reqs,1784713479,1.000000,,,,true,,GET,http://localhost:8080/work,HTTP/1.1,application_workload,,200,,,http://localhost:8080/work,,
http_req_duration,1784713479,97.336800,,,,true,,GET,http://localhost:8080/work,HTTP/1.1,application_workload,,200,,,http://localhost:8080/work,,
http_req_blocked,1784713479,1.716200,,,,true,,GET,http://localhost:8080/work,HTTP/1.1,application_workload,,200,,,http://localhost:8080/work,,
http_req_connecting,1784713479,1.667100,,,,true,,GET,http://localhost:8080/work,HTTP/1.1,application_workload,,200,,,http://localhost:8080/work,,
http_req_tls_handshaking,1784713479,0.000000,,,,true,,GET,http://localhost:8080/work,HTTP/1.1,application_workload,,200,,,http://localhost:8080/work,,
http_req_sending,1784713479,0.049100,,,,true,,GET,http://localhost:8080/work,HTTP/1.1,application_workload,,200,,,http://localhost:8080/work,,
http_req_waiting,1784713479,97.287700,,,,true,,GET,http://localhost:8080/work,HTTP/1.1,application_workload,,200,,,http://localhost:8080/work,,
http_req_receiving,1784713479,0.000000,,,,true,,GET,http://localhost:8080/work,HTTP/1.1,application_workload,,200,,,http://localhost:8080/work,,
http_req_failed,1784713479,0.000000,,,,true,,GET,http://localhost:8080/work,HTTP/1.1,application_workload,,200,,,http://localhost:8080/work,,
checks,1784713479,1.000000,status is 200,,,,,,,,application_workload,,,,,,,
data_sent,1784713479,74.000000,,,,,,,,,application_workload,,,,,,,
data_received,1784713479,267.000000,,,,,,,,,application_workload,,,,,,,
iteration_duration,1784713479,99.551900,,,,,,,,,application_workload,,,,,,,
iterations,1784713479,1.000000,,,,,,,,,application_workload,,,,,,,
vus,1784713480,0.000000,,,,,,,,,,,,,,,,
vus_max,1784713480,20.000000,,,,,,,,,,,,,,,,
http_reqs,1784713480,1.000000,,,,true,,GET,http://localhost:8080/work,HTTP/1.1,application_workload,,200,,,http://localhost:8080/work,,
http_req_duration,1784713480,92.737900,,,,true,,GET,http://localhost:8080/work,HTTP/1.1,application_workload,,200,,,http://localhost:8080/work,,
http_req_blocked,1784713480,1.507200,,,,true,,GET,http://localhost:8080/work,HTTP/1.1,application_workload,,200,,,http://localhost:8080/work,,
http_req_connecting,1784713480,1.507200,,,,true,,GET,http://localhost:8080/work,HTTP/1.1,application_workload,,200,,,http://localhost:8080/work,,
http_req_tls_handshaking,1784713480,0.000000,,,,true,,GET,http://localhost:8080/work,HTTP/1.1,application_workload,,200,,,http://localhost:8080/work,,
http_req_sending,1784713480,0.000000,,,,true,,GET,http://localhost:8080/work,HTTP/1.1,application_workload,,200,,,http://localhost:8080/work,,
http_req_waiting,1784713480,92.737900,,,,true,,GET,http://localhost:8080/work,HTTP/1.1,application_workload,,200,,,http://localhost:8080/work,,
http_req_receiving,1784713480,0.000000,,,,true,,GET,http://localhost:8080/work,HTTP/1.1,application_workload,,200,,,http://localhost:8080/work,,
http_req_failed,1784713480,0.000000,,,,true,,GET,http://localhost:8080/work,HTTP/1.1,application_workload,,200,,,http://localhost:8080/work,,
checks,1784713480,1.000000,status is 200,,,,,,,,application_workload,,,,,,,
data_sent,1784713480,74.000000,,,,,,,,,application_workload,,,,,,,
data_received,1784713480,269.000000,,,,,,,,,application_workload,,,,,,,
iteration_duration,1784713480,95.801400,,,,,,,,,application_workload,,,,,,,
iterations,1784713480,1.000000,,,,,,,,,application_workload,,,,,,,
vus,1784713481,0.000000,,,,,,,,,,,,,,,,
vus_max,1784713481,20.000000,,,,,,,,,,,,,,,,
http_reqs,1784713481,1.000000,,,,true,,GET,http://localhost:8080/work,HTTP/1.1,application_workload,,200,,,http://localhost:8080/work,,
http_req_duration,1784713481,93.770200,,,,true,,GET,http://localhost:8080/work,HTTP/1.1,application_workload,,200,,,http://localhost:8080/work,,
http_req_blocked,1784713481,2.812600,,,,true,,GET,http://localhost:8080/work,HTTP/1.1,application_workload,,200,,,http://localhost:8080/work,,
http_req_connecting,1784713481,2.295600,,,,true,,GET,http://localhost:8080/work,HTTP/1.1,application_workload,,200,,,http://localhost:8080/work,,
http_req_tls_handshaking,1784713481,0.000000,,,,true,,GET,http://localhost:8080/work,HTTP/1.1,application_workload,,200,,,http://localhost:8080/work,,
http_req_sending,1784713481,0.000000,,,,true,,GET,http://localhost:8080/work,HTTP/1.1,application_workload,,200,,,http://localhost:8080/work,,
http_req_waiting,1784713481,93.770200,,,,true,,GET,http://localhost:8080/work,HTTP/1.1,application_workload,,200,,,http://localhost:8080/work,,
http_req_receiving,1784713481,0.000000,,,,true,,GET,http://localhost:8080/work,HTTP/1.1,application_workload,,200,,,http://localhost:8080/work,,
http_req_failed,1784713481,0.000000,,,,true,,GET,http://localhost:8080/work,HTTP/1.1,application_workload,,200,,,http://localhost:8080/work,,
checks,1784713481,1.000000,status is 200,,,,,,,,application_workload,,,,,,,
data_sent,1784713481,74.000000,,,,,,,,,application_workload,,,,,,,
data_received,1784713481,268.000000,,,,,,,,,application_workload,,,,,,,
iteration_duration,1784713481,97.596100,,,,,,,,,application_workload,,,,,,,
iterations,1784713481,1.000000,,,,,,,,,application_workload,,,,,,,
vus,1784713482,0.000000,,,,,,,,,,,,,,,,
vus_max,1784713482,20.000000,,,,,,,,,,,,,,,,
http_reqs,1784713482,1.000000,,,,true,,GET,http://localhost:8080/work,HTTP/1.1,application_workload,,200,,,http://localhost:8080/work,,
http_req_duration,1784713482,97.964900,,,,true,,GET,http://localhost:8080/work,HTTP/1.1,application_workload,,200,,,http://localhost:8080/work,,
http_req_blocked,1784713482,1.056200,,,,true,,GET,http://localhost:8080/work,HTTP/1.1,application_workload,,200,,,http://localhost:8080/work,,
http_req_connecting,1784713482,1.056200,,,,true,,GET,http://localhost:8080/work,HTTP/1.1,application_workload,,200,,,http://localhost:8080/work,,
http_req_tls_handshaking,1784713482,0.000000,,,,true,,GET,http://localhost:8080/work,HTTP/1.1,application_workload,,200,,,http://localhost:8080/work,,
http_req_sending,1784713482,0.000000,,,,true,,GET,http://localhost:8080/work,HTTP/1.1,application_workload,,200,,,http://localhost:8080/work,,
http_req_waiting,1784713482,97.964900,,,,true,,GET,http://localhost:8080/work,HTTP/1.1,application_workload,,200,,,http://localhost:8080/work,,
http_req_receiving,1784713482,0.000000,,,,true,,GET,http://localhost:8080/work,HTTP/1.1,application_workload,,200,,,http://localhost:8080/work,,
http_req_failed,1784713482,0.000000,,,,true,,GET,http://localhost:8080/work,HTTP/1.1,application_workload,,200,,,http://localhost:8080/work,,
checks,1784713482,1.000000,status is 200,,,,,,,,application_workload,,,,,,,
data_sent,1784713482,74.000000,,,,,,,,,application_workload,,,,,,,
data_received,1784713482,268.000000,,,,,,,,,application_workload,,,,,,,
iteration_duration,1784713482,99.021100,,,,,,,,,application_workload,,,,,,,
iterations,1784713482,1.000000,,,,,,,,,application_workload,,,,,,,
vus,1784713483,0.000000,,,,,,,,,,,,,,,,
vus_max,1784713483,20.000000,,,,,,,,,,,,,,,,
http_reqs,1784713483,1.000000,,,,true,,GET,http://localhost:8080/work,HTTP/1.1,application_workload,,200,,,http://localhost:8080/work,,
http_req_duration,1784713483,99.076300,,,,true,,GET,http://localhost:8080/work,HTTP/1.1,application_workload,,200,,,http://localhost:8080/work,,
http_req_blocked,1784713483,0.000000,,,,true,,GET,http://localhost:8080/work,HTTP/1.1,application_workload,,200,,,http://localhost:8080/work,,
http_req_connecting,1784713483,0.000000,,,,true,,GET,http://localhost:8080/work,HTTP/1.1,application_workload,,200,,,http://localhost:8080/work,,
http_req_tls_handshaking,1784713483,0.000000,,,,true,,GET,http://localhost:8080/work,HTTP/1.1,application_workload,,200,,,http://localhost:8080/work,,
http_req_sending,1784713483,1.003700,,,,true,,GET,http://localhost:8080/work,HTTP/1.1,application_workload,,200,,,http://localhost:8080/work,,
http_req_waiting,1784713483,98.072600,,,,true,,GET,http://localhost:8080/work,HTTP/1.1,application_workload,,200,,,http://localhost:8080/work,,
http_req_receiving,1784713483,0.000000,,,,true,,GET,http://localhost:8080/work,HTTP/1.1,application_workload,,200,,,http://localhost:8080/work,,
http_req_failed,1784713483,0.000000,,,,true,,GET,http://localhost:8080/work,HTTP/1.1,application_workload,,200,,,http://localhost:8080/work,,
checks,1784713483,1.000000,status is 200,,,,,,,,application_workload,,,,,,,
data_sent,1784713483,74.000000,,,,,,,,,application_workload,,,,,,,
data_received,1784713483,268.000000,,,,,,,,,application_workload,,,,,,,
iteration_duration,1784713483,99.076300,,,,,,,,,application_workload,,,,,,,
iterations,1784713483,1.000000,,,,,,,,,application_workload,,,,,,,
vus,1784713484,0.000000,,,,,,,,,,,,,,,,
vus_max,1784713484,20.000000,,,,,,,,,,,,,,,,
http_reqs,1784713484,1.000000,,,,true,,GET,http://localhost:8080/work,HTTP/1.1,application_workload,,200,,,http://localhost:8080/work,,
http_req_duration,1784713484,97.629500,,,,true,,GET,http://localhost:8080/work,HTTP/1.1,application_workload,,200,,,http://localhost:8080/work,,
http_req_blocked,1784713484,0.947000,,,,true,,GET,http://localhost:8080/work,HTTP/1.1,application_workload,,200,,,http://localhost:8080/work,,
http_req_connecting,1784713484,0.947000,,,,true,,GET,http://localhost:8080/work,HTTP/1.1,application_workload,,200,,,http://localhost:8080/work,,
http_req_tls_handshaking,1784713484,0.000000,,,,true,,GET,http://localhost:8080/work,HTTP/1.1,application_workload,,200,,,http://localhost:8080/work,,
http_req_sending,1784713484,0.000000,,,,true,,GET,http://localhost:8080/work,HTTP/1.1,application_workload,,200,,,http://localhost:8080/work,,
http_req_waiting,1784713484,97.629500,,,,true,,GET,http://localhost:8080/work,HTTP/1.1,application_workload,,200,,,http://localhost:8080/work,,
http_req_receiving,1784713484,0.000000,,,,true,,GET,http://localhost:8080/work,HTTP/1.1,application_workload,,200,,,http://localhost:8080/work,,
http_req_failed,1784713484,0.000000,,,,true,,GET,http://localhost:8080/work,HTTP/1.1,application_workload,,200,,,http://localhost:8080/work,,
checks,1784713484,1.000000,status is 200,,,,,,,,application_workload,,,,,,,
data_sent,1784713484,74.000000,,,,,,,,,application_workload,,,,,,,
data_received,1784713484,269.000000,,,,,,,,,application_workload,,,,,,,
iteration_duration,1784713484,99.115000,,,,,,,,,application_workload,,,,,,,
iterations,1784713484,1.000000,,,,,,,,,application_workload,,,,,,,
vus,1784713485,0.000000,,,,,,,,,,,,,,,,
vus_max,1784713485,20.000000,,,,,,,,,,,,,,,,
http_reqs,1784713485,1.000000,,,,true,,GET,http://localhost:8080/work,HTTP/1.1,application_workload,,200,,,http://localhost:8080/work,,
http_req_duration,1784713485,94.333200,,,,true,,GET,http://localhost:8080/work,HTTP/1.1,application_workload,,200,,,http://localhost:8080/work,,
http_req_blocked,1784713485,3.582300,,,,true,,GET,http://localhost:8080/work,HTTP/1.1,application_workload,,200,,,http://localhost:8080/work,,
http_req_connecting,1784713485,1.023100,,,,true,,GET,http://localhost:8080/work,HTTP/1.1,application_workload,,200,,,http://localhost:8080/work,,
http_req_tls_handshaking,1784713485,0.000000,,,,true,,GET,http://localhost:8080/work,HTTP/1.1,application_workload,,200,,,http://localhost:8080/work,,
http_req_sending,1784713485,0.560900,,,,true,,GET,http://localhost:8080/work,HTTP/1.1,application_workload,,200,,,http://localhost:8080/work,,
http_req_waiting,1784713485,93.772300,,,,true,,GET,http://localhost:8080/work,HTTP/1.1,application_workload,,200,,,http://localhost:8080/work,,
http_req_receiving,1784713485,0.000000,,,,true,,GET,http://localhost:8080/work,HTTP/1.1,application_workload,,200,,,http://localhost:8080/work,,
http_req_failed,1784713485,0.000000,,,,true,,GET,http://localhost:8080/work,HTTP/1.1,application_workload,,200,,,http://localhost:8080/work,,
checks,1784713485,1.000000,status is 200,,,,,,,,application_workload,,,,,,,
data_sent,1784713485,74.000000,,,,,,,,,application_workload,,,,,,,
data_received,1784713485,268.000000,,,,,,,,,application_workload,,,,,,,
iteration_duration,1784713485,98.899500,,,,,,,,,application_workload,,,,,,,
iterations,1784713485,1.000000,,,,,,,,,application_workload,,,,,,,
vus,1784713486,0.000000,,,,,,,,,,,,,,,,
vus_max,1784713486,20.000000,,,,,,,,,,,,,,,,
http_reqs,1784713486,1.000000,,,,true,,GET,http://localhost:8080/work,HTTP/1.1,application_workload,,200,,,http://localhost:8080/work,,
http_req_duration,1784713486,97.978000,,,,true,,GET,http://localhost:8080/work,HTTP/1.1,application_workload,,200,,,http://localhost:8080/work,,
http_req_blocked,1784713486,0.000000,,,,true,,GET,http://localhost:8080/work,HTTP/1.1,application_workload,,200,,,http://localhost:8080/work,,
http_req_connecting,1784713486,0.000000,,,,true,,GET,http://localhost:8080/work,HTTP/1.1,application_workload,,200,,,http://localhost:8080/work,,
http_req_tls_handshaking,1784713486,0.000000,,,,true,,GET,http://localhost:8080/work,HTTP/1.1,application_workload,,200,,,http://localhost:8080/work,,
http_req_sending,1784713486,1.405700,,,,true,,GET,http://localhost:8080/work,HTTP/1.1,application_workload,,200,,,http://localhost:8080/work,,
http_req_waiting,1784713486,96.572300,,,,true,,GET,http://localhost:8080/work,HTTP/1.1,application_workload,,200,,,http://localhost:8080/work,,
http_req_receiving,1784713486,0.000000,,,,true,,GET,http://localhost:8080/work,HTTP/1.1,application_workload,,200,,,http://localhost:8080/work,,
http_req_failed,1784713486,0.000000,,,,true,,GET,http://localhost:8080/work,HTTP/1.1,application_workload,,200,,,http://localhost:8080/work,,
checks,1784713486,1.000000,status is 200,,,,,,,,application_workload,,,,,,,
data_sent,1784713486,74.000000,,,,,,,,,application_workload,,,,,,,
data_received,1784713486,269.000000,,,,,,,,,application_workload,,,,,,,
iteration_duration,1784713486,97.978000,,,,,,,,,application_workload,,,,,,,
iterations,1784713486,1.000000,,,,,,,,,application_workload,,,,,,,
vus,1784713487,0.000000,,,,,,,,,,,,,,,,
vus_max,1784713487,20.000000,,,,,,,,,,,,,,,,
http_reqs,1784713487,1.000000,,,,true,,GET,http://localhost:8080/work,HTTP/1.1,application_workload,,200,,,http://localhost:8080/work,,
http_req_duration,1784713487,97.830400,,,,true,,GET,http://localhost:8080/work,HTTP/1.1,application_workload,,200,,,http://localhost:8080/work,,
http_req_blocked,1784713487,0.990600,,,,true,,GET,http://localhost:8080/work,HTTP/1.1,application_workload,,200,,,http://localhost:8080/work,,
http_req_connecting,1784713487,0.990600,,,,true,,GET,http://localhost:8080/work,HTTP/1.1,application_workload,,200,,,http://localhost:8080/work,,
http_req_tls_handshaking,1784713487,0.000000,,,,true,,GET,http://localhost:8080/work,HTTP/1.1,application_workload,,200,,,http://localhost:8080/work,,
http_req_sending,1784713487,0.000000,,,,true,,GET,http://localhost:8080/work,HTTP/1.1,application_workload,,200,,,http://localhost:8080/work,,
http_req_waiting,1784713487,97.271200,,,,true,,GET,http://localhost:8080/work,HTTP/1.1,application_workload,,200,,,http://localhost:8080/work,,
http_req_receiving,1784713487,0.559200,,,,true,,GET,http://localhost:8080/work,HTTP/1.1,application_workload,,200,,,http://localhost:8080/work,,
http_req_failed,1784713487,0.000000,,,,true,,GET,http://localhost:8080/work,HTTP/1.1,application_workload,,200,,,http://localhost:8080/work,,
checks,1784713487,1.000000,status is 200,,,,,,,,application_workload,,,,,,,
data_sent,1784713487,74.000000,,,,,,,,,application_workload,,,,,,,
data_received,1784713487,268.000000,,,,,,,,,application_workload,,,,,,,
iteration_duration,1784713487,98.821000,,,,,,,,,application_workload,,,,,,,
iterations,1784713487,1.000000,,,,,,,,,application_workload,,,,,,,
vus,1784713488,0.000000,,,,,,,,,,,,,,,,
vus_max,1784713488,20.000000,,,,,,,,,,,,,,,,
http_reqs,1784713488,1.000000,,,,true,,GET,http://localhost:8080/work,HTTP/1.1,application_workload,,200,,,http://localhost:8080/work,,
http_req_duration,1784713488,86.604100,,,,true,,GET,http://localhost:8080/work,HTTP/1.1,application_workload,,200,,,http://localhost:8080/work,,
http_req_blocked,1784713488,1.602400,,,,true,,GET,http://localhost:8080/work,HTTP/1.1,application_workload,,200,,,http://localhost:8080/work,,
http_req_connecting,1784713488,1.073300,,,,true,,GET,http://localhost:8080/work,HTTP/1.1,application_workload,,200,,,http://localhost:8080/work,,
http_req_tls_handshaking,1784713488,0.000000,,,,true,,GET,http://localhost:8080/work,HTTP/1.1,application_workload,,200,,,http://localhost:8080/work,,
http_req_sending,1784713488,0.000000,,,,true,,GET,http://localhost:8080/work,HTTP/1.1,application_workload,,200,,,http://localhost:8080/work,,
http_req_waiting,1784713488,86.604100,,,,true,,GET,http://localhost:8080/work,HTTP/1.1,application_workload,,200,,,http://localhost:8080/work,,
http_req_receiving,1784713488,0.000000,,,,true,,GET,http://localhost:8080/work,HTTP/1.1,application_workload,,200,,,http://localhost:8080/work,,
http_req_failed,1784713488,0.000000,,,,true,,GET,http://localhost:8080/work,HTTP/1.1,application_workload,,200,,,http://localhost:8080/work,,
checks,1784713488,1.000000,status is 200,,,,,,,,application_workload,,,,,,,
data_sent,1784713488,74.000000,,,,,,,,,application_workload,,,,,,,
data_received,1784713488,269.000000,,,,,,,,,application_workload,,,,,,,
iteration_duration,1784713488,98.853400,,,,,,,,,application_workload,,,,,,,
iterations,1784713488,1.000000,,,,,,,,,application_workload,,,,,,,
vus,1784713489,0.000000,,,,,,,,,,,,,,,,
vus_max,1784713489,20.000000,,,,,,,,,,,,,,,,
http_reqs,1784713489,1.000000,,,,true,,GET,http://localhost:8080/work,HTTP/1.1,application_workload,,200,,,http://localhost:8080/work,,
http_req_duration,1784713489,137.811700,,,,true,,GET,http://localhost:8080/work,HTTP/1.1,application_workload,,200,,,http://localhost:8080/work,,
http_req_blocked,1784713489,3.489900,,,,true,,GET,http://localhost:8080/work,HTTP/1.1,application_workload,,200,,,http://localhost:8080/work,,
http_req_connecting,1784713489,3.489900,,,,true,,GET,http://localhost:8080/work,HTTP/1.1,application_workload,,200,,,http://localhost:8080/work,,
http_req_tls_handshaking,1784713489,0.000000,,,,true,,GET,http://localhost:8080/work,HTTP/1.1,application_workload,,200,,,http://localhost:8080/work,,
http_req_sending,1784713489,0.000000,,,,true,,GET,http://localhost:8080/work,HTTP/1.1,application_workload,,200,,,http://localhost:8080/work,,
http_req_waiting,1784713489,137.811700,,,,true,,GET,http://localhost:8080/work,HTTP/1.1,application_workload,,200,,,http://localhost:8080/work,,
http_req_receiving,1784713489,0.000000,,,,true,,GET,http://localhost:8080/work,HTTP/1.1,application_workload,,200,,,http://localhost:8080/work,,
http_req_failed,1784713489,0.000000,,,,true,,GET,http://localhost:8080/work,HTTP/1.1,application_workload,,200,,,http://localhost:8080/work,,
checks,1784713489,1.000000,status is 200,,,,,,,,application_workload,,,,,,,
data_sent,1784713489,74.000000,,,,,,,,,application_workload,,,,,,,
data_received,1784713489,269.000000,,,,,,,,,application_workload,,,,,,,
iteration_duration,1784713489,141.810600,,,,,,,,,application_workload,,,,,,,
iterations,1784713489,1.000000,,,,,,,,,application_workload,,,,,,,
vus,1784713490,0.000000,,,,,,,,,,,,,,,,
vus_max,1784713490,20.000000,,,,,,,,,,,,,,,,
http_reqs,1784713490,1.000000,,,,true,,GET,http://localhost:8080/work,HTTP/1.1,application_workload,,200,,,http://localhost:8080/work,,
http_req_duration,1784713490,97.249100,,,,true,,GET,http://localhost:8080/work,HTTP/1.1,application_workload,,200,,,http://localhost:8080/work,,
http_req_blocked,1784713490,1.531800,,,,true,,GET,http://localhost:8080/work,HTTP/1.1,application_workload,,200,,,http://localhost:8080/work,,
http_req_connecting,1784713490,1.531800,,,,true,,GET,http://localhost:8080/work,HTTP/1.1,application_workload,,200,,,http://localhost:8080/work,,
http_req_tls_handshaking,1784713490,0.000000,,,,true,,GET,http://localhost:8080/work,HTTP/1.1,application_workload,,200,,,http://localhost:8080/work,,
http_req_sending,1784713490,0.000000,,,,true,,GET,http://localhost:8080/work,HTTP/1.1,application_workload,,200,,,http://localhost:8080/work,,
http_req_waiting,1784713490,97.249100,,,,true,,GET,http://localhost:8080/work,HTTP/1.1,application_workload,,200,,,http://localhost:8080/work,,
http_req_receiving,1784713490,0.000000,,,,true,,GET,http://localhost:8080/work,HTTP/1.1,application_workload,,200,,,http://localhost:8080/work,,
http_req_failed,1784713490,0.000000,,,,true,,GET,http://localhost:8080/work,HTTP/1.1,application_workload,,200,,,http://localhost:8080/work,,
checks,1784713490,1.000000,status is 200,,,,,,,,application_workload,,,,,,,
data_sent,1784713490,74.000000,,,,,,,,,application_workload,,,,,,,
data_received,1784713490,268.000000,,,,,,,,,application_workload,,,,,,,
iteration_duration,1784713490,99.397800,,,,,,,,,application_workload,,,,,,,
iterations,1784713490,1.000000,,,,,,,,,application_workload,,,,,,,
vus,1784713491,0.000000,,,,,,,,,,,,,,,,
vus_max,1784713491,20.000000,,,,,,,,,,,,,,,,
http_reqs,1784713491,1.000000,,,,true,,GET,http://localhost:8080/work,HTTP/1.1,application_workload,,200,,,http://localhost:8080/work,,
http_req_duration,1784713491,98.494600,,,,true,,GET,http://localhost:8080/work,HTTP/1.1,application_workload,,200,,,http://localhost:8080/work,,
http_req_blocked,1784713491,0.000000,,,,true,,GET,http://localhost:8080/work,HTTP/1.1,application_workload,,200,,,http://localhost:8080/work,,
http_req_connecting,1784713491,0.000000,,,,true,,GET,http://localhost:8080/work,HTTP/1.1,application_workload,,200,,,http://localhost:8080/work,,
http_req_tls_handshaking,1784713491,0.000000,,,,true,,GET,http://localhost:8080/work,HTTP/1.1,application_workload,,200,,,http://localhost:8080/work,,
http_req_sending,1784713491,0.000000,,,,true,,GET,http://localhost:8080/work,HTTP/1.1,application_workload,,200,,,http://localhost:8080/work,,
http_req_waiting,1784713491,98.494600,,,,true,,GET,http://localhost:8080/work,HTTP/1.1,application_workload,,200,,,http://localhost:8080/work,,
http_req_receiving,1784713491,0.000000,,,,true,,GET,http://localhost:8080/work,HTTP/1.1,application_workload,,200,,,http://localhost:8080/work,,
http_req_failed,1784713491,0.000000,,,,true,,GET,http://localhost:8080/work,HTTP/1.1,application_workload,,200,,,http://localhost:8080/work,,
checks,1784713491,1.000000,status is 200,,,,,,,,application_workload,,,,,,,
data_sent,1784713491,74.000000,,,,,,,,,application_workload,,,,,,,
data_received,1784713491,269.000000,,,,,,,,,application_workload,,,,,,,
iteration_duration,1784713491,99.042700,,,,,,,,,application_workload,,,,,,,
iterations,1784713491,1.000000,,,,,,,,,application_workload,,,,,,,
vus,1784713492,0.000000,,,,,,,,,,,,,,,,
vus_max,1784713492,20.000000,,,,,,,,,,,,,,,,
http_reqs,1784713492,1.000000,,,,true,,GET,http://localhost:8080/work,HTTP/1.1,application_workload,,200,,,http://localhost:8080/work,,
http_req_duration,1784713492,98.519700,,,,true,,GET,http://localhost:8080/work,HTTP/1.1,application_workload,,200,,,http://localhost:8080/work,,
http_req_blocked,1784713492,0.000000,,,,true,,GET,http://localhost:8080/work,HTTP/1.1,application_workload,,200,,,http://localhost:8080/work,,
http_req_connecting,1784713492,0.000000,,,,true,,GET,http://localhost:8080/work,HTTP/1.1,application_workload,,200,,,http://localhost:8080/work,,
http_req_tls_handshaking,1784713492,0.000000,,,,true,,GET,http://localhost:8080/work,HTTP/1.1,application_workload,,200,,,http://localhost:8080/work,,
http_req_sending,1784713492,0.998900,,,,true,,GET,http://localhost:8080/work,HTTP/1.1,application_workload,,200,,,http://localhost:8080/work,,
http_req_waiting,1784713492,97.520800,,,,true,,GET,http://localhost:8080/work,HTTP/1.1,application_workload,,200,,,http://localhost:8080/work,,
http_req_receiving,1784713492,0.000000,,,,true,,GET,http://localhost:8080/work,HTTP/1.1,application_workload,,200,,,http://localhost:8080/work,,
http_req_failed,1784713492,0.000000,,,,true,,GET,http://localhost:8080/work,HTTP/1.1,application_workload,,200,,,http://localhost:8080/work,,
checks,1784713492,1.000000,status is 200,,,,,,,,application_workload,,,,,,,
data_sent,1784713492,74.000000,,,,,,,,,application_workload,,,,,,,
data_received,1784713492,269.000000,,,,,,,,,application_workload,,,,,,,
iteration_duration,1784713492,98.519700,,,,,,,,,application_workload,,,,,,,
iterations,1784713492,1.000000,,,,,,,,,application_workload,,,,,,,
vus,1784713493,0.000000,,,,,,,,,,,,,,,,
vus_max,1784713493,20.000000,,,,,,,,,,,,,,,,
http_reqs,1784713493,1.000000,,,,true,,GET,http://localhost:8080/work,HTTP/1.1,application_workload,,200,,,http://localhost:8080/work,,
http_req_duration,1784713493,95.833900,,,,true,,GET,http://localhost:8080/work,HTTP/1.1,application_workload,,200,,,http://localhost:8080/work,,
http_req_blocked,1784713493,1.559800,,,,true,,GET,http://localhost:8080/work,HTTP/1.1,application_workload,,200,,,http://localhost:8080/work,,
http_req_connecting,1784713493,1.559800,,,,true,,GET,http://localhost:8080/work,HTTP/1.1,application_workload,,200,,,http://localhost:8080/work,,
http_req_tls_handshaking,1784713493,0.000000,,,,true,,GET,http://localhost:8080/work,HTTP/1.1,application_workload,,200,,,http://localhost:8080/work,,
http_req_sending,1784713493,0.295800,,,,true,,GET,http://localhost:8080/work,HTTP/1.1,application_workload,,200,,,http://localhost:8080/work,,
http_req_waiting,1784713493,95.538100,,,,true,,GET,http://localhost:8080/work,HTTP/1.1,application_workload,,200,,,http://localhost:8080/work,,
http_req_receiving,1784713493,0.000000,,,,true,,GET,http://localhost:8080/work,HTTP/1.1,application_workload,,200,,,http://localhost:8080/work,,
http_req_failed,1784713493,0.000000,,,,true,,GET,http://localhost:8080/work,HTTP/1.1,application_workload,,200,,,http://localhost:8080/work,,
checks,1784713493,1.000000,status is 200,,,,,,,,application_workload,,,,,,,
data_sent,1784713493,74.000000,,,,,,,,,application_workload,,,,,,,
data_received,1784713493,268.000000,,,,,,,,,application_workload,,,,,,,
iteration_duration,1784713493,97.393700,,,,,,,,,application_workload,,,,,,,
iterations,1784713493,1.000000,,,,,,,,,application_workload,,,,,,,
vus,1784713494,0.000000,,,,,,,,,,,,,,,,
vus_max,1784713494,20.000000,,,,,,,,,,,,,,,,
http_reqs,1784713494,1.000000,,,,true,,GET,http://localhost:8080/work,HTTP/1.1,application_workload,,200,,,http://localhost:8080/work,,
http_req_duration,1784713494,97.991300,,,,true,,GET,http://localhost:8080/work,HTTP/1.1,application_workload,,200,,,http://localhost:8080/work,,
http_req_blocked,1784713494,0.000000,,,,true,,GET,http://localhost:8080/work,HTTP/1.1,application_workload,,200,,,http://localhost:8080/work,,
http_req_connecting,1784713494,0.000000,,,,true,,GET,http://localhost:8080/work,HTTP/1.1,application_workload,,200,,,http://localhost:8080/work,,
http_req_tls_handshaking,1784713494,0.000000,,,,true,,GET,http://localhost:8080/work,HTTP/1.1,application_workload,,200,,,http://localhost:8080/work,,
http_req_sending,1784713494,1.003500,,,,true,,GET,http://localhost:8080/work,HTTP/1.1,application_workload,,200,,,http://localhost:8080/work,,
http_req_waiting,1784713494,96.987800,,,,true,,GET,http://localhost:8080/work,HTTP/1.1,application_workload,,200,,,http://localhost:8080/work,,
http_req_receiving,1784713494,0.000000,,,,true,,GET,http://localhost:8080/work,HTTP/1.1,application_workload,,200,,,http://localhost:8080/work,,
http_req_failed,1784713494,0.000000,,,,true,,GET,http://localhost:8080/work,HTTP/1.1,application_workload,,200,,,http://localhost:8080/work,,
checks,1784713494,1.000000,status is 200,,,,,,,,application_workload,,,,,,,
data_sent,1784713494,74.000000,,,,,,,,,application_workload,,,,,,,
data_received,1784713494,265.000000,,,,,,,,,application_workload,,,,,,,
iteration_duration,1784713494,97.991300,,,,,,,,,application_workload,,,,,,,
iterations,1784713494,1.000000,,,,,,,,,application_workload,,,,,,,
vus,1784713495,0.000000,,,,,,,,,,,,,,,,
vus_max,1784713495,20.000000,,,,,,,,,,,,,,,,
http_reqs,1784713495,1.000000,,,,true,,GET,http://localhost:8080/work,HTTP/1.1,application_workload,,200,,,http://localhost:8080/work,,
http_req_duration,1784713495,95.661100,,,,true,,GET,http://localhost:8080/work,HTTP/1.1,application_workload,,200,,,http://localhost:8080/work,,
http_req_blocked,1784713495,2.805900,,,,true,,GET,http://localhost:8080/work,HTTP/1.1,application_workload,,200,,,http://localhost:8080/work,,
http_req_connecting,1784713495,2.805900,,,,true,,GET,http://localhost:8080/work,HTTP/1.1,application_workload,,200,,,http://localhost:8080/work,,
http_req_tls_handshaking,1784713495,0.000000,,,,true,,GET,http://localhost:8080/work,HTTP/1.1,application_workload,,200,,,http://localhost:8080/work,,
http_req_sending,1784713495,0.000000,,,,true,,GET,http://localhost:8080/work,HTTP/1.1,application_workload,,200,,,http://localhost:8080/work,,
http_req_waiting,1784713495,95.661100,,,,true,,GET,http://localhost:8080/work,HTTP/1.1,application_workload,,200,,,http://localhost:8080/work,,
http_req_receiving,1784713495,0.000000,,,,true,,GET,http://localhost:8080/work,HTTP/1.1,application_workload,,200,,,http://localhost:8080/work,,
http_req_failed,1784713495,0.000000,,,,true,,GET,http://localhost:8080/work,HTTP/1.1,application_workload,,200,,,http://localhost:8080/work,,
checks,1784713495,1.000000,status is 200,,,,,,,,application_workload,,,,,,,
data_sent,1784713495,74.000000,,,,,,,,,application_workload,,,,,,,
data_received,1784713495,269.000000,,,,,,,,,application_workload,,,,,,,
iteration_duration,1784713495,98.976100,,,,,,,,,application_workload,,,,,,,
iterations,1784713495,1.000000,,,,,,,,,application_workload,,,,,,,
vus,1784713496,0.000000,,,,,,,,,,,,,,,,
vus_max,1784713496,20.000000,,,,,,,,,,,,,,,,
http_reqs,1784713496,1.000000,,,,true,,GET,http://localhost:8080/work,HTTP/1.1,application_workload,,200,,,http://localhost:8080/work,,
http_req_duration,1784713496,95.843400,,,,true,,GET,http://localhost:8080/work,HTTP/1.1,application_workload,,200,,,http://localhost:8080/work,,
http_req_blocked,1784713496,1.048900,,,,true,,GET,http://localhost:8080/work,HTTP/1.1,application_workload,,200,,,http://localhost:8080/work,,
http_req_connecting,1784713496,1.048900,,,,true,,GET,http://localhost:8080/work,HTTP/1.1,application_workload,,200,,,http://localhost:8080/work,,
http_req_tls_handshaking,1784713496,0.000000,,,,true,,GET,http://localhost:8080/work,HTTP/1.1,application_workload,,200,,,http://localhost:8080/work,,
http_req_sending,1784713496,0.000000,,,,true,,GET,http://localhost:8080/work,HTTP/1.1,application_workload,,200,,,http://localhost:8080/work,,
http_req_waiting,1784713496,95.843400,,,,true,,GET,http://localhost:8080/work,HTTP/1.1,application_workload,,200,,,http://localhost:8080/work,,
http_req_receiving,1784713496,0.000000,,,,true,,GET,http://localhost:8080/work,HTTP/1.1,application_workload,,200,,,http://localhost:8080/work,,
http_req_failed,1784713496,0.000000,,,,true,,GET,http://localhost:8080/work,HTTP/1.1,application_workload,,200,,,http://localhost:8080/work,,
checks,1784713496,1.000000,status is 200,,,,,,,,application_workload,,,,,,,
data_sent,1784713496,74.000000,,,,,,,,,application_workload,,,,,,,
data_received,1784713496,267.000000,,,,,,,,,application_workload,,,,,,,
iteration_duration,1784713496,96.892300,,,,,,,,,application_workload,,,,,,,
iterations,1784713496,1.000000,,,,,,,,,application_workload,,,,,,,
vus,1784713497,0.000000,,,,,,,,,,,,,,,,
vus_max,1784713497,20.000000,,,,,,,,,,,,,,,,
http_reqs,1784713497,1.000000,,,,true,,GET,http://localhost:8080/work,HTTP/1.1,application_workload,,200,,,http://localhost:8080/work,,
http_req_duration,1784713497,96.142200,,,,true,,GET,http://localhost:8080/work,HTTP/1.1,application_workload,,200,,,http://localhost:8080/work,,
http_req_blocked,1784713497,0.984000,,,,true,,GET,http://localhost:8080/work,HTTP/1.1,application_workload,,200,,,http://localhost:8080/work,,
http_req_connecting,1784713497,0.984000,,,,true,,GET,http://localhost:8080/work,HTTP/1.1,application_workload,,200,,,http://localhost:8080/work,,
http_req_tls_handshaking,1784713497,0.000000,,,,true,,GET,http://localhost:8080/work,HTTP/1.1,application_workload,,200,,,http://localhost:8080/work,,
http_req_sending,1784713497,0.000000,,,,true,,GET,http://localhost:8080/work,HTTP/1.1,application_workload,,200,,,http://localhost:8080/work,,
http_req_waiting,1784713497,96.142200,,,,true,,GET,http://localhost:8080/work,HTTP/1.1,application_workload,,200,,,http://localhost:8080/work,,
http_req_receiving,1784713497,0.000000,,,,true,,GET,http://localhost:8080/work,HTTP/1.1,application_workload,,200,,,http://localhost:8080/work,,
http_req_failed,1784713497,0.000000,,,,true,,GET,http://localhost:8080/work,HTTP/1.1,application_workload,,200,,,http://localhost:8080/work,,
checks,1784713497,1.000000,status is 200,,,,,,,,application_workload,,,,,,,
data_sent,1784713497,74.000000,,,,,,,,,application_workload,,,,,,,
data_received,1784713497,269.000000,,,,,,,,,application_workload,,,,,,,
iteration_duration,1784713497,97.126200,,,,,,,,,application_workload,,,,,,,
iterations,1784713497,1.000000,,,,,,,,,application_workload,,,,,,,
vus,1784713498,0.000000,,,,,,,,,,,,,,,,
vus_max,1784713498,20.000000,,,,,,,,,,,,,,,,
http_reqs,1784713498,1.000000,,,,true,,GET,http://localhost:8080/work,HTTP/1.1,application_workload,,200,,,http://localhost:8080/work,,
http_req_duration,1784713498,152.087500,,,,true,,GET,http://localhost:8080/work,HTTP/1.1,application_workload,,200,,,http://localhost:8080/work,,
http_req_blocked,1784713498,4.518800,,,,true,,GET,http://localhost:8080/work,HTTP/1.1,application_workload,,200,,,http://localhost:8080/work,,
http_req_connecting,1784713498,4.518800,,,,true,,GET,http://localhost:8080/work,HTTP/1.1,application_workload,,200,,,http://localhost:8080/work,,
http_req_tls_handshaking,1784713498,0.000000,,,,true,,GET,http://localhost:8080/work,HTTP/1.1,application_workload,,200,,,http://localhost:8080/work,,
http_req_sending,1784713498,0.000000,,,,true,,GET,http://localhost:8080/work,HTTP/1.1,application_workload,,200,,,http://localhost:8080/work,,
http_req_waiting,1784713498,152.087500,,,,true,,GET,http://localhost:8080/work,HTTP/1.1,application_workload,,200,,,http://localhost:8080/work,,
http_req_receiving,1784713498,0.000000,,,,true,,GET,http://localhost:8080/work,HTTP/1.1,application_workload,,200,,,http://localhost:8080/work,,
http_req_failed,1784713498,0.000000,,,,true,,GET,http://localhost:8080/work,HTTP/1.1,application_workload,,200,,,http://localhost:8080/work,,
checks,1784713498,1.000000,status is 200,,,,,,,,application_workload,,,,,,,
data_sent,1784713498,74.000000,,,,,,,,,application_workload,,,,,,,
data_received,1784713498,269.000000,,,,,,,,,application_workload,,,,,,,
iteration_duration,1784713498,160.138000,,,,,,,,,application_workload,,,,,,,
iterations,1784713498,1.000000,,,,,,,,,application_workload,,,,,,,
vus,1784713499,0.000000,,,,,,,,,,,,,,,,
vus_max,1784713499,20.000000,,,,,,,,,,,,,,,,
http_reqs,1784713499,1.000000,,,,true,,GET,http://localhost:8080/work,HTTP/1.1,application_workload,,200,,,http://localhost:8080/work,,
http_req_duration,1784713499,96.411500,,,,true,,GET,http://localhost:8080/work,HTTP/1.1,application_workload,,200,,,http://localhost:8080/work,,
http_req_blocked,1784713499,0.805100,,,,true,,GET,http://localhost:8080/work,HTTP/1.1,application_workload,,200,,,http://localhost:8080/work,,
http_req_connecting,1784713499,0.805100,,,,true,,GET,http://localhost:8080/work,HTTP/1.1,application_workload,,200,,,http://localhost:8080/work,,
http_req_tls_handshaking,1784713499,0.000000,,,,true,,GET,http://localhost:8080/work,HTTP/1.1,application_workload,,200,,,http://localhost:8080/work,,
http_req_sending,1784713499,0.000000,,,,true,,GET,http://localhost:8080/work,HTTP/1.1,application_workload,,200,,,http://localhost:8080/work,,
http_req_waiting,1784713499,96.411500,,,,true,,GET,http://localhost:8080/work,HTTP/1.1,application_workload,,200,,,http://localhost:8080/work,,
http_req_receiving,1784713499,0.000000,,,,true,,GET,http://localhost:8080/work,HTTP/1.1,application_workload,,200,,,http://localhost:8080/work,,
http_req_failed,1784713499,0.000000,,,,true,,GET,http://localhost:8080/work,HTTP/1.1,application_workload,,200,,,http://localhost:8080/work,,
checks,1784713499,1.000000,status is 200,,,,,,,,application_workload,,,,,,,
data_sent,1784713499,74.000000,,,,,,,,,application_workload,,,,,,,
data_received,1784713499,267.000000,,,,,,,,,application_workload,,,,,,,
iteration_duration,1784713499,97.216600,,,,,,,,,application_workload,,,,,,,
iterations,1784713499,1.000000,,,,,,,,,application_workload,,,,,,,
vus,1784713500,0.000000,,,,,,,,,,,,,,,,
vus_max,1784713500,20.000000,,,,,,,,,,,,,,,,
http_reqs,1784713500,1.000000,,,,true,,GET,http://localhost:8080/work,HTTP/1.1,application_workload,,200,,,http://localhost:8080/work,,
http_req_duration,1784713500,89.033900,,,,true,,GET,http://localhost:8080/work,HTTP/1.1,application_workload,,200,,,http://localhost:8080/work,,
http_req_blocked,1784713500,1.428800,,,,true,,GET,http://localhost:8080/work,HTTP/1.1,application_workload,,200,,,http://localhost:8080/work,,
http_req_connecting,1784713500,1.428800,,,,true,,GET,http://localhost:8080/work,HTTP/1.1,application_workload,,200,,,http://localhost:8080/work,,
http_req_tls_handshaking,1784713500,0.000000,,,,true,,GET,http://localhost:8080/work,HTTP/1.1,application_workload,,200,,,http://localhost:8080/work,,
http_req_sending,1784713500,0.000000,,,,true,,GET,http://localhost:8080/work,HTTP/1.1,application_workload,,200,,,http://localhost:8080/work,,
http_req_waiting,1784713500,89.033900,,,,true,,GET,http://localhost:8080/work,HTTP/1.1,application_workload,,200,,,http://localhost:8080/work,,
http_req_receiving,1784713500,0.000000,,,,true,,GET,http://localhost:8080/work,HTTP/1.1,application_workload,,200,,,http://localhost:8080/work,,
http_req_failed,1784713500,0.000000,,,,true,,GET,http://localhost:8080/work,HTTP/1.1,application_workload,,200,,,http://localhost:8080/work,,
checks,1784713500,1.000000,status is 200,,,,,,,,application_workload,,,,,,,
data_sent,1784713500,74.000000,,,,,,,,,application_workload,,,,,,,
data_received,1784713500,268.000000,,,,,,,,,application_workload,,,,,,,
iteration_duration,1784713500,91.470500,,,,,,,,,application_workload,,,,,,,
iterations,1784713500,1.000000,,,,,,,,,application_workload,,,,,,,
vus,1784713501,0.000000,,,,,,,,,,,,,,,,
vus_max,1784713501,20.000000,,,,,,,,,,,,,,,,
